t_base,kappa
10/01/2021 00:00:00,NaN
10/01/2021 01:00:00,NaN
10/01/2021 02:00:00,NaN
10/01/2021 03:00:00,NaN
10/01/2021 04:00:00,NaN
10/01/2021 05:00:00,NaN
10/01/2021 06:00:00,NaN
10/01/2021 07:00:00,NaN
10/01/2021 08:00:00,NaN
10/01/2021 09:00:00,NaN
10/01/2021 10:00:00,NaN
10/01/2021 11:00:00,NaN
10/01/2021 12:00:00,NaN
10/01/2021 13:00:00,NaN
10/01/2021 14:00:00,NaN
10/01/2021 15:00:00,NaN
10/01/2021 16:00:00,NaN
10/01/2021 17:00:00,NaN
10/01/2021 18:00:00,NaN
10/01/2021 19:00:00,NaN
10/01/2021 20:00:00,NaN
10/01/2021 21:00:00,NaN
10/01/2021 22:00:00,NaN
10/01/2021 23:00:00,NaN
10/02/2021 00:00:00,NaN
10/02/2021 01:00:00,NaN
10/02/2021 02:00:00,NaN
10/02/2021 03:00:00,NaN
10/02/2021 04:00:00,NaN
10/02/2021 05:00:00,NaN
10/02/2021 06:00:00,NaN
10/02/2021 07:00:00,NaN
10/02/2021 08:00:00,NaN
10/02/2021 09:00:00,NaN
10/02/2021 10:00:00,NaN
10/02/2021 11:00:00,NaN
10/02/2021 12:00:00,NaN
10/02/2021 13:00:00,NaN
10/02/2021 14:00:00,NaN
10/02/2021 15:00:00,NaN
10/02/2021 16:00:00,NaN
10/02/2021 17:00:00,NaN
10/02/2021 18:00:00,NaN
10/02/2021 19:00:00,NaN
10/02/2021 20:00:00,NaN
10/02/2021 21:00:00,NaN
10/02/2021 22:00:00,NaN
10/02/2021 23:00:00,NaN
10/03/2021 00:00:00,NaN
10/03/2021 01:00:00,NaN
10/03/2021 02:00:00,NaN
10/03/2021 03:00:00,NaN
10/03/2021 04:00:00,NaN
10/03/2021 05:00:00,NaN
10/03/2021 06:00:00,NaN
10/03/2021 07:00:00,NaN
10/03/2021 08:00:00,NaN
10/03/2021 09:00:00,NaN
10/03/2021 10:00:00,NaN
10/03/2021 11:00:00,NaN
10/03/2021 12:00:00,NaN
10/03/2021 13:00:00,NaN
10/03/2021 14:00:00,NaN
10/03/2021 15:00:00,NaN
10/03/2021 16:00:00,NaN
10/03/2021 17:00:00,NaN
10/03/2021 18:00:00,NaN
10/03/2021 19:00:00,NaN
10/03/2021 20:00:00,NaN
10/03/2021 21:00:00,NaN
10/03/2021 22:00:00,NaN
10/03/2021 23:00:00,NaN
10/04/2021 00:00:00,NaN
10/04/2021 01:00:00,NaN
10/04/2021 02:00:00,NaN
10/04/2021 03:00:00,NaN
10/04/2021 04:00:00,NaN
10/04/2021 05:00:00,NaN
10/04/2021 06:00:00,NaN
10/04/2021 07:00:00,NaN
10/04/2021 08:00:00,NaN
10/04/2021 09:00:00,NaN
10/04/2021 10:00:00,NaN
10/04/2021 11:00:00,NaN
10/04/2021 12:00:00,NaN
10/04/2021 13:00:00,NaN
10/04/2021 14:00:00,NaN
10/04/2021 15:00:00,NaN
10/04/2021 16:00:00,NaN
10/04/2021 17:00:00,NaN
10/04/2021 18:00:00,NaN
10/04/2021 19:00:00,NaN
10/04/2021 20:00:00,NaN
10/04/2021 21:00:00,NaN
10/04/2021 22:00:00,NaN
10/04/2021 23:00:00,NaN
10/05/2021 00:00:00,0.214505226382461
10/05/2021 01:00:00,0.197438247875779
10/05/2021 02:00:00,0.192113088866011
10/05/2021 03:00:00,0.204542452839834
10/05/2021 04:00:00,0.200059057208737
10/05/2021 05:00:00,0.222783818058211
10/05/2021 06:00:00,0.210821307461428
10/05/2021 07:00:00,0.210304292090667
10/05/2021 08:00:00,0.22173000842665
10/05/2021 09:00:00,0.220078264251286
10/05/2021 10:00:00,0.217665091705931
10/05/2021 11:00:00,0.225595595271572
10/05/2021 12:00:00,0.206704633596928
10/05/2021 13:00:00,0.207844395933002
10/05/2021 14:00:00,0.228947046073492
10/05/2021 15:00:00,0.245732445203796
10/05/2021 16:00:00,0.222818978606816
10/05/2021 17:00:00,0.224880813859621
10/05/2021 18:00:00,0.236130286047812
10/05/2021 19:00:00,0.258084130056589
10/05/2021 20:00:00,0.267060225285927
10/05/2021 21:00:00,0.239915947636939
10/05/2021 22:00:00,0.240599641051532
10/05/2021 23:00:00,0.223267105356087
10/06/2021 00:00:00,0.202354008691657
10/06/2021 01:00:00,0.203052176222759
10/06/2021 02:00:00,0.21455306132242
10/06/2021 03:00:00,0.185516637319784
10/06/2021 04:00:00,0.194422161617513
10/06/2021 05:00:00,0.217307796895653
10/06/2021 06:00:00,0.230228486502123
10/06/2021 07:00:00,0.217085779329735
10/06/2021 08:00:00,0.226120148538386
10/06/2021 09:00:00,0.232566220050079
10/06/2021 10:00:00,0.232143107252238
10/06/2021 11:00:00,0.211759121598465
10/06/2021 12:00:00,0.19344218305758
10/06/2021 13:00:00,0.195809286414373
10/06/2021 14:00:00,0.194224235904582
10/06/2021 15:00:00,0.224348728146995
10/06/2021 16:00:00,0.226036409621098
10/06/2021 17:00:00,0.213510651834035
10/06/2021 18:00:00,0.293444367811359
10/06/2021 19:00:00,0.252223695098958
10/06/2021 20:00:00,0.259147317370839
10/06/2021 21:00:00,0.240590041946229
10/06/2021 22:00:00,0.221583390200692
10/06/2021 23:00:00,0.228142042436313
10/07/2021 00:00:00,0.211786525879435
10/07/2021 01:00:00,0.198386090413616
10/07/2021 02:00:00,0.210095245661422
10/07/2021 03:00:00,0.207016093431067
10/07/2021 04:00:00,0.21486567526658
10/07/2021 05:00:00,0.222077248028297
10/07/2021 06:00:00,0.24375452090653
10/07/2021 07:00:00,0.261877451669733
10/07/2021 08:00:00,0.267284183915404
10/07/2021 09:00:00,0.268241063863675
10/07/2021 10:00:00,0.275892946015195
10/07/2021 11:00:00,0.262073850120626
10/07/2021 12:00:00,0.256539879428093
10/07/2021 13:00:00,0.232743546831432
10/07/2021 14:00:00,0.245068300646144
10/07/2021 15:00:00,0.26751930347528
10/07/2021 16:00:00,0.264557465308655
10/07/2021 17:00:00,0.286860539668792
10/07/2021 18:00:00,0.302018424062921
10/07/2021 19:00:00,0.272310063620032
10/07/2021 20:00:00,0.280815603999987
10/07/2021 21:00:00,0.275115845440307
10/07/2021 22:00:00,0.274715242990899
10/07/2021 23:00:00,0.268479922271908
10/08/2021 00:00:00,0.263000508608147
10/08/2021 01:00:00,0.25647014397249
10/08/2021 02:00:00,0.282597194331181
10/08/2021 03:00:00,0.260990888080384
10/08/2021 04:00:00,0.253499643439319
10/08/2021 05:00:00,0.266834259155455
10/08/2021 06:00:00,0.301939863757474
10/08/2021 07:00:00,0.30274861082904
10/08/2021 08:00:00,0.285037891681168
10/08/2021 09:00:00,0.259817507316134
10/08/2021 10:00:00,0.263122287453293
10/08/2021 11:00:00,0.263825930669616
10/08/2021 12:00:00,0.268145550262171
10/08/2021 13:00:00,0.266198925760352
10/08/2021 14:00:00,0.262262032930195
10/08/2021 15:00:00,0.25928811005866
10/08/2021 16:00:00,0.280754450150181
10/08/2021 17:00:00,0.289238778523615
10/08/2021 18:00:00,0.31342385369653
10/08/2021 19:00:00,0.370480721829023
10/08/2021 20:00:00,0.368562969155338
10/08/2021 21:00:00,0.374453456912372
10/08/2021 22:00:00,0.351404868090224
10/08/2021 23:00:00,0.336549291711668
10/09/2021 00:00:00,0.316361207013648
10/09/2021 01:00:00,0.300864629009493
10/09/2021 02:00:00,0.38812500822129
10/09/2021 03:00:00,0.282059073537561
10/09/2021 04:00:00,0.292883598818983
10/09/2021 05:00:00,0.294749013307309
10/09/2021 06:00:00,0.317237202790179
10/09/2021 07:00:00,0.288583732893818
10/09/2021 08:00:00,0.300573735431932
10/09/2021 09:00:00,0.35363583662012
10/09/2021 10:00:00,NaN
10/09/2021 11:00:00,NaN
10/09/2021 12:00:00,NaN
10/09/2021 13:00:00,0.309456580710844
10/09/2021 14:00:00,0.262065203119956
10/09/2021 15:00:00,0.343198832055078
10/09/2021 16:00:00,0.38126924428631
10/09/2021 17:00:00,0.356160483619616
10/09/2021 18:00:00,0.358701172593444
10/09/2021 19:00:00,0.34595991319804
10/09/2021 20:00:00,0.38021816517226
10/09/2021 21:00:00,0.418033532734219
10/09/2021 22:00:00,0.375832594602014
10/09/2021 23:00:00,0.394270767640919
10/10/2021 00:00:00,0.359729767342975
10/10/2021 01:00:00,0.348797503911436
10/10/2021 02:00:00,0.323667707119279
10/10/2021 03:00:00,0.354244377893884
10/10/2021 04:00:00,0.339085178706566
10/10/2021 05:00:00,0.325774031091229
10/10/2021 06:00:00,0.354305316950823
10/10/2021 07:00:00,0.350091722593264
10/10/2021 08:00:00,0.382785915553143
10/10/2021 09:00:00,0.389952899664375
10/10/2021 10:00:00,0.3699153833724
10/10/2021 11:00:00,0.328424268904406
10/10/2021 12:00:00,0.355933766626059
10/10/2021 13:00:00,0.313107716132912
10/10/2021 14:00:00,0.320437048235907
10/10/2021 15:00:00,0.325011988497394
10/10/2021 16:00:00,0.351369642661486
10/10/2021 17:00:00,0.45258141828518
10/10/2021 18:00:00,0.32853567899751
10/10/2021 19:00:00,0.326151474697302
10/10/2021 20:00:00,0.440077655621334
10/10/2021 21:00:00,0.399966111764057
10/10/2021 22:00:00,0.196800225929751
10/10/2021 23:00:00,0.296411046896795
10/11/2021 00:00:00,0.306564587106787
10/11/2021 01:00:00,0.406002492057603
10/11/2021 02:00:00,NaN
10/11/2021 03:00:00,NaN
10/11/2021 04:00:00,NaN
10/11/2021 05:00:00,NaN
10/11/2021 06:00:00,NaN
10/11/2021 07:00:00,NaN
10/11/2021 08:00:00,NaN
10/11/2021 09:00:00,NaN
10/11/2021 10:00:00,NaN
10/11/2021 11:00:00,NaN
10/11/2021 12:00:00,0.21395881127788
10/11/2021 13:00:00,0.232376133762521
10/11/2021 14:00:00,0.243264031085735
10/11/2021 15:00:00,0.254928212025945
10/11/2021 16:00:00,0.231875684709112
10/11/2021 17:00:00,0.326753944307456
10/11/2021 18:00:00,0.273891379343162
10/11/2021 19:00:00,0.289653222423227
10/11/2021 20:00:00,0.256676306834522
10/11/2021 21:00:00,0.243531769147763
10/11/2021 22:00:00,0.242251222956341
10/11/2021 23:00:00,0.228602723860367
10/12/2021 00:00:00,0.21504816728737
10/12/2021 01:00:00,0.198327818849109
10/12/2021 02:00:00,0.229855755861798
10/12/2021 03:00:00,0.243520502605612
10/12/2021 04:00:00,0.231621687640741
10/12/2021 05:00:00,0.225307624283078
10/12/2021 06:00:00,0.272551668458194
10/12/2021 07:00:00,0.251656429420402
10/12/2021 08:00:00,0.237355996690464
10/12/2021 09:00:00,0.362751663644543
10/12/2021 10:00:00,1.57625453520974
10/12/2021 11:00:00,0.366562277802874
10/12/2021 12:00:00,0.699931887536404
10/12/2021 13:00:00,0.333582954019362
10/12/2021 14:00:00,0.556707767386841
10/12/2021 15:00:00,0.360724169535198
10/12/2021 16:00:00,0.237420586695312
10/12/2021 17:00:00,0.247551137643454
10/12/2021 18:00:00,0.462871175258063
10/12/2021 19:00:00,0.422771837531866
10/12/2021 20:00:00,0.282976144907308
10/12/2021 21:00:00,0.315486559576235
10/12/2021 22:00:00,0.312572473494044
10/12/2021 23:00:00,0.332698474661749
10/13/2021 00:00:00,0.275191376350228
10/13/2021 01:00:00,0.338615669483597
10/13/2021 02:00:00,0.185635780694483
10/13/2021 03:00:00,0.320499410287809
10/13/2021 04:00:00,0.387599399229816
10/13/2021 05:00:00,0.439623282784839
10/13/2021 06:00:00,0.227775775099819
10/13/2021 07:00:00,0.307609635895884
10/13/2021 08:00:00,0.343160294383987
10/13/2021 09:00:00,0.258136486820693
10/13/2021 10:00:00,0.260153752071449
10/13/2021 11:00:00,0.256785910164649
10/13/2021 12:00:00,0.31129239991692
10/13/2021 13:00:00,0.223784036194156
10/13/2021 14:00:00,0.275664503297833
10/13/2021 15:00:00,0.40311105368405
10/13/2021 16:00:00,0.348710157680635
10/13/2021 17:00:00,0.398073590776617
10/13/2021 18:00:00,0.413877885486386
10/13/2021 19:00:00,0.395690621622424
10/13/2021 20:00:00,0.382716686450805
10/13/2021 21:00:00,0.400539896590338
10/13/2021 22:00:00,0.501217162915892
10/13/2021 23:00:00,0.43170092106587
10/14/2021 00:00:00,0.367524334943315
10/14/2021 01:00:00,0.382884597903826
10/14/2021 02:00:00,0.347108167194889
10/14/2021 03:00:00,0.269006443313499
10/14/2021 04:00:00,0.313561591176613
10/14/2021 05:00:00,0.29657409993511
10/14/2021 06:00:00,0.377540469421454
10/14/2021 07:00:00,0.29041478380606
10/14/2021 08:00:00,0.354129678958084
10/14/2021 09:00:00,0.346885963406337
10/14/2021 10:00:00,0.29453697952987
10/14/2021 11:00:00,0.305027902419004
10/14/2021 12:00:00,0.30482620558656
10/14/2021 13:00:00,0.178738663359485
10/14/2021 14:00:00,0.223766743207486
10/14/2021 15:00:00,0.304340290435204
10/14/2021 16:00:00,0.374951412453049
10/14/2021 17:00:00,0.253989088026958
10/14/2021 18:00:00,0.179938559985811
10/14/2021 19:00:00,0.19830518948774
10/14/2021 20:00:00,0.258403992359644
10/14/2021 21:00:00,0.31991184261808
10/14/2021 22:00:00,0.329267751622885
10/14/2021 23:00:00,0.40355186345601
10/15/2021 00:00:00,0.269640362420771
10/15/2021 01:00:00,0.2254467115864
10/15/2021 02:00:00,0.25960188028191
10/15/2021 03:00:00,0.281435704057776
10/15/2021 04:00:00,0.234093959888698
10/15/2021 05:00:00,0.21870300059906
10/15/2021 06:00:00,0.243095389924256
10/15/2021 07:00:00,0.171936140555002
10/15/2021 08:00:00,0.254238661648343
10/15/2021 09:00:00,0.201937367521647
10/15/2021 10:00:00,0.411248122443333
10/15/2021 11:00:00,0.215945210213867
10/15/2021 12:00:00,0.164393477984871
10/15/2021 13:00:00,0.214506420986308
10/15/2021 14:00:00,0.186514959741234
10/15/2021 15:00:00,0.358306472843005
10/15/2021 16:00:00,0.351551797401708
10/15/2021 17:00:00,0.431776719091113
10/15/2021 18:00:00,0.472442351364024
10/15/2021 19:00:00,0.470031483065445
10/15/2021 20:00:00,0.447063527306883
10/15/2021 21:00:00,0.369585688463818
10/15/2021 22:00:00,0.357443727635929
10/15/2021 23:00:00,0.395672424751527
10/16/2021 00:00:00,0.34328441935246
10/16/2021 01:00:00,0.261530248906526
10/16/2021 02:00:00,0.198389028321158
10/16/2021 03:00:00,0.217723214258923
10/16/2021 04:00:00,0.244202239395582
10/16/2021 05:00:00,0.254599344299708
10/16/2021 06:00:00,0.237024816326266
10/16/2021 07:00:00,0.220813443368885
10/16/2021 08:00:00,0.250815193820076
10/16/2021 09:00:00,0.223494211639647
10/16/2021 10:00:00,0.247187958843207
10/16/2021 11:00:00,0.221816044567592
10/16/2021 12:00:00,0.238478294912661
10/16/2021 13:00:00,0.225710232653317
10/16/2021 14:00:00,0.228904808531941
10/16/2021 15:00:00,0.313984990039265
10/16/2021 16:00:00,0.292306537413522
10/16/2021 17:00:00,0.221083045451491
10/16/2021 18:00:00,0.220628966444061
10/16/2021 19:00:00,0.226067261254339
10/16/2021 20:00:00,0.194763857463856
10/16/2021 21:00:00,0.191334725775609
10/16/2021 22:00:00,0.205431310787595
10/16/2021 23:00:00,0.188307190043679
10/17/2021 00:00:00,0.190602784007743
10/17/2021 01:00:00,0.216544324820998
10/17/2021 02:00:00,0.204487576349674
10/17/2021 03:00:00,0.197790358844548
10/17/2021 04:00:00,0.185996075940555
10/17/2021 05:00:00,0.186034959097695
10/17/2021 06:00:00,0.198392967244777
10/17/2021 07:00:00,0.203678914923231
10/17/2021 08:00:00,0.218484849673625
10/17/2021 09:00:00,0.237234058171957
10/17/2021 10:00:00,0.228175793152826
10/17/2021 11:00:00,0.23540382134195
10/17/2021 12:00:00,0.230743240540148
10/17/2021 13:00:00,0.221897253922538
10/17/2021 14:00:00,0.218972056338041
10/17/2021 15:00:00,0.203628207674306
10/17/2021 16:00:00,0.223330309697073
10/17/2021 17:00:00,0.206818032918488
10/17/2021 18:00:00,0.255652561088673
10/17/2021 19:00:00,0.246477683243815
10/17/2021 20:00:00,0.26781296317175
10/17/2021 21:00:00,0.285891485308297
10/17/2021 22:00:00,0.252299951526458
10/17/2021 23:00:00,0.226703454183155
10/18/2021 00:00:00,0.226270781723759
10/18/2021 01:00:00,NaN
10/18/2021 02:00:00,NaN
10/18/2021 03:00:00,NaN
10/18/2021 04:00:00,NaN
10/18/2021 05:00:00,NaN
10/18/2021 06:00:00,NaN
10/18/2021 07:00:00,NaN
10/18/2021 08:00:00,NaN
10/18/2021 09:00:00,NaN
10/18/2021 10:00:00,NaN
10/18/2021 11:00:00,NaN
10/18/2021 12:00:00,0.265934033636593
10/18/2021 13:00:00,0.239240580714868
10/18/2021 14:00:00,0.190968789661764
10/18/2021 15:00:00,0.24640100713285
10/18/2021 16:00:00,0.218036349746713
10/18/2021 17:00:00,0.23424327999455
10/18/2021 18:00:00,0.219951637589544
10/18/2021 19:00:00,0.228470189449853
10/18/2021 20:00:00,0.197618896691932
10/18/2021 21:00:00,0.228191467822307
10/18/2021 22:00:00,0.19402717805672
10/18/2021 23:00:00,0.225144908137469
10/19/2021 00:00:00,0.209711647098436
10/19/2021 01:00:00,0.22692637676083
10/19/2021 02:00:00,0.248755174749267
10/19/2021 03:00:00,0.229799772455476
10/19/2021 04:00:00,0.224643760664571
10/19/2021 05:00:00,0.236467172221888
10/19/2021 06:00:00,0.218510296713626
10/19/2021 07:00:00,0.229843867406878
10/19/2021 08:00:00,0.244279677117691
10/19/2021 09:00:00,0.235863500765396
10/19/2021 10:00:00,0.231929891659583
10/19/2021 11:00:00,0.188645999041616
10/19/2021 12:00:00,0.212324585286688
10/19/2021 13:00:00,0.173186375378435
10/19/2021 14:00:00,0.218495402744668
10/19/2021 15:00:00,0.241580686832299
10/19/2021 16:00:00,0.266734388309846
10/19/2021 17:00:00,0.307445566823646
10/19/2021 18:00:00,0.296538574565478
10/19/2021 19:00:00,0.325444168593763
10/19/2021 20:00:00,0.295563651655354
10/19/2021 21:00:00,0.299906792744469
10/19/2021 22:00:00,0.292332791467928
10/19/2021 23:00:00,0.311992310315717
10/20/2021 00:00:00,0.318926177094476
10/20/2021 01:00:00,0.286091710793651
10/20/2021 02:00:00,0.284303803046812
10/20/2021 03:00:00,0.310495702225633
10/20/2021 04:00:00,0.308502738526557
10/20/2021 05:00:00,0.30383102721414
10/20/2021 06:00:00,0.304976641331768
10/20/2021 07:00:00,0.263905595815445
10/20/2021 08:00:00,0.29620130507041
10/20/2021 09:00:00,0.284364959985459
10/20/2021 10:00:00,0.296382919073373
10/20/2021 11:00:00,0.33536734633761
10/20/2021 12:00:00,0.345398640632027
10/20/2021 13:00:00,0.314568014644746
10/20/2021 14:00:00,0.283437947235821
10/20/2021 15:00:00,0.302739291568438
10/20/2021 16:00:00,0.32753235360713
10/20/2021 17:00:00,0.288095538532149
10/20/2021 18:00:00,0.308510248965355
10/20/2021 19:00:00,0.341246287171056
10/20/2021 20:00:00,0.342501055410048
10/20/2021 21:00:00,0.341567053295342
10/20/2021 22:00:00,0.325473727828399
10/20/2021 23:00:00,0.307231204520132
10/21/2021 00:00:00,0.294760015572358
10/21/2021 01:00:00,0.338472805197732
10/21/2021 02:00:00,0.368045379965526
10/21/2021 03:00:00,0.380073648307925
10/21/2021 04:00:00,0.385089805032268
10/21/2021 05:00:00,0.373436569354507
10/21/2021 06:00:00,0.377976957615037
10/21/2021 07:00:00,0.363694508082472
10/21/2021 08:00:00,0.33044260753422
10/21/2021 09:00:00,0.307953924750035
10/21/2021 10:00:00,0.286699603083659
10/21/2021 11:00:00,0.301307197710536
10/21/2021 12:00:00,0.373246578773985
10/21/2021 13:00:00,0.39978014542339
10/21/2021 14:00:00,0.384030684693604
10/21/2021 15:00:00,0.404191879888685
10/21/2021 16:00:00,0.434913768904069
10/21/2021 17:00:00,0.392772835932588
10/21/2021 18:00:00,0.41482660010558
10/21/2021 19:00:00,0.400970429855771
10/21/2021 20:00:00,0.391300893885056
10/21/2021 21:00:00,0.36914017886254
10/21/2021 22:00:00,0.335789942810056
10/21/2021 23:00:00,0.276020806491126
10/22/2021 00:00:00,0.239988808798501
10/22/2021 01:00:00,0.303321516543973
10/22/2021 02:00:00,0.367872018647838
10/22/2021 03:00:00,0.299796837211368
10/22/2021 04:00:00,0.32194643314306
10/22/2021 05:00:00,0.285291159646427
10/22/2021 06:00:00,0.308767234286406
10/22/2021 07:00:00,0.357870409123374
10/22/2021 08:00:00,0.329389392224322
10/22/2021 09:00:00,0.291980086572206
10/22/2021 10:00:00,0.345107118537453
10/22/2021 11:00:00,0.38972996440152
10/22/2021 12:00:00,0.316796220590096
10/22/2021 13:00:00,0.320539091513082
10/22/2021 14:00:00,0.312338234096552
10/22/2021 15:00:00,0.308839469191294
10/22/2021 16:00:00,0.346300403814905
10/22/2021 17:00:00,0.365637257651848
10/22/2021 18:00:00,0.365758511845913
10/22/2021 19:00:00,0.363619452553702
10/22/2021 20:00:00,0.367785727572341
10/22/2021 21:00:00,0.399215464855822
10/22/2021 22:00:00,0.356220066595959
10/22/2021 23:00:00,0.36364049160323
10/23/2021 00:00:00,0.391814801634187
10/23/2021 01:00:00,0.37502663478063
10/23/2021 02:00:00,0.372744361523304
10/23/2021 03:00:00,0.437659071099341
10/23/2021 04:00:00,0.495252619970313
10/23/2021 05:00:00,0.452301914105924
10/23/2021 06:00:00,0.448582087023975
10/23/2021 07:00:00,0.381264477184777
10/23/2021 08:00:00,0.378803760829756
10/23/2021 09:00:00,0.413785677820121
10/23/2021 10:00:00,0.390783813299212
10/23/2021 11:00:00,0.306391105959198
10/23/2021 12:00:00,0.22012706214658
10/23/2021 13:00:00,0.235600613547625
10/23/2021 14:00:00,0.304591535721562
10/23/2021 15:00:00,0.318854386763671
10/23/2021 16:00:00,0.373313934758934
10/23/2021 17:00:00,0.38769723869371
10/23/2021 18:00:00,0.370434577100315
10/23/2021 19:00:00,0.353902631051413
10/23/2021 20:00:00,0.359851454281561
10/23/2021 21:00:00,0.405619462949823
10/23/2021 22:00:00,0.425818321124204
10/23/2021 23:00:00,0.348586847375356
10/24/2021 00:00:00,0.179692801706507
10/24/2021 01:00:00,0.254793843583971
10/24/2021 02:00:00,NaN
10/24/2021 03:00:00,NaN
10/24/2021 04:00:00,NaN
10/24/2021 05:00:00,NaN
10/24/2021 06:00:00,NaN
10/24/2021 07:00:00,NaN
10/24/2021 08:00:00,NaN
10/24/2021 09:00:00,NaN
10/24/2021 10:00:00,NaN
10/24/2021 11:00:00,NaN
10/24/2021 12:00:00,0.289303719996566
10/24/2021 13:00:00,0.377936417397214
10/24/2021 14:00:00,0.342730795784331
10/24/2021 15:00:00,0.251483095736525
10/24/2021 16:00:00,0.344171555316626
10/24/2021 17:00:00,0.29628717003866
10/24/2021 18:00:00,0.239755032909364
10/24/2021 19:00:00,0.289655717153949
10/24/2021 20:00:00,0.300054904297721
10/24/2021 21:00:00,0.322143260972004
10/24/2021 22:00:00,0.227261173034109
10/24/2021 23:00:00,0.18601395858375
10/25/2021 00:00:00,0.283095355212858
10/25/2021 01:00:00,0.32752507892975
10/25/2021 02:00:00,0.30286167909396
10/25/2021 03:00:00,0.252515723532166
10/25/2021 04:00:00,0.221587897014055
10/25/2021 05:00:00,0.257965646753435
10/25/2021 06:00:00,0.329109945059306
10/25/2021 07:00:00,0.303358522098023
10/25/2021 08:00:00,0.276751722731607
10/25/2021 09:00:00,0.34850703228811
10/25/2021 10:00:00,0.329421308188004
10/25/2021 11:00:00,0.323145763449397
10/25/2021 12:00:00,0.222649745721458
10/25/2021 13:00:00,0.24303489888122
10/25/2021 14:00:00,0.298242081729032
10/25/2021 15:00:00,0.404089466143735
10/25/2021 16:00:00,0.444142702870222
10/25/2021 17:00:00,NaN
10/25/2021 18:00:00,NaN
10/25/2021 19:00:00,0.449757143301838
10/25/2021 20:00:00,0.430332460951222
10/25/2021 21:00:00,0.349003743752158
10/25/2021 22:00:00,0.380471764859089
10/25/2021 23:00:00,0.362667190978407
10/26/2021 00:00:00,0.279652072452596
10/26/2021 01:00:00,0.313760182018601
10/26/2021 02:00:00,0.303027812790478
10/26/2021 03:00:00,0.326851520979175
10/26/2021 04:00:00,0.392410146904982
10/26/2021 05:00:00,0.378760693373146
10/26/2021 06:00:00,0.374235365740185
10/26/2021 07:00:00,0.355624926852718
10/26/2021 08:00:00,0.277410744977262
10/26/2021 09:00:00,0.27952958050569
10/26/2021 10:00:00,0.32317491159748
10/26/2021 11:00:00,0.343339033500026
10/26/2021 12:00:00,0.298441748131727
10/26/2021 13:00:00,0.234104531203029
10/26/2021 14:00:00,0.254487964574768
10/26/2021 15:00:00,0.293569993730165
10/26/2021 16:00:00,0.37431857450594
10/26/2021 17:00:00,0.347219171747588
10/26/2021 18:00:00,0.356647276136497
10/26/2021 19:00:00,0.405307669795908
10/26/2021 20:00:00,0.34118249407264
10/26/2021 21:00:00,0.416109394704482
10/26/2021 22:00:00,0.349321041067513
10/26/2021 23:00:00,0.351449861314815
10/27/2021 00:00:00,0.36130424089213
10/27/2021 01:00:00,0.424340592537215
10/27/2021 02:00:00,0.357546125640286
10/27/2021 03:00:00,0.433798324096767
10/27/2021 04:00:00,0.404736335933357
10/27/2021 05:00:00,0.482899975122666
10/27/2021 06:00:00,0.458255502976258
10/27/2021 07:00:00,0.387139614538755
10/27/2021 08:00:00,0.45518042735179
10/27/2021 09:00:00,0.452497919861864
10/27/2021 10:00:00,0.470493100129727
10/27/2021 11:00:00,0.641992891843644
10/27/2021 12:00:00,0.560331841431201
10/27/2021 13:00:00,0.554220796630415
10/27/2021 14:00:00,0.397515109382712
10/27/2021 15:00:00,0.307867050153214
10/27/2021 16:00:00,0.295909023749477
10/27/2021 17:00:00,0.247399696949518
10/27/2021 18:00:00,0.210656694246803
10/27/2021 19:00:00,0.226166573773255
10/27/2021 20:00:00,0.242372164259054
10/27/2021 21:00:00,0.230651107805304
10/27/2021 22:00:00,0.217670986231376
10/27/2021 23:00:00,0.168789773539001
10/28/2021 00:00:00,0.176439131254024
10/28/2021 01:00:00,0.172332014952384
10/28/2021 02:00:00,0.201554456990407
10/28/2021 03:00:00,0.17671680253939
10/28/2021 04:00:00,0.199519717274948
10/28/2021 05:00:00,0.197567614029831
10/28/2021 06:00:00,0.176944499308307
10/28/2021 07:00:00,0.195699360991777
10/28/2021 08:00:00,0.216469349888019
10/28/2021 09:00:00,0.184609244991272
10/28/2021 10:00:00,0.19032757007185
10/28/2021 11:00:00,0.213549613810676
10/28/2021 12:00:00,0.153283548691388
10/28/2021 13:00:00,0.17465529048998
10/28/2021 14:00:00,0.178447476545604
10/28/2021 15:00:00,0.303665849038989
10/28/2021 16:00:00,0.175474503618103
10/28/2021 17:00:00,0.162215731722514
10/28/2021 18:00:00,0.190111321295365
10/28/2021 19:00:00,0.21359755376531
10/28/2021 20:00:00,0.241897891591092
10/28/2021 21:00:00,0.231994999894476
10/28/2021 22:00:00,0.189933625906712
10/28/2021 23:00:00,0.201266385262585
10/29/2021 00:00:00,0.239224523952694
10/29/2021 01:00:00,0.259051540413355
10/29/2021 02:00:00,0.24176121629023
10/29/2021 03:00:00,0.230465571105512
10/29/2021 04:00:00,0.204340677891252
10/29/2021 05:00:00,0.202400380462985
10/29/2021 06:00:00,0.214012223132843
10/29/2021 07:00:00,0.203929744923843
10/29/2021 08:00:00,0.169336112285758
10/29/2021 09:00:00,0.209406400058115
10/29/2021 10:00:00,0.171081144019349
10/29/2021 11:00:00,0.198529340534401
10/29/2021 12:00:00,0.187634666498045
10/29/2021 13:00:00,0.224425515079973
10/29/2021 14:00:00,0.188091357470806
10/29/2021 15:00:00,0.236012091182797
10/29/2021 16:00:00,0.205451438547807
10/29/2021 17:00:00,0.182931646336069
10/29/2021 18:00:00,0.274964163904874
10/29/2021 19:00:00,0.167557981259428
10/29/2021 20:00:00,0.18570827579713
10/29/2021 21:00:00,0.242638116686738
10/29/2021 22:00:00,0.242113022988081
10/29/2021 23:00:00,0.255028071137024
10/30/2021 00:00:00,0.170356044212735
10/30/2021 01:00:00,0.194167704359153
10/30/2021 02:00:00,0.181769173926806
10/30/2021 03:00:00,0.245170921957101
10/30/2021 04:00:00,0.240477970996881
10/30/2021 05:00:00,0.235393010233556
10/30/2021 06:00:00,0.207517839671815
10/30/2021 07:00:00,0.190106693757549
10/30/2021 08:00:00,0.212598201699131
10/30/2021 09:00:00,0.195461307888357
10/30/2021 10:00:00,0.225194842778635
10/30/2021 11:00:00,0.21980592518253
10/30/2021 12:00:00,0.209408963822664
10/30/2021 13:00:00,0.211950182608227
10/30/2021 14:00:00,0.249082235474966
10/30/2021 15:00:00,0.234228192931002
10/30/2021 16:00:00,0.209219762260679
10/30/2021 17:00:00,0.19479580713392
10/30/2021 18:00:00,0.212219061357211
10/30/2021 19:00:00,0.222076386106291
10/30/2021 20:00:00,0.188455515977458
10/30/2021 21:00:00,0.228666300792217
10/30/2021 22:00:00,0.212112562189929
10/30/2021 23:00:00,0.194952958750383
10/31/2021 00:00:00,0.175726951216077
10/31/2021 01:00:00,0.176416889008659
10/31/2021 02:00:00,0.168614531198154
10/31/2021 03:00:00,0.168053377779462
10/31/2021 04:00:00,0.179584734002314
10/31/2021 05:00:00,0.196552294980048
10/31/2021 06:00:00,0.19587836271069
10/31/2021 07:00:00,0.20681034652373
10/31/2021 08:00:00,0.242108478445089
10/31/2021 09:00:00,0.208704341812505
10/31/2021 10:00:00,0.202533231705138
10/31/2021 11:00:00,0.210445113221915
10/31/2021 12:00:00,0.231861088568898
10/31/2021 13:00:00,0.239604599771827
10/31/2021 14:00:00,0.188123244659221
10/31/2021 15:00:00,0.172697480219212
10/31/2021 16:00:00,0.210463737118852
10/31/2021 17:00:00,0.230285378074483
10/31/2021 18:00:00,0.180872534890032
10/31/2021 19:00:00,0.155335320500389
10/31/2021 20:00:00,0.199878491788885
10/31/2021 21:00:00,0.309641732168162
10/31/2021 22:00:00,0.310208891000476
10/31/2021 23:00:00,0.324903517418238
11/01/2021 00:00:00,0.195189049660321
11/01/2021 01:00:00,0.184921954670443
11/01/2021 02:00:00,0.191356005335292
11/01/2021 03:00:00,0.187769778643157
11/01/2021 04:00:00,0.179410582711152
11/01/2021 05:00:00,0.187463026679598
11/01/2021 06:00:00,0.197230226953638
11/01/2021 07:00:00,0.245634542132547
11/01/2021 08:00:00,0.248556893735346
11/01/2021 09:00:00,0.2538012343423
11/01/2021 10:00:00,0.224587118777961
11/01/2021 11:00:00,0.216115672672661
11/01/2021 12:00:00,0.222657886689154
11/01/2021 13:00:00,0.220547238847262
11/01/2021 14:00:00,0.220401662124238
11/01/2021 15:00:00,0.219017500262884
11/01/2021 16:00:00,0.223740321376147
11/01/2021 17:00:00,0.232926247391516
11/01/2021 18:00:00,0.25801054674293
11/01/2021 19:00:00,0.231373202112549
11/01/2021 20:00:00,0.24955947787881
11/01/2021 21:00:00,0.230656220408417
11/01/2021 22:00:00,0.23729123954629
11/01/2021 23:00:00,0.242287849563094
11/02/2021 00:00:00,0.256194000487749
11/02/2021 01:00:00,0.252761748078964
11/02/2021 02:00:00,0.254595073026521
11/02/2021 03:00:00,0.274244627884681
11/02/2021 04:00:00,0.30299092329643
11/02/2021 05:00:00,0.291114512160717
11/02/2021 06:00:00,0.308438700381085
11/02/2021 07:00:00,0.340101659223306
11/02/2021 08:00:00,0.294204575911742
11/02/2021 09:00:00,0.31636014252028
11/02/2021 10:00:00,0.321128708810537
11/02/2021 11:00:00,0.293576678510959
11/02/2021 12:00:00,0.293767799033104
11/02/2021 13:00:00,0.264883576531055
11/02/2021 14:00:00,0.305970231367097
11/02/2021 15:00:00,0.27686239776033
11/02/2021 16:00:00,0.308903446867484
11/02/2021 17:00:00,0.275025318926662
11/02/2021 18:00:00,0.249117497397016
11/02/2021 19:00:00,0.258349521454611
11/02/2021 20:00:00,0.259296440522509
11/02/2021 21:00:00,0.276497997387345
11/02/2021 22:00:00,0.267396550215973
11/02/2021 23:00:00,0.209287417063046
11/03/2021 00:00:00,0.232020220175338
11/03/2021 01:00:00,0.236302592187382
11/03/2021 02:00:00,0.230888676657438
11/03/2021 03:00:00,0.213438214240409
11/03/2021 04:00:00,0.215041308141312
11/03/2021 05:00:00,0.241269570138175
11/03/2021 06:00:00,0.225795485528068
11/03/2021 07:00:00,0.234053222677297
11/03/2021 08:00:00,0.262836388731522
11/03/2021 09:00:00,0.258049451318715
11/03/2021 10:00:00,0.291426702948904
11/03/2021 11:00:00,0.29674092004572
11/03/2021 12:00:00,0.297937112542805
11/03/2021 13:00:00,0.297119893286053
11/03/2021 14:00:00,0.2034955236917
11/03/2021 15:00:00,0.235932205364735
11/03/2021 16:00:00,0.234984279547114
11/03/2021 17:00:00,0.231824812468832
11/03/2021 18:00:00,0.234699068837269
11/03/2021 19:00:00,0.256065889881109
11/03/2021 20:00:00,0.226437570993315
11/03/2021 21:00:00,0.225550512513388
11/03/2021 22:00:00,0.273777048733704
11/03/2021 23:00:00,0.246206594597045
11/04/2021 00:00:00,0.292775463473425
11/04/2021 01:00:00,0.208510583502221
11/04/2021 02:00:00,0.249644434831893
11/04/2021 03:00:00,0.27464369811345
11/04/2021 04:00:00,0.209207361166465
11/04/2021 05:00:00,0.224566380090328
11/04/2021 06:00:00,0.250903038935903
11/04/2021 07:00:00,0.233881875757766
11/04/2021 08:00:00,0.188861406458589
11/04/2021 09:00:00,0.214394098359951
11/04/2021 10:00:00,0.239809368420394
11/04/2021 11:00:00,0.309876676563312
11/04/2021 12:00:00,0.247038645596421
11/04/2021 13:00:00,0.334042726681401
11/04/2021 14:00:00,0.35018757392757
11/04/2021 15:00:00,0.297022467452961
11/04/2021 16:00:00,0.244567007183091
11/04/2021 17:00:00,0.23118887402242
11/04/2021 18:00:00,0.224039823276464
11/04/2021 19:00:00,0.235741953444727
11/04/2021 20:00:00,0.248535381647787
11/04/2021 21:00:00,0.246042782549897
11/04/2021 22:00:00,0.236123637237235
11/04/2021 23:00:00,0.231744040755768
11/05/2021 00:00:00,0.212562632619396
11/05/2021 01:00:00,0.240472713454378
11/05/2021 02:00:00,0.225874713846812
11/05/2021 03:00:00,0.220291985147715
11/05/2021 04:00:00,0.231175409305223
11/05/2021 05:00:00,0.229936531430875
11/05/2021 06:00:00,0.252172167731392
11/05/2021 07:00:00,0.223233641820476
11/05/2021 08:00:00,0.198636473110246
11/05/2021 09:00:00,0.204388274182993
11/05/2021 10:00:00,0.210073006112174
11/05/2021 11:00:00,0.23227010686139
11/05/2021 12:00:00,0.239462219476152
11/05/2021 13:00:00,0.267479731705716
11/05/2021 14:00:00,0.373371209066515
11/05/2021 15:00:00,0.383799571370926
11/05/2021 16:00:00,0.297006868246984
11/05/2021 17:00:00,0.238047494265843
11/05/2021 18:00:00,0.24505830933684
11/05/2021 19:00:00,0.235949043858552
11/05/2021 20:00:00,0.242421616591365
11/05/2021 21:00:00,0.234270605994561
11/05/2021 22:00:00,0.221358896103712
11/05/2021 23:00:00,0.253313913478236
11/06/2021 00:00:00,0.226320593642951
11/06/2021 01:00:00,0.213618932506955
11/06/2021 02:00:00,0.226383969448007
11/06/2021 03:00:00,0.252881496700059
11/06/2021 04:00:00,0.239788717089829
11/06/2021 05:00:00,0.24181016046538
11/06/2021 06:00:00,0.22125096031627
11/06/2021 07:00:00,0.220355799536374
11/06/2021 08:00:00,0.256191263428605
11/06/2021 09:00:00,0.241530005702019
11/06/2021 10:00:00,0.256722053679912
11/06/2021 11:00:00,0.239634127944058
11/06/2021 12:00:00,0.272398357720235
11/06/2021 13:00:00,0.295343015902722
11/06/2021 14:00:00,0.247398890350338
11/06/2021 15:00:00,0.323631395097469
11/06/2021 16:00:00,0.256898966208345
11/06/2021 17:00:00,0.246719772401186
11/06/2021 18:00:00,0.248247368432773
11/06/2021 19:00:00,0.269289206412672
11/06/2021 20:00:00,0.291863734857182
11/06/2021 21:00:00,0.210191815639585
11/06/2021 22:00:00,0.18075254823653
11/06/2021 23:00:00,0.195293094282375
11/07/2021 00:00:00,0.177646385315179
11/07/2021 01:00:00,0.171947316095888
11/07/2021 02:00:00,0.191182423396672
11/07/2021 03:00:00,0.251055572660153
11/07/2021 04:00:00,0.229418289216832
11/07/2021 05:00:00,0.252118539891933
11/07/2021 06:00:00,0.293752756781813
11/07/2021 07:00:00,0.27584464114257
11/07/2021 08:00:00,0.260458903458511
11/07/2021 09:00:00,0.242495234968613
11/07/2021 10:00:00,0.258175209591263
11/07/2021 11:00:00,0.263447761902536
11/07/2021 12:00:00,0.312905583547746
11/07/2021 13:00:00,0.358617815510459
11/07/2021 14:00:00,0.324589087065534
11/07/2021 15:00:00,0.359372417089632
11/07/2021 16:00:00,0.28710541699085
11/07/2021 17:00:00,0.294332774864271
11/07/2021 18:00:00,0.290490999736836
11/07/2021 19:00:00,0.209832522573592
11/07/2021 20:00:00,0.225813547529949
11/07/2021 21:00:00,0.242324287399549
11/07/2021 22:00:00,0.205770881375399
11/07/2021 23:00:00,0.210584171068032
11/08/2021 00:00:00,0.224229645156979
11/08/2021 01:00:00,0.24072443518663
11/08/2021 02:00:00,0.323728879313402
11/08/2021 03:00:00,0.253992300932214
11/08/2021 04:00:00,0.284531213736534
11/08/2021 05:00:00,0.265778699547843
11/08/2021 06:00:00,0.294111352396648
11/08/2021 07:00:00,0.273936430465956
11/08/2021 08:00:00,0.194696212446837
11/08/2021 09:00:00,0.225359371021761
11/08/2021 10:00:00,0.200411472524792
11/08/2021 11:00:00,0.270765802524273
11/08/2021 12:00:00,0.303016107512233
11/08/2021 13:00:00,0.320597628829775
11/08/2021 14:00:00,0.285450965124845
11/08/2021 15:00:00,0.274048666165923
11/08/2021 16:00:00,0.273333630451364
11/08/2021 17:00:00,0.297587582161032
11/08/2021 18:00:00,0.250767122537535
11/08/2021 19:00:00,0.264841337097925
11/08/2021 20:00:00,0.267924089295419
11/08/2021 21:00:00,0.266936935022115
11/08/2021 22:00:00,0.245428256757279
11/08/2021 23:00:00,0.245224656854611
11/09/2021 00:00:00,0.251202318109031
11/09/2021 01:00:00,0.218316625622773
11/09/2021 02:00:00,0.204771588963071
11/09/2021 03:00:00,0.248142227221446
11/09/2021 04:00:00,0.169333191901271
11/09/2021 05:00:00,0.221361388968382
11/09/2021 06:00:00,0.275604188564472
11/09/2021 07:00:00,0.244245053836485
11/09/2021 08:00:00,0.301226589858989
11/09/2021 09:00:00,0.274620555937638
11/09/2021 10:00:00,0.263548001210415
11/09/2021 11:00:00,0.263316698220301
11/09/2021 12:00:00,0.256193179694796
11/09/2021 13:00:00,0.268174180208382
11/09/2021 14:00:00,0.2445498173441
11/09/2021 15:00:00,0.220352322903176
11/09/2021 16:00:00,0.248140809742195
11/09/2021 17:00:00,0.250339271588596
11/09/2021 18:00:00,0.300042992776277
11/09/2021 19:00:00,0.308971873109735
11/09/2021 20:00:00,0.259555186290226
11/09/2021 21:00:00,0.232759047585598
11/09/2021 22:00:00,0.235429383689482
11/09/2021 23:00:00,0.245758361444361
11/10/2021 00:00:00,0.234041798604109
11/10/2021 01:00:00,0.280832917037345
11/10/2021 02:00:00,0.263995439995368
11/10/2021 03:00:00,0.279238439095204
11/10/2021 04:00:00,0.304378342019962
11/10/2021 05:00:00,0.303563853424941
11/10/2021 06:00:00,0.314017979560194
11/10/2021 07:00:00,0.343443379988883
11/10/2021 08:00:00,0.375854525862102
11/10/2021 09:00:00,0.322334543658126
11/10/2021 10:00:00,0.335238164818457
11/10/2021 11:00:00,0.270617086318838
11/10/2021 12:00:00,0.271269286760535
11/10/2021 13:00:00,0.30160680873889
11/10/2021 14:00:00,0.257312167267714
11/10/2021 15:00:00,0.259827911633003
11/10/2021 16:00:00,0.287311095115218
11/10/2021 17:00:00,0.224038125507252
11/10/2021 18:00:00,0.231150418933476
11/10/2021 19:00:00,0.377707841899454
11/10/2021 20:00:00,0.243018605131904
11/10/2021 21:00:00,0.312313793533271
11/10/2021 22:00:00,0.351568525752456
11/10/2021 23:00:00,0.311399799606706
11/11/2021 00:00:00,0.269974332434187
11/11/2021 01:00:00,0.270260806077873
11/11/2021 02:00:00,0.277958674159799
11/11/2021 03:00:00,0.218653456818398
11/11/2021 04:00:00,0.311459187562797
11/11/2021 05:00:00,0.347897251033684
11/11/2021 06:00:00,0.436784086821732
11/11/2021 07:00:00,0.355358192915164
11/11/2021 08:00:00,0.37783795705877
11/11/2021 09:00:00,0.240236431696063
11/11/2021 10:00:00,0.295983129099427
11/11/2021 11:00:00,0.329251181609152
11/11/2021 12:00:00,0.29602842656996
11/11/2021 13:00:00,0.220738443792799
11/11/2021 14:00:00,0.329236047800595
11/11/2021 15:00:00,0.283585486674684
11/11/2021 16:00:00,0.342655818512334
11/11/2021 17:00:00,0.268228742707684
11/11/2021 18:00:00,0.232228998894561
11/11/2021 19:00:00,0.241082386588691
11/11/2021 20:00:00,0.231222206885184
11/11/2021 21:00:00,0.221479473355146
11/11/2021 22:00:00,0.216397914557505
11/11/2021 23:00:00,0.211312169903781
11/12/2021 00:00:00,0.202518119652737
11/12/2021 01:00:00,0.193974453586104
11/12/2021 02:00:00,0.192959211508587
11/12/2021 03:00:00,0.229375722644358
11/12/2021 04:00:00,0.222082911380827
11/12/2021 05:00:00,0.205891765189897
11/12/2021 06:00:00,0.213804017791521
11/12/2021 07:00:00,0.212365263680425
11/12/2021 08:00:00,0.200737489727582
11/12/2021 09:00:00,0.21138105880702
11/12/2021 10:00:00,0.201277388372964
11/12/2021 11:00:00,0.202276534006482
11/12/2021 12:00:00,0.231830907997569
11/12/2021 13:00:00,0.229661865477727
11/12/2021 14:00:00,0.249492468225787
11/12/2021 15:00:00,0.27238645857902
11/12/2021 16:00:00,0.22562446963773
11/12/2021 17:00:00,0.234760323999718
11/12/2021 18:00:00,0.230013503087459
11/12/2021 19:00:00,0.283529954513663
11/12/2021 20:00:00,0.296096507654685
11/12/2021 21:00:00,0.259492963242951
11/12/2021 22:00:00,0.257252675428244
11/12/2021 23:00:00,0.255104608643437
11/13/2021 00:00:00,0.254912824475499
11/13/2021 01:00:00,0.224418606821261
11/13/2021 02:00:00,0.218485126267631
11/13/2021 03:00:00,0.204469853115493
11/13/2021 04:00:00,0.212451567039079
11/13/2021 05:00:00,0.221259447245759
11/13/2021 06:00:00,0.182856346547277
11/13/2021 07:00:00,0.215280181717315
11/13/2021 08:00:00,0.193162760982912
11/13/2021 09:00:00,0.199302027395085
11/13/2021 10:00:00,0.217998551105523
11/13/2021 11:00:00,0.205598688048901
11/13/2021 12:00:00,0.237545062861195
11/13/2021 13:00:00,0.156082427966803
11/13/2021 14:00:00,0.182062336664963
11/13/2021 15:00:00,0.263245458912439
11/13/2021 16:00:00,0.221938795587217
11/13/2021 17:00:00,0.230424479799155
11/13/2021 18:00:00,0.186966611788773
11/13/2021 19:00:00,0.171707672429311
11/13/2021 20:00:00,0.20615609057382
11/13/2021 21:00:00,0.203107725448562
11/13/2021 22:00:00,0.185887950298879
11/13/2021 23:00:00,0.180729575587752
11/14/2021 00:00:00,0.191387592672909
11/14/2021 01:00:00,0.165349930185855
11/14/2021 02:00:00,0.145937524605823
11/14/2021 03:00:00,0.162935080138909
11/14/2021 04:00:00,0.197211252118341
11/14/2021 05:00:00,0.207575190215696
11/14/2021 06:00:00,0.222259098722801
11/14/2021 07:00:00,0.224098608591682
11/14/2021 08:00:00,0.217415271391288
11/14/2021 09:00:00,0.243636942621689
11/14/2021 10:00:00,0.251189756884607
11/14/2021 11:00:00,0.258312648542531
11/14/2021 12:00:00,0.279349585911259
11/14/2021 13:00:00,0.296701250889802
11/14/2021 14:00:00,0.256357659040823
11/14/2021 15:00:00,0.235592907846859
11/14/2021 16:00:00,0.187647850363446
11/14/2021 17:00:00,0.199390802246939
11/14/2021 18:00:00,0.236091540830687
11/14/2021 19:00:00,0.228596762872947
11/14/2021 20:00:00,0.206985227952549
11/14/2021 21:00:00,0.163310605726091
11/14/2021 22:00:00,0.150823589654936
11/14/2021 23:00:00,0.208392368317069
11/15/2021 00:00:00,0.167287869036033
11/15/2021 01:00:00,0.25204311939215
11/15/2021 02:00:00,0.210001379942546
11/15/2021 03:00:00,0.190525680504371
11/15/2021 04:00:00,0.330232962794525
11/15/2021 05:00:00,0.344339493008809
11/15/2021 06:00:00,0.2631723011112
11/15/2021 07:00:00,0.277878972845836
11/15/2021 08:00:00,0.221524291137412
11/15/2021 09:00:00,0.269569092185439
11/15/2021 10:00:00,0.265147562174812
11/15/2021 11:00:00,0.270973080195061
11/15/2021 12:00:00,0.294032364626425
11/15/2021 13:00:00,0.359533149187781
11/15/2021 14:00:00,0.300925483841929
11/15/2021 15:00:00,0.280112662808047
11/15/2021 16:00:00,0.339499419308665
11/15/2021 17:00:00,0.236988544256048
11/15/2021 18:00:00,0.241234339282861
11/15/2021 19:00:00,0.250850419018652
11/15/2021 20:00:00,0.255472257813952
11/15/2021 21:00:00,0.251276421445966
11/15/2021 22:00:00,0.232667276777466
11/15/2021 23:00:00,0.227729106223455
11/16/2021 00:00:00,0.211866548872844
11/16/2021 01:00:00,0.221824960725071
11/16/2021 02:00:00,0.234936479338144
11/16/2021 03:00:00,0.239958376111499
11/16/2021 04:00:00,0.263843038879359
11/16/2021 05:00:00,0.226316319122283
11/16/2021 06:00:00,0.22444062335124
11/16/2021 07:00:00,0.284773397563524
11/16/2021 08:00:00,0.277211545587716
11/16/2021 09:00:00,0.353734444004631
11/16/2021 10:00:00,0.285552778679309
11/16/2021 11:00:00,0.370317467956333
11/16/2021 12:00:00,0.265174964687076
11/16/2021 13:00:00,0.259095078006453
11/16/2021 14:00:00,0.272164837324922
11/16/2021 15:00:00,0.315939483851964
11/16/2021 16:00:00,0.279227899921576
11/16/2021 17:00:00,0.276949615003915
11/16/2021 18:00:00,0.454108207122396
11/16/2021 19:00:00,0.335479381461297
11/16/2021 20:00:00,0.346043122352073
11/16/2021 21:00:00,0.363102784576588
11/16/2021 22:00:00,0.298590304555514
11/16/2021 23:00:00,0.385175256399263
11/17/2021 00:00:00,0.228786023078915
11/17/2021 01:00:00,0.299510350334013
11/17/2021 02:00:00,0.312386513498834
11/17/2021 03:00:00,0.373182314585928
11/17/2021 04:00:00,0.386420890741151
11/17/2021 05:00:00,0.3670710466915
11/17/2021 06:00:00,0.399417044721165
11/17/2021 07:00:00,0.35251426526878
11/17/2021 08:00:00,0.329609524565842
11/17/2021 09:00:00,0.312989267797598
11/17/2021 10:00:00,0.331636818848391
11/17/2021 11:00:00,0.276594378709484
11/17/2021 12:00:00,0.285979047053504
11/17/2021 13:00:00,0.230586078508863
11/17/2021 14:00:00,0.310312657794005
11/17/2021 15:00:00,0.452415682614037
11/17/2021 16:00:00,0.415684856682069
11/17/2021 17:00:00,0.43960706493261
11/17/2021 18:00:00,0.319587822298512
11/17/2021 19:00:00,0.321629604495434
11/17/2021 20:00:00,0.315139493814631
11/17/2021 21:00:00,0.270499036976426
11/17/2021 22:00:00,0.301028403697845
11/17/2021 23:00:00,0.316390221889664
11/18/2021 00:00:00,0.295193535866737
11/18/2021 01:00:00,0.290561048540013
11/18/2021 02:00:00,0.282603933024923
11/18/2021 03:00:00,0.310770576241872
11/18/2021 04:00:00,0.274148863395908
11/18/2021 05:00:00,0.371726909038999
11/18/2021 06:00:00,0.287708476308616
11/18/2021 07:00:00,0.278626623170153
11/18/2021 08:00:00,0.299367403292189
11/18/2021 09:00:00,0.264820082773175
11/18/2021 10:00:00,0.213828919183525
11/18/2021 11:00:00,0.264268212961129
11/18/2021 12:00:00,0.320485838825221
11/18/2021 13:00:00,0.231423478843527
11/18/2021 14:00:00,0.219607454562522
11/18/2021 15:00:00,0.207404693011403
11/18/2021 16:00:00,0.178401502733322
11/18/2021 17:00:00,0.202159181481508
11/18/2021 18:00:00,0.215976664845212
11/18/2021 19:00:00,0.221528180230349
11/18/2021 20:00:00,0.206825769122125
11/18/2021 21:00:00,0.195334577720325
11/18/2021 22:00:00,0.204964793254996
11/18/2021 23:00:00,0.206598471153477
11/19/2021 00:00:00,0.173993014829081
11/19/2021 01:00:00,0.199036270009881
11/19/2021 02:00:00,0.223392122978564
11/19/2021 03:00:00,0.219643061438887
11/19/2021 04:00:00,0.180119170441559
11/19/2021 05:00:00,0.175263489235047
11/19/2021 06:00:00,0.183456713614607
11/19/2021 07:00:00,0.209923801894818
11/19/2021 08:00:00,0.233761930726179
11/19/2021 09:00:00,0.270742455049116
11/19/2021 10:00:00,0.163388855029333
11/19/2021 11:00:00,0.173413099219846
11/19/2021 12:00:00,0.194342841852876
11/19/2021 13:00:00,0.213646784782094
11/19/2021 14:00:00,0.206244191551372
11/19/2021 15:00:00,0.204039273323838
11/19/2021 16:00:00,0.258858011922703
11/19/2021 17:00:00,0.190472359045111
11/19/2021 18:00:00,0.345784461987835
11/19/2021 19:00:00,0.343581609375733
11/19/2021 20:00:00,0.364895961692107
11/19/2021 21:00:00,0.308122231192467
11/19/2021 22:00:00,0.247430183631607
11/19/2021 23:00:00,0.19316006614944
11/20/2021 00:00:00,0.17183881051675
11/20/2021 01:00:00,0.198723610605744
11/20/2021 02:00:00,0.196580179836718
11/20/2021 03:00:00,0.229200635402288
11/20/2021 04:00:00,0.216603294362791
11/20/2021 05:00:00,0.254564185292123
11/20/2021 06:00:00,0.286448757315794
11/20/2021 07:00:00,0.252908861444493
11/20/2021 08:00:00,0.291245105799341
11/20/2021 09:00:00,0.297570889444313
11/20/2021 10:00:00,0.259123053748582
11/20/2021 11:00:00,0.211453365368938
11/20/2021 12:00:00,0.204160196940237
11/20/2021 13:00:00,0.215009790059168
11/20/2021 14:00:00,0.192968004551466
11/20/2021 15:00:00,0.241551627937567
11/20/2021 16:00:00,0.280009158976098
11/20/2021 17:00:00,0.294718986168322
11/20/2021 18:00:00,0.245407236023309
11/20/2021 19:00:00,0.283686854933783
11/20/2021 20:00:00,0.342833647979571
11/20/2021 21:00:00,0.340994338703183
11/20/2021 22:00:00,0.299559086018029
11/20/2021 23:00:00,0.259717298981296
11/21/2021 00:00:00,0.256739875728861
11/21/2021 01:00:00,0.271987761185268
11/21/2021 02:00:00,0.235314887530813
11/21/2021 03:00:00,0.218090697094843
11/21/2021 04:00:00,0.227428295669964
11/21/2021 05:00:00,0.235865742909062
11/21/2021 06:00:00,0.231007657373723
11/21/2021 07:00:00,0.270879961169992
11/21/2021 08:00:00,0.250330312617126
11/21/2021 09:00:00,0.245889804952884
11/21/2021 10:00:00,0.263098253768153
11/21/2021 11:00:00,0.258097754611141
11/21/2021 12:00:00,0.269702131728034
11/21/2021 13:00:00,0.239070808697575
11/21/2021 14:00:00,0.221988021937367
11/21/2021 15:00:00,0.235747619060935
11/21/2021 16:00:00,0.206648515662457
11/21/2021 17:00:00,0.232324834181034
11/21/2021 18:00:00,0.25344712440528
11/21/2021 19:00:00,0.242870935107589
11/21/2021 20:00:00,0.231158932486339
11/21/2021 21:00:00,0.19976574292868
11/21/2021 22:00:00,0.224676418769514
11/21/2021 23:00:00,0.283386123192267
11/22/2021 00:00:00,0.285447096687869
11/22/2021 01:00:00,0.283121038099376
11/22/2021 02:00:00,0.232894061456267
11/22/2021 03:00:00,0.224962800143057
11/22/2021 04:00:00,0.205046263396448
11/22/2021 05:00:00,0.226043485848621
11/22/2021 06:00:00,0.254539179038732
11/22/2021 07:00:00,0.263361705374587
11/22/2021 08:00:00,0.272066858132238
11/22/2021 09:00:00,0.225351121408584
11/22/2021 10:00:00,0.206506842719248
11/22/2021 11:00:00,0.218645598538231
11/22/2021 12:00:00,0.222662253562603
11/22/2021 13:00:00,0.203953225575303
11/22/2021 14:00:00,0.213854902722856
11/22/2021 15:00:00,0.22391385267444
11/22/2021 16:00:00,0.204729225763195
11/22/2021 17:00:00,0.201237084442416
11/22/2021 18:00:00,0.204210373445182
11/22/2021 19:00:00,0.206576919903391
11/22/2021 20:00:00,0.184622219372487
11/22/2021 21:00:00,0.171887074715717
11/22/2021 22:00:00,0.199333819878931
11/22/2021 23:00:00,0.171832178414164
11/23/2021 00:00:00,0.17393037981866
11/23/2021 01:00:00,0.194399908702516
11/23/2021 02:00:00,0.193222941432755
11/23/2021 03:00:00,0.213655117487952
11/23/2021 04:00:00,0.199779685722076
11/23/2021 05:00:00,0.195602157820916
11/23/2021 06:00:00,0.200301413594111
11/23/2021 07:00:00,0.191937698602869
11/23/2021 08:00:00,0.187780158133668
11/23/2021 09:00:00,0.187813102388452
11/23/2021 10:00:00,0.195829711759787
11/23/2021 11:00:00,0.1968028016559
11/23/2021 12:00:00,0.214414811698834
11/23/2021 13:00:00,0.204683380785041
11/23/2021 14:00:00,0.196042082362951
11/23/2021 15:00:00,0.176399142216426
11/23/2021 16:00:00,0.144466210604084
11/23/2021 17:00:00,0.254712901127178
11/23/2021 18:00:00,0.215954946188447
11/23/2021 19:00:00,0.230568343272579
11/23/2021 20:00:00,0.22333490730581
11/23/2021 21:00:00,0.321318084958478
11/23/2021 22:00:00,0.252028377314478
11/23/2021 23:00:00,0.208784477720019
11/24/2021 00:00:00,0.158278057292821
11/24/2021 01:00:00,0.188195413219208
11/24/2021 02:00:00,0.254471489209359
11/24/2021 03:00:00,0.18640004569501
11/24/2021 04:00:00,0.180018137014666
11/24/2021 05:00:00,0.220224097396265
11/24/2021 06:00:00,0.16421622277307
11/24/2021 07:00:00,0.169731115445333
11/24/2021 08:00:00,0.134439837972663
11/24/2021 09:00:00,0.234370757810048
11/24/2021 10:00:00,0.309127983811671
11/24/2021 11:00:00,0.239291634282299
11/24/2021 12:00:00,0.207800149528712
11/24/2021 13:00:00,0.244568128556156
11/24/2021 14:00:00,0.243192222459243
11/24/2021 15:00:00,0.218009459333421
11/24/2021 16:00:00,0.388061275270692
11/24/2021 17:00:00,0.287798763632149
11/24/2021 18:00:00,0.370254711081874
11/24/2021 19:00:00,0.265214777980158
11/24/2021 20:00:00,0.288942546421322
11/24/2021 21:00:00,0.277014862839179
11/24/2021 22:00:00,0.300372814079118
11/24/2021 23:00:00,0.156961104479676
11/25/2021 00:00:00,0.207522867844833
11/25/2021 01:00:00,0.171558121130373
11/25/2021 02:00:00,0.207322657655396
11/25/2021 03:00:00,0.157427856974318
11/25/2021 04:00:00,0.167877319125069
11/25/2021 05:00:00,0.200490296927259
11/25/2021 06:00:00,0.196633512060304
11/25/2021 07:00:00,0.190873499609429
11/25/2021 08:00:00,0.196083070634218
11/25/2021 09:00:00,0.194984048401765
11/25/2021 10:00:00,0.21341927332334
11/25/2021 11:00:00,0.218200574949679
11/25/2021 12:00:00,0.195240713816269
11/25/2021 13:00:00,0.199187273011527
11/25/2021 14:00:00,0.180309804848098
11/25/2021 15:00:00,0.183763823455895
11/25/2021 16:00:00,0.130157542590583
11/25/2021 17:00:00,0.217738738155555
11/25/2021 18:00:00,0.220186472059744
11/25/2021 19:00:00,0.183750235037365
11/25/2021 20:00:00,0.172286711027267
11/25/2021 21:00:00,0.279553349404272
11/25/2021 22:00:00,0.252520552563503
11/25/2021 23:00:00,0.197092979905594
11/26/2021 00:00:00,0.219744272782929
11/26/2021 01:00:00,0.212149763753261
11/26/2021 02:00:00,0.207324980946978
11/26/2021 03:00:00,0.236305695913786
11/26/2021 04:00:00,0.252264444330358
11/26/2021 05:00:00,0.256744173335699
11/26/2021 06:00:00,0.261243020983013
11/26/2021 07:00:00,0.181111508686015
11/26/2021 08:00:00,0.221672187422764
11/26/2021 09:00:00,0.205969147491226
11/26/2021 10:00:00,0.21441164102438
11/26/2021 11:00:00,0.206294336052858
11/26/2021 12:00:00,0.210041621168052
11/26/2021 13:00:00,0.196723885324304
11/26/2021 14:00:00,0.174482256646338
11/26/2021 15:00:00,0.219716268812007
11/26/2021 16:00:00,0.211866529366782
11/26/2021 17:00:00,0.236526929782005
11/26/2021 18:00:00,0.246548624876148
11/26/2021 19:00:00,0.230843686046209
11/26/2021 20:00:00,0.186447136576462
11/26/2021 21:00:00,0.175894582748578
11/26/2021 22:00:00,0.199160172674954
11/26/2021 23:00:00,0.183148168671692
11/27/2021 00:00:00,0.216190262334449
11/27/2021 01:00:00,0.202745651370856
11/27/2021 02:00:00,0.198287039351438
11/27/2021 03:00:00,0.202875898527313
11/27/2021 04:00:00,0.178789586132869
11/27/2021 05:00:00,0.194141828241233
11/27/2021 06:00:00,0.199561576284391
11/27/2021 07:00:00,0.160366924725808
11/27/2021 08:00:00,0.160640518761592
11/27/2021 09:00:00,0.163932333078661
11/27/2021 10:00:00,0.170059951431245
11/27/2021 11:00:00,0.220806468884581
11/27/2021 12:00:00,0.2233396972197
11/27/2021 13:00:00,0.254479437069856
11/27/2021 14:00:00,0.221518321961878
11/27/2021 15:00:00,0.239659453253256
11/27/2021 16:00:00,0.24312750103044
11/27/2021 17:00:00,0.242178877206853
11/27/2021 18:00:00,0.217439562303843
11/27/2021 19:00:00,0.260871398725468
11/27/2021 20:00:00,0.282430069142971
11/27/2021 21:00:00,0.250726547891977
11/27/2021 22:00:00,0.217490621545606
11/27/2021 23:00:00,0.258426936435656
11/28/2021 00:00:00,0.273697734221393
11/28/2021 01:00:00,0.337901559426264
11/28/2021 02:00:00,0.312228473085592
11/28/2021 03:00:00,0.31165291012113
11/28/2021 04:00:00,0.283778517804788
11/28/2021 05:00:00,0.24528489335513
11/28/2021 06:00:00,0.270551505939525
11/28/2021 07:00:00,0.283482120562979
11/28/2021 08:00:00,0.254797147545989
11/28/2021 09:00:00,0.225463898774683
11/28/2021 10:00:00,0.270187984972977
11/28/2021 11:00:00,0.270347773348995
11/28/2021 12:00:00,0.286515718582673
11/28/2021 13:00:00,0.286381474219127
11/28/2021 14:00:00,0.253677695071847
11/28/2021 15:00:00,0.253963716800726
11/28/2021 16:00:00,0.228543429867082
11/28/2021 17:00:00,0.234153935025905
11/28/2021 18:00:00,0.26007294557384
11/28/2021 19:00:00,0.253187483149191
11/28/2021 20:00:00,0.209482585774474
11/28/2021 21:00:00,0.163614569563154
11/28/2021 22:00:00,0.152418432006509
11/28/2021 23:00:00,0.165240574834055
11/29/2021 00:00:00,0.146620459176153
11/29/2021 01:00:00,0.195057184695579
11/29/2021 02:00:00,0.166305660317535
11/29/2021 03:00:00,0.190567442085182
11/29/2021 04:00:00,0.232133819291852
11/29/2021 05:00:00,0.226696381108695
11/29/2021 06:00:00,0.208892976874057
11/29/2021 07:00:00,0.226517456112376
11/29/2021 08:00:00,0.243325567875777
11/29/2021 09:00:00,0.219123416671382
11/29/2021 10:00:00,0.226888940707149
11/29/2021 11:00:00,0.215451250220475
11/29/2021 12:00:00,0.213718448311416
11/29/2021 13:00:00,0.217893323751444
11/29/2021 14:00:00,0.260128332666119
11/29/2021 15:00:00,0.236026468193352
11/29/2021 16:00:00,0.229758841357439
11/29/2021 17:00:00,0.239831141138155
11/29/2021 18:00:00,0.205138688375671
11/29/2021 19:00:00,0.218132119772805
11/29/2021 20:00:00,0.228407687666748
11/29/2021 21:00:00,0.256237634561242
11/29/2021 22:00:00,0.270752760558585
11/29/2021 23:00:00,0.244319131808871
11/30/2021 00:00:00,0.273028698686996
11/30/2021 01:00:00,0.262197525379106
11/30/2021 02:00:00,0.213960097608929
11/30/2021 03:00:00,0.24683886924228
11/30/2021 04:00:00,0.252947607204903
11/30/2021 05:00:00,0.283995041052219
11/30/2021 06:00:00,0.286462433263117
11/30/2021 07:00:00,0.311443349410831
11/30/2021 08:00:00,0.326416996510598
11/30/2021 09:00:00,0.327721896003236
11/30/2021 10:00:00,0.259112508362096
11/30/2021 11:00:00,0.212437364784353
11/30/2021 12:00:00,0.312616693084464
11/30/2021 13:00:00,0.296493412214014
11/30/2021 14:00:00,0.233747598371764
11/30/2021 15:00:00,0.271871131625724
11/30/2021 16:00:00,0.246228408414371
11/30/2021 17:00:00,0.224895635916223
11/30/2021 18:00:00,0.23881870797668
11/30/2021 19:00:00,0.241011273444734
11/30/2021 20:00:00,0.266380273316326
11/30/2021 21:00:00,0.188630608701722
11/30/2021 22:00:00,0.227092958616907
11/30/2021 23:00:00,0.253333537664311
12/01/2021 00:00:00,0.317758354852146
12/01/2021 01:00:00,0.290914591883045
12/01/2021 02:00:00,0.247191204955678
12/01/2021 03:00:00,0.205862799830836
12/01/2021 04:00:00,0.273341017926522
12/01/2021 05:00:00,0.290470222609013
12/01/2021 06:00:00,0.314421396799864
12/01/2021 07:00:00,0.300315009341451
12/01/2021 08:00:00,0.288012692809185
12/01/2021 09:00:00,0.298744350574982
12/01/2021 10:00:00,0.250032797780202
12/01/2021 11:00:00,0.251032704256554
12/01/2021 12:00:00,0.255470933135398
12/01/2021 13:00:00,0.214849744765515
12/01/2021 14:00:00,0.231056202804744
12/01/2021 15:00:00,0.219586099370099
12/01/2021 16:00:00,0.163688441904106
12/01/2021 17:00:00,0.213578986847119
12/01/2021 18:00:00,0.311557108008163
12/01/2021 19:00:00,0.336932139687932
12/01/2021 20:00:00,0.224005031520498
12/01/2021 21:00:00,0.203683097530222
12/01/2021 22:00:00,0.214696206644572
12/01/2021 23:00:00,0.187173207697119
12/02/2021 00:00:00,0.22283906875963
12/02/2021 01:00:00,0.225663724129069
12/02/2021 02:00:00,0.272149358353766
12/02/2021 03:00:00,0.249361414426409
12/02/2021 04:00:00,0.261168522001006
12/02/2021 05:00:00,0.27561033605036
12/02/2021 06:00:00,0.28297914901582
12/02/2021 07:00:00,0.301496893618912
12/02/2021 08:00:00,0.318663998330959
12/02/2021 09:00:00,0.396056687831345
12/02/2021 10:00:00,0.26760468619025
12/02/2021 11:00:00,0.226553036519083
12/02/2021 12:00:00,0.190070592592826
12/02/2021 13:00:00,0.211182652250812
12/02/2021 14:00:00,0.267364575089216
12/02/2021 15:00:00,0.315785380323542
12/02/2021 16:00:00,0.246464685434506
12/02/2021 17:00:00,0.361193938433237
12/02/2021 18:00:00,0.243440134041357
12/02/2021 19:00:00,0.225784002987608
12/02/2021 20:00:00,0.198743424725028
12/02/2021 21:00:00,0.218092606693876
12/02/2021 22:00:00,0.211072745043725
12/02/2021 23:00:00,0.203127829342918
12/03/2021 00:00:00,0.282569400354483
12/03/2021 01:00:00,0.271860143173405
12/03/2021 02:00:00,0.327456063907932
12/03/2021 03:00:00,0.301908260858705
12/03/2021 04:00:00,0.372599132170182
12/03/2021 05:00:00,0.414398719793669
12/03/2021 06:00:00,0.381352827825344
12/03/2021 07:00:00,0.41688525964742
12/03/2021 08:00:00,0.412998369820944
12/03/2021 09:00:00,0.404478232227737
12/03/2021 10:00:00,0.498737931151353
12/03/2021 11:00:00,0.394977732448458
12/03/2021 12:00:00,0.401857622826431
12/03/2021 13:00:00,0.266331906774144
12/03/2021 14:00:00,0.28092589766469
12/03/2021 15:00:00,0.220097045128378
12/03/2021 16:00:00,0.199452984958659
12/03/2021 17:00:00,0.256887573659749
12/03/2021 18:00:00,0.366041029095708
12/03/2021 19:00:00,0.211122347610122
12/03/2021 20:00:00,0.301188291454125
12/03/2021 21:00:00,0.251973563970311
12/03/2021 22:00:00,0.275930269921785
12/03/2021 23:00:00,0.278406823719618
12/04/2021 00:00:00,0.23732289759939
12/04/2021 01:00:00,0.239669784478861
12/04/2021 02:00:00,0.242954257777689
12/04/2021 03:00:00,0.266434165250363
12/04/2021 04:00:00,0.23462552253198
12/04/2021 05:00:00,0.252866793259054
12/04/2021 06:00:00,0.255187678296821
12/04/2021 07:00:00,0.390485360695882
12/04/2021 08:00:00,0.304741104205565
12/04/2021 09:00:00,0.360819119890762
12/04/2021 10:00:00,0.341617208416238
12/04/2021 11:00:00,0.341928190391095
12/04/2021 12:00:00,0.318434034024505
12/04/2021 13:00:00,0.245453005532579
12/04/2021 14:00:00,0.221592953238226
12/04/2021 15:00:00,0.239032447117214
12/04/2021 16:00:00,0.239051908370255
12/04/2021 17:00:00,0.175615350793956
12/04/2021 18:00:00,0.211109000077749
12/04/2021 19:00:00,0.317896086261123
12/04/2021 20:00:00,0.144244132476371
12/04/2021 21:00:00,0.230568082947944
12/04/2021 22:00:00,0.243070002590804
12/04/2021 23:00:00,0.207029680910747
12/05/2021 00:00:00,0.194900641826046
12/05/2021 01:00:00,0.271546082409187
12/05/2021 02:00:00,0.253501872429596
12/05/2021 03:00:00,0.227434856362915
12/05/2021 04:00:00,0.212974327531915
12/05/2021 05:00:00,0.21016927018217
12/05/2021 06:00:00,0.23489599062309
12/05/2021 07:00:00,0.281284407305612
12/05/2021 08:00:00,0.27139458538982
12/05/2021 09:00:00,0.289963630885044
12/05/2021 10:00:00,0.254255961922963
12/05/2021 11:00:00,0.290432316722614
12/05/2021 12:00:00,0.332543920093008
12/05/2021 13:00:00,0.264651215597464
12/05/2021 14:00:00,0.277902550663499
12/05/2021 15:00:00,0.261295693556346
12/05/2021 16:00:00,0.264651376951354
12/05/2021 17:00:00,0.290483957360056
12/05/2021 18:00:00,0.288883038210961
12/05/2021 19:00:00,0.296154715160752
12/05/2021 20:00:00,0.284326836801781
12/05/2021 21:00:00,0.328427037477947
12/05/2021 22:00:00,0.286495825643726
12/05/2021 23:00:00,0.333125005174959
12/06/2021 00:00:00,0.289304809847848
12/06/2021 01:00:00,0.306783197811434
12/06/2021 02:00:00,0.388278134762032
12/06/2021 03:00:00,0.258266418647849
12/06/2021 04:00:00,0.43244562198184
12/06/2021 05:00:00,0.402610046694223
12/06/2021 06:00:00,0.375184457293935
12/06/2021 07:00:00,0.329957094041843
12/06/2021 08:00:00,0.373111603878932
12/06/2021 09:00:00,0.424238089025144
12/06/2021 10:00:00,0.280760452849991
12/06/2021 11:00:00,0.418280094990377
12/06/2021 12:00:00,0.284810886560218
12/06/2021 13:00:00,0.306799511744858
12/06/2021 14:00:00,0.267571975318139
12/06/2021 15:00:00,0.2031388239345
12/06/2021 16:00:00,0.223695373428469
12/06/2021 17:00:00,0.305107320096709
12/06/2021 18:00:00,0.337776072949865
12/06/2021 19:00:00,0.375198460861403
12/06/2021 20:00:00,0.190972938608478
12/06/2021 21:00:00,0.221584707847723
12/06/2021 22:00:00,0.210490766350986
12/06/2021 23:00:00,0.268632574979337
12/07/2021 00:00:00,0.225848827924595
12/07/2021 01:00:00,0.242311644174606
12/07/2021 02:00:00,0.203152189994918
12/07/2021 03:00:00,0.192152908134513
12/07/2021 04:00:00,0.194745648699109
12/07/2021 05:00:00,0.171375237452461
12/07/2021 06:00:00,0.178417998853835
12/07/2021 07:00:00,0.192592611050047
12/07/2021 08:00:00,0.208758852553044
12/07/2021 09:00:00,0.195182370267228
12/07/2021 10:00:00,0.224981221325504
12/07/2021 11:00:00,0.217029406243851
12/07/2021 12:00:00,0.206185859768032
12/07/2021 13:00:00,0.213105322856438
12/07/2021 14:00:00,0.251366460396598
12/07/2021 15:00:00,0.278254072995231
12/07/2021 16:00:00,0.269722603793729
12/07/2021 17:00:00,0.284019820891046
12/07/2021 18:00:00,0.269524194447609
12/07/2021 19:00:00,0.270135661294787
12/07/2021 20:00:00,0.256000996845387
12/07/2021 21:00:00,0.239195903702408
12/07/2021 22:00:00,0.296018893545667
12/07/2021 23:00:00,0.264116014820887
12/08/2021 00:00:00,0.250288102212763
12/08/2021 01:00:00,0.310982408260462
12/08/2021 02:00:00,0.305875004038514
12/08/2021 03:00:00,0.410713305251268
12/08/2021 04:00:00,0.379989364575149
12/08/2021 05:00:00,0.400281077445762
12/08/2021 06:00:00,0.377572603561933
12/08/2021 07:00:00,0.374291203020189
12/08/2021 08:00:00,0.298744982971618
12/08/2021 09:00:00,0.268707251991299
12/08/2021 10:00:00,0.330283549408408
12/08/2021 11:00:00,0.337712779201774
12/08/2021 12:00:00,0.271644280307618
12/08/2021 13:00:00,0.281494380176142
12/08/2021 14:00:00,0.302876575184344
12/08/2021 15:00:00,0.266480931366702
12/08/2021 16:00:00,0.320724685769982
12/08/2021 17:00:00,0.308449207076465
12/08/2021 18:00:00,0.315273890640231
12/08/2021 19:00:00,0.277173995765646
12/08/2021 20:00:00,0.263590348039383
12/08/2021 21:00:00,0.248566686978156
12/08/2021 22:00:00,0.282012619425241
12/08/2021 23:00:00,0.381186738653043
12/09/2021 00:00:00,0.303937838622536
12/09/2021 01:00:00,0.209297929271817
12/09/2021 02:00:00,0.23989182372298
12/09/2021 03:00:00,0.249814210008148
12/09/2021 04:00:00,0.243780249018885
12/09/2021 05:00:00,0.263306165247201
12/09/2021 06:00:00,0.273686920872559
12/09/2021 07:00:00,0.315123800697152
12/09/2021 08:00:00,0.347538692737359
12/09/2021 09:00:00,0.386108526213042
12/09/2021 10:00:00,0.339208472265224
12/09/2021 11:00:00,0.362236889047848
12/09/2021 12:00:00,0.363730758147642
12/09/2021 13:00:00,0.436101301961003
12/09/2021 14:00:00,0.463623987896871
12/09/2021 15:00:00,0.471684625724204
12/09/2021 16:00:00,0.495958563443925
12/09/2021 17:00:00,0.517874894316227
12/09/2021 18:00:00,0.524652511694773
12/09/2021 19:00:00,0.533902306693425
12/09/2021 20:00:00,0.546841789586795
12/09/2021 21:00:00,0.502884717122637
12/09/2021 22:00:00,0.475136791286197
12/09/2021 23:00:00,0.426901152032241
12/10/2021 00:00:00,0.450494689201785
12/10/2021 01:00:00,0.394006412947373
12/10/2021 02:00:00,0.32715400534952
12/10/2021 03:00:00,0.432908274270346
12/10/2021 04:00:00,0.416694966894155
12/10/2021 05:00:00,0.472873229589118
12/10/2021 06:00:00,0.457483474947411
12/10/2021 07:00:00,0.441717203251659
12/10/2021 08:00:00,0.397775819690961
12/10/2021 09:00:00,0.319126364498439
12/10/2021 10:00:00,0.286255011120862
12/10/2021 11:00:00,0.39691491041473
12/10/2021 12:00:00,0.438661607474026
12/10/2021 13:00:00,0.503754937690892
12/10/2021 14:00:00,0.420032687394738
12/10/2021 15:00:00,0.334657690439931
12/10/2021 16:00:00,0.432505609261353
12/10/2021 17:00:00,0.448421104002355
12/10/2021 18:00:00,0.4395348868881
12/10/2021 19:00:00,0.366444927027469
12/10/2021 20:00:00,0.465632777804914
12/10/2021 21:00:00,0.476767715393837
12/10/2021 22:00:00,0.451858761137936
12/10/2021 23:00:00,0.407224850700301
12/11/2021 00:00:00,0.37324773580594
12/11/2021 01:00:00,0.458617851296377
12/11/2021 02:00:00,0.381692948913524
12/11/2021 03:00:00,0.37655034205194
12/11/2021 04:00:00,0.415569309867028
12/11/2021 05:00:00,0.381002148614077
12/11/2021 06:00:00,0.462604658574815
12/11/2021 07:00:00,0.475118786791023
12/11/2021 08:00:00,0.535263250529316
12/11/2021 09:00:00,0.463539344545446
12/11/2021 10:00:00,0.386816391255479
12/11/2021 11:00:00,0.366666412936632
12/11/2021 12:00:00,0.371920992330936
12/11/2021 13:00:00,0.285137207709415
12/11/2021 14:00:00,0.307922136381074
12/11/2021 15:00:00,0.250543209523796
12/11/2021 16:00:00,0.338264991516757
12/11/2021 17:00:00,0.31387482472523
12/11/2021 18:00:00,0.292986046934965
12/11/2021 19:00:00,0.283088340678329
12/11/2021 20:00:00,0.293036050088001
12/11/2021 21:00:00,0.250530815627332
12/11/2021 22:00:00,0.220919932614318
12/11/2021 23:00:00,0.171751977927262
12/12/2021 00:00:00,0.237303743487753
12/12/2021 01:00:00,0.217654057782908
12/12/2021 02:00:00,0.172145498136094
12/12/2021 03:00:00,0.209247116575216
12/12/2021 04:00:00,0.210472681444697
12/12/2021 05:00:00,0.215460630539649
12/12/2021 06:00:00,0.226278581772231
12/12/2021 07:00:00,0.206118075561599
12/12/2021 08:00:00,0.219040693751403
12/12/2021 09:00:00,0.255918453699388
12/12/2021 10:00:00,0.250505134918417
12/12/2021 11:00:00,0.2526482042074
12/12/2021 12:00:00,0.253376865684681
12/12/2021 13:00:00,0.290178499354791
12/12/2021 14:00:00,0.248622232855407
12/12/2021 15:00:00,0.201878900396736
12/12/2021 16:00:00,0.221145254559105
12/12/2021 17:00:00,0.24087348606004
12/12/2021 18:00:00,0.235437095812967
12/12/2021 19:00:00,0.25658154224821
12/12/2021 20:00:00,0.240022701401905
12/12/2021 21:00:00,0.247929422730738
12/12/2021 22:00:00,0.25920415194547
12/12/2021 23:00:00,0.228596092700963
12/13/2021 00:00:00,0.180976070883169
12/13/2021 01:00:00,0.20698642096848
12/13/2021 02:00:00,0.208085511349786
12/13/2021 03:00:00,0.269019863956482
12/13/2021 04:00:00,0.24837637192282
12/13/2021 05:00:00,0.289791600040985
12/13/2021 06:00:00,0.316783314530084
12/13/2021 07:00:00,0.355722167076444
12/13/2021 08:00:00,0.291594002756394
12/13/2021 09:00:00,0.326588267998675
12/13/2021 10:00:00,0.329694522538479
12/13/2021 11:00:00,0.32514609945746
12/13/2021 12:00:00,0.306941502771216
12/13/2021 13:00:00,0.315578500219037
12/13/2021 14:00:00,0.285211781970138
12/13/2021 15:00:00,0.279689551891194
12/13/2021 16:00:00,0.304350769546127
12/13/2021 17:00:00,0.273230967734963
12/13/2021 18:00:00,0.311915245402108
12/13/2021 19:00:00,0.300961906222239
12/13/2021 20:00:00,0.31118989689331
12/13/2021 21:00:00,0.373671826154222
12/13/2021 22:00:00,0.333374799440731
12/13/2021 23:00:00,0.322899238552818
12/14/2021 00:00:00,0.316014029163562
12/14/2021 01:00:00,0.379074675885316
12/14/2021 02:00:00,0.376309241307601
12/14/2021 03:00:00,0.345239238975054
12/14/2021 04:00:00,0.371235145174632
12/14/2021 05:00:00,0.352346420978633
12/14/2021 06:00:00,0.368202147976632
12/14/2021 07:00:00,0.29707911425704
12/14/2021 08:00:00,0.350654866867546
12/14/2021 09:00:00,0.284237685942677
12/14/2021 10:00:00,0.354721350155025
12/14/2021 11:00:00,0.241733287844021
12/14/2021 12:00:00,0.19745576934904
12/14/2021 13:00:00,0.190761007315697
12/14/2021 14:00:00,0.218755163419335
12/14/2021 15:00:00,0.219141255761032
12/14/2021 16:00:00,0.268769416413612
12/14/2021 17:00:00,0.333676962696871
12/14/2021 18:00:00,0.324710535812598
12/14/2021 19:00:00,0.309198698664554
12/14/2021 20:00:00,0.299932986316832
12/14/2021 21:00:00,0.29568724268666
12/14/2021 22:00:00,0.244898031212281
12/14/2021 23:00:00,0.257249027420446
12/15/2021 00:00:00,0.241002987521266
12/15/2021 01:00:00,0.267325405849956
12/15/2021 02:00:00,0.271043823964369
12/15/2021 03:00:00,0.286154350855169
12/15/2021 04:00:00,0.30738696370387
12/15/2021 05:00:00,0.338433976352242
12/15/2021 06:00:00,0.389579396214058
12/15/2021 07:00:00,0.419795191990824
12/15/2021 08:00:00,0.430497664683036
12/15/2021 09:00:00,0.425850336531838
12/15/2021 10:00:00,0.464971774483431
12/15/2021 11:00:00,0.396253035519032
12/15/2021 12:00:00,0.375878782600242
12/15/2021 13:00:00,0.32833387489861
12/15/2021 14:00:00,0.326252663401884
12/15/2021 15:00:00,0.320241423660717
12/15/2021 16:00:00,0.353247536814615
12/15/2021 17:00:00,0.315784540042838
12/15/2021 18:00:00,0.37219651646035
12/15/2021 19:00:00,0.324119439608254
12/15/2021 20:00:00,0.450325718065644
12/15/2021 21:00:00,0.411256405842497
12/15/2021 22:00:00,0.463319965395318
12/15/2021 23:00:00,0.29803604436476
12/16/2021 00:00:00,0.324800849671625
12/16/2021 01:00:00,0.347785549690753
12/16/2021 02:00:00,0.340218797190459
12/16/2021 03:00:00,0.28883566456575
12/16/2021 04:00:00,0.394167344237354
12/16/2021 05:00:00,0.382975133535942
12/16/2021 06:00:00,0.405152043162197
12/16/2021 07:00:00,0.420249904577868
12/16/2021 08:00:00,0.386925046483128
12/16/2021 09:00:00,0.350162891130649
12/16/2021 10:00:00,0.373901236457284
12/16/2021 11:00:00,0.394152546288307
12/16/2021 12:00:00,0.318428914143792
12/16/2021 13:00:00,0.33513492646754
12/16/2021 14:00:00,0.315538444446191
12/16/2021 15:00:00,0.247374244182821
12/16/2021 16:00:00,0.189170832438879
12/16/2021 17:00:00,0.237443784235519
12/16/2021 18:00:00,0.511322729608604
12/16/2021 19:00:00,0.376001942267691
12/16/2021 20:00:00,0.449751620457339
12/16/2021 21:00:00,0.330315011599481
12/16/2021 22:00:00,0.288505500631448
12/16/2021 23:00:00,0.286986815709165
12/17/2021 00:00:00,0.364025095598345
12/17/2021 01:00:00,0.36228446466203
12/17/2021 02:00:00,0.350817339380704
12/17/2021 03:00:00,0.326835964528281
12/17/2021 04:00:00,0.376451492578592
12/17/2021 05:00:00,0.410622921291296
12/17/2021 06:00:00,0.394004129068971
12/17/2021 07:00:00,0.323536666127357
12/17/2021 08:00:00,0.352355720840732
12/17/2021 09:00:00,0.41402914546828
12/17/2021 10:00:00,0.491253236549413
12/17/2021 11:00:00,0.37856027521562
12/17/2021 12:00:00,0.453484607547252
12/17/2021 13:00:00,0.296425826325283
12/17/2021 14:00:00,0.311986636379079
12/17/2021 15:00:00,0.317473262726225
12/17/2021 16:00:00,0.329132313759986
12/17/2021 17:00:00,0.317136692173709
12/17/2021 18:00:00,0.405071536699888
12/17/2021 19:00:00,0.420054624076696
12/17/2021 20:00:00,0.301023501035168
12/17/2021 21:00:00,0.219220662650772
12/17/2021 22:00:00,0.252437987703171
12/17/2021 23:00:00,0.223994351723309
12/18/2021 00:00:00,0.212355010315995
12/18/2021 01:00:00,0.229774106759541
12/18/2021 02:00:00,0.34614045714575
12/18/2021 03:00:00,0.31035320223292
12/18/2021 04:00:00,0.353453220153959
12/18/2021 05:00:00,0.384996435640553
12/18/2021 06:00:00,0.281887775136181
12/18/2021 07:00:00,0.317517254677105
12/18/2021 08:00:00,0.32149158542898
12/18/2021 09:00:00,0.323340164843505
12/18/2021 10:00:00,0.334317923123258
12/18/2021 11:00:00,0.351757742309373
12/18/2021 12:00:00,0.399127673685485
12/18/2021 13:00:00,0.397532081418085
12/18/2021 14:00:00,0.364077278518188
12/18/2021 15:00:00,0.34382629627416
12/18/2021 16:00:00,0.375707274494073
12/18/2021 17:00:00,0.493029416404469
12/18/2021 18:00:00,0.416626115609914
12/18/2021 19:00:00,0.293912864197342
12/18/2021 20:00:00,0.0621493683600114
12/18/2021 21:00:00,0.216171151898153
12/18/2021 22:00:00,0.175232690667653
12/18/2021 23:00:00,0.192184541401253
12/19/2021 00:00:00,0.230664075398284
12/19/2021 01:00:00,0.196715929820413
12/19/2021 02:00:00,0.220057664115375
12/19/2021 03:00:00,0.268697005448422
12/19/2021 04:00:00,0.320535506869104
12/19/2021 05:00:00,0.261619284507139
12/19/2021 06:00:00,0.272509805728414
12/19/2021 07:00:00,0.320829198888857
12/19/2021 08:00:00,0.301601772975265
12/19/2021 09:00:00,0.301554471403912
12/19/2021 10:00:00,0.289210711700992
12/19/2021 11:00:00,0.269793372476349
12/19/2021 12:00:00,0.312569452064954
12/19/2021 13:00:00,0.26461996025357
12/19/2021 14:00:00,0.274628168990891
12/19/2021 15:00:00,0.303706633096775
12/19/2021 16:00:00,0.291787863280219
12/19/2021 17:00:00,0.313469063213223
12/19/2021 18:00:00,0.293474270586137
12/19/2021 19:00:00,0.265489507910891
12/19/2021 20:00:00,0.291271471545836
12/19/2021 21:00:00,0.254270548497908
12/19/2021 22:00:00,0.283597136388895
12/19/2021 23:00:00,0.264652206960441
12/20/2021 00:00:00,0.283841202790526
12/20/2021 01:00:00,0.275630036437027
12/20/2021 02:00:00,0.30032569408433
12/20/2021 03:00:00,0.272094404203963
12/20/2021 04:00:00,0.28840769566492
12/20/2021 05:00:00,0.298002595085121
12/20/2021 06:00:00,0.275629689348756
12/20/2021 07:00:00,0.28155057795144
12/20/2021 08:00:00,0.25382735730404
12/20/2021 09:00:00,0.262291862485912
12/20/2021 10:00:00,0.271168819265418
12/20/2021 11:00:00,0.2874149912982
12/20/2021 12:00:00,0.240909989909737
12/20/2021 13:00:00,0.287179145880174
12/20/2021 14:00:00,0.304332718916388
12/20/2021 15:00:00,0.259138687550172
12/20/2021 16:00:00,0.256827606459603
12/20/2021 17:00:00,0.313670709019944
12/20/2021 18:00:00,0.356760625649225
12/20/2021 19:00:00,0.346532267411581
12/20/2021 20:00:00,0.289227652878733
12/20/2021 21:00:00,0.279111078059473
12/20/2021 22:00:00,0.213547470705155
12/20/2021 23:00:00,0.230244094205123
12/21/2021 00:00:00,0.229479069810945
12/21/2021 01:00:00,0.203444284952195
12/21/2021 02:00:00,0.220862977208044
12/21/2021 03:00:00,0.243248784214543
12/21/2021 04:00:00,0.223551394413063
12/21/2021 05:00:00,0.228647723680643
12/21/2021 06:00:00,0.271871161275697
12/21/2021 07:00:00,0.284398520597984
12/21/2021 08:00:00,0.297762078650232
12/21/2021 09:00:00,0.329466805566384
12/21/2021 10:00:00,0.320810058617695
12/21/2021 11:00:00,0.323842622922779
12/21/2021 12:00:00,0.342653874928201
12/21/2021 13:00:00,0.350856763537742
12/21/2021 14:00:00,0.385025337948384
12/21/2021 15:00:00,0.398451609058281
12/21/2021 16:00:00,0.370269304244292
12/21/2021 17:00:00,0.344705350261026
12/21/2021 18:00:00,0.307680736033435
12/21/2021 19:00:00,0.262131162749074
12/21/2021 20:00:00,0.314504227004986
12/21/2021 21:00:00,0.300929462577579
12/21/2021 22:00:00,0.259607392996926
12/21/2021 23:00:00,0.25686205949273
12/22/2021 00:00:00,0.273129186022305
12/22/2021 01:00:00,0.274841883349885
12/22/2021 02:00:00,0.280378605868312
12/22/2021 03:00:00,0.379944863264737
12/22/2021 04:00:00,0.331102582614439
12/22/2021 05:00:00,0.375536782172189
12/22/2021 06:00:00,0.351481590729532
12/22/2021 07:00:00,0.352934252815481
12/22/2021 08:00:00,0.321226178102219
12/22/2021 09:00:00,0.31114733379348
12/22/2021 10:00:00,0.31718595635341
12/22/2021 11:00:00,0.347338216992786
12/22/2021 12:00:00,0.336585476234772
12/22/2021 13:00:00,0.309069693188818
12/22/2021 14:00:00,0.285052987931045
12/22/2021 15:00:00,0.196016154970094
12/22/2021 16:00:00,0.206539580013473
12/22/2021 17:00:00,0.23842341231431
12/22/2021 18:00:00,0.233706125113845
12/22/2021 19:00:00,0.213418070945952
12/22/2021 20:00:00,0.238620474264456
12/22/2021 21:00:00,0.210036563623054
12/22/2021 22:00:00,0.228859886677604
12/22/2021 23:00:00,0.188552995973395
12/23/2021 00:00:00,0.192182988458822
12/23/2021 01:00:00,0.227445954500071
12/23/2021 02:00:00,0.175519582903117
12/23/2021 03:00:00,0.178161326189852
12/23/2021 04:00:00,0.27539870354321
12/23/2021 05:00:00,0.321827680374417
12/23/2021 06:00:00,0.355723129279788
12/23/2021 07:00:00,0.212075334195121
12/23/2021 08:00:00,0.192861432160498
12/23/2021 09:00:00,0.328463005314923
12/23/2021 10:00:00,0.264138522434756
12/23/2021 11:00:00,0.212356646757269
12/23/2021 12:00:00,0.373697961539804
12/23/2021 13:00:00,0.294260673558861
12/23/2021 14:00:00,0.239966279596058
12/23/2021 15:00:00,0.293671809476695
12/23/2021 16:00:00,0.254003016758194
12/23/2021 17:00:00,0.399696866980607
12/23/2021 18:00:00,0.310413934027222
12/23/2021 19:00:00,0.305418369355106
12/23/2021 20:00:00,0.260438191549388
12/23/2021 21:00:00,0.329892557828692
12/23/2021 22:00:00,0.2930367341406
12/23/2021 23:00:00,0.308630815360347
12/24/2021 00:00:00,0.274805422038805
12/24/2021 01:00:00,0.271382356034044
12/24/2021 02:00:00,0.342084770973578
12/24/2021 03:00:00,0.27203373306439
12/24/2021 04:00:00,0.245586582911766
12/24/2021 05:00:00,0.284934880608253
12/24/2021 06:00:00,0.394063662464984
12/24/2021 07:00:00,0.412784200668604
12/24/2021 08:00:00,0.397627020201497
12/24/2021 09:00:00,0.471132139195277
12/24/2021 10:00:00,0.582049976318812
12/24/2021 11:00:00,0.487126784652306
12/24/2021 12:00:00,0.319548271198365
12/24/2021 13:00:00,0.274081504213182
12/24/2021 14:00:00,0.338053096845542
12/24/2021 15:00:00,0.338808020792504
12/24/2021 16:00:00,0.420002525060902
12/24/2021 17:00:00,0.377584572001896
12/24/2021 18:00:00,0.486178825758986
12/24/2021 19:00:00,0.380214475633919
12/24/2021 20:00:00,0.449192141559033
12/24/2021 21:00:00,0.290355758378886
12/24/2021 22:00:00,0.375388074160006
12/24/2021 23:00:00,0.34392151291099
12/25/2021 00:00:00,0.263673936141946
12/25/2021 01:00:00,0.224416676170884
12/25/2021 02:00:00,0.241722811053773
12/25/2021 03:00:00,0.37024139128534
12/25/2021 04:00:00,0.387360697209618
12/25/2021 05:00:00,0.403733743437868
12/25/2021 06:00:00,0.310907150937789
12/25/2021 07:00:00,0.434525843688431
12/25/2021 08:00:00,0.368274402183615
12/25/2021 09:00:00,0.520387273407533
12/25/2021 10:00:00,0.505013623767583
12/25/2021 11:00:00,0.324422947778887
12/25/2021 12:00:00,0.289848800117497
12/25/2021 13:00:00,0.298346122599117
12/25/2021 14:00:00,0.34916578985256
12/25/2021 15:00:00,0.506212888212152
12/25/2021 16:00:00,0.429109795266765
12/25/2021 17:00:00,0.380211398567061
12/25/2021 18:00:00,0.46413199414115
12/25/2021 19:00:00,0.485098562401306
12/25/2021 20:00:00,0.550827328197423
12/25/2021 21:00:00,0.673308983604885
12/25/2021 22:00:00,0.701209979247569
12/25/2021 23:00:00,0.641311882171611
12/26/2021 00:00:00,0.558482125748612
12/26/2021 01:00:00,0.466760052261798
12/26/2021 02:00:00,0.45755942926363
12/26/2021 03:00:00,0.397690535778851
12/26/2021 04:00:00,0.464769226572596
12/26/2021 05:00:00,0.397471878925128
12/26/2021 06:00:00,0.405850389844998
12/26/2021 07:00:00,0.406197822199161
12/26/2021 08:00:00,0.389893545644784
12/26/2021 09:00:00,0.452465090449937
12/26/2021 10:00:00,0.395452140883721
12/26/2021 11:00:00,0.375267374496129
12/26/2021 12:00:00,0.488674858427015
12/26/2021 13:00:00,0.433997264570035
12/26/2021 14:00:00,0.475197259823929
12/26/2021 15:00:00,0.51220719231106
12/26/2021 16:00:00,0.456582055127966
12/26/2021 17:00:00,0.513589941872365
12/26/2021 18:00:00,0.563628115132332
12/26/2021 19:00:00,0.449452988543916
12/26/2021 20:00:00,0.424684799257095
12/26/2021 21:00:00,0.450402233362757
12/26/2021 22:00:00,0.41778591584977
12/26/2021 23:00:00,0.376679822264406
12/27/2021 00:00:00,0.340534364302611
12/27/2021 01:00:00,0.351964852625036
12/27/2021 02:00:00,0.305027833160032
12/27/2021 03:00:00,0.312951373499781
12/27/2021 04:00:00,0.321863948995558
12/27/2021 05:00:00,0.378209485126006
12/27/2021 06:00:00,0.393037194304643
12/27/2021 07:00:00,0.388966353814251
12/27/2021 08:00:00,0.443298614069344
12/27/2021 09:00:00,0.422323583092849
12/27/2021 10:00:00,0.400037602550802
12/27/2021 11:00:00,0.448701071847059
12/27/2021 12:00:00,0.309049532747907
12/27/2021 13:00:00,0.412911931050838
12/27/2021 14:00:00,0.316842724350441
12/27/2021 15:00:00,0.306750923543707
12/27/2021 16:00:00,0.324839143456614
12/27/2021 17:00:00,0.364316182403336
12/27/2021 18:00:00,0.481417553140277
12/27/2021 19:00:00,0.481296322634689
12/27/2021 20:00:00,0.394563012402809
12/27/2021 21:00:00,0.355199449995658
12/27/2021 22:00:00,0.290401260625272
12/27/2021 23:00:00,0.329633971217284
12/28/2021 00:00:00,0.266024484004328
12/28/2021 01:00:00,0.238134726414338
12/28/2021 02:00:00,0.290449706268193
12/28/2021 03:00:00,0.29127851882443
12/28/2021 04:00:00,0.276668749465757
12/28/2021 05:00:00,0.368106795578085
12/28/2021 06:00:00,0.305465038193887
12/28/2021 07:00:00,0.348596654911047
12/28/2021 08:00:00,0.295358659544725
12/28/2021 09:00:00,0.266323877879586
12/28/2021 10:00:00,0.293975795854562
12/28/2021 11:00:00,0.424121148646023
12/28/2021 12:00:00,0.348032282771905
12/28/2021 13:00:00,0.292739914975419
12/28/2021 14:00:00,0.337682117244787
12/28/2021 15:00:00,0.354375524216077
12/28/2021 16:00:00,0.353889457658803
12/28/2021 17:00:00,0.384095067134578
12/28/2021 18:00:00,0.417854332680604
12/28/2021 19:00:00,0.421916272929994
12/28/2021 20:00:00,0.365888592753943
12/28/2021 21:00:00,0.437064477536498
12/28/2021 22:00:00,0.461986522644058
12/28/2021 23:00:00,0.380301439743335
12/29/2021 00:00:00,0.295277500917844
12/29/2021 01:00:00,0.331040193461827
12/29/2021 02:00:00,0.337530995993853
12/29/2021 03:00:00,0.371950548498253
12/29/2021 04:00:00,0.432553055253075
12/29/2021 05:00:00,0.396232362880134
12/29/2021 06:00:00,0.4488668730116
12/29/2021 07:00:00,0.43693706632668
12/29/2021 08:00:00,0.443722895401655
12/29/2021 09:00:00,0.387010526165557
12/29/2021 10:00:00,0.364068347132383
12/29/2021 11:00:00,0.377126332902824
12/29/2021 12:00:00,0.452978518255959
12/29/2021 13:00:00,0.458177815695027
12/29/2021 14:00:00,0.463290274297745
12/29/2021 15:00:00,0.437155901407728
12/29/2021 16:00:00,0.393900911487996
12/29/2021 17:00:00,0.461503491418092
12/29/2021 18:00:00,0.517399834074446
12/29/2021 19:00:00,0.557550220025482
12/29/2021 20:00:00,0.497184379634555
12/29/2021 21:00:00,0.445321569531957
12/29/2021 22:00:00,0.417354919810468
12/29/2021 23:00:00,0.388780443818014
12/30/2021 00:00:00,0.407664997666684
12/30/2021 01:00:00,0.396762737448007
12/30/2021 02:00:00,0.406206152447748
12/30/2021 03:00:00,0.374720760590958
12/30/2021 04:00:00,0.385646326423685
12/30/2021 05:00:00,0.395409991961301
12/30/2021 06:00:00,0.40125048558894
12/30/2021 07:00:00,0.388918849017093
12/30/2021 08:00:00,0.396722591786725
12/30/2021 09:00:00,0.400741100592994
12/30/2021 10:00:00,0.406411117822536
12/30/2021 11:00:00,0.374532676943095
12/30/2021 12:00:00,0.32951887224537
12/30/2021 13:00:00,0.367767720179679
12/30/2021 14:00:00,0.377310551760381
12/30/2021 15:00:00,0.393889327698702
12/30/2021 16:00:00,0.392756538560211
12/30/2021 17:00:00,0.440642708901539
12/30/2021 18:00:00,0.399198578544168
12/30/2021 19:00:00,0.411034133926099
12/30/2021 20:00:00,0.420329856950304
12/30/2021 21:00:00,0.392464810783786
12/30/2021 22:00:00,0.382686696021089
12/30/2021 23:00:00,0.369627894604323
12/31/2021 00:00:00,0.35046548378375
12/31/2021 01:00:00,0.423674516484911
12/31/2021 02:00:00,0.428789658301603
12/31/2021 03:00:00,0.388375075504108
12/31/2021 04:00:00,0.34796911155521
12/31/2021 05:00:00,0.46105134741039
12/31/2021 06:00:00,0.433365052129808
12/31/2021 07:00:00,0.425359361366801
12/31/2021 08:00:00,0.477779140429201
12/31/2021 09:00:00,0.496698008967905
12/31/2021 10:00:00,0.476567117416093
12/31/2021 11:00:00,0.502053820308421
12/31/2021 12:00:00,0.497176674693535
12/31/2021 13:00:00,0.498299719063995
12/31/2021 14:00:00,0.488503495626176
12/31/2021 15:00:00,0.47798974168096
12/31/2021 16:00:00,0.467962564012224
12/31/2021 17:00:00,0.455144970897526
12/31/2021 18:00:00,0.494466536858071
12/31/2021 19:00:00,0.42682272168545
12/31/2021 20:00:00,0.451001609137824
12/31/2021 21:00:00,0.475692924652921
12/31/2021 22:00:00,0.353434246474275
12/31/2021 23:00:00,0.360519241127284
01/01/2022 00:00:00,0.352319300456557
01/01/2022 01:00:00,0.386616581794627
01/01/2022 02:00:00,0.334592415936751
01/01/2022 03:00:00,0.376793775686235
01/01/2022 04:00:00,0.442530151765595
01/01/2022 05:00:00,0.459978020030871
01/01/2022 06:00:00,0.435829170948813
01/01/2022 07:00:00,0.397654936577108
01/01/2022 08:00:00,0.299755825787825
01/01/2022 09:00:00,0.439856610638272
01/01/2022 10:00:00,0.371452783077226
01/01/2022 11:00:00,0.497694207934805
01/01/2022 12:00:00,0.495368473520698
01/01/2022 13:00:00,0.517216898754324
01/01/2022 14:00:00,0.3958997460101
01/01/2022 15:00:00,0.386593174876198
01/01/2022 16:00:00,0.480631679199603
01/01/2022 17:00:00,0.477758044755685
01/01/2022 18:00:00,0.493342168473783
01/01/2022 19:00:00,0.540226823535141
01/01/2022 20:00:00,0.519438912041028
01/01/2022 21:00:00,0.495679396799096
01/01/2022 22:00:00,0.470643149542577
01/01/2022 23:00:00,0.46103555429711
01/02/2022 00:00:00,0.417844597334899
01/02/2022 01:00:00,0.412036357398562
01/02/2022 02:00:00,0.410046733422952
01/02/2022 03:00:00,0.398734551820904
01/02/2022 04:00:00,0.395465963210213
01/02/2022 05:00:00,0.407012995268141
01/02/2022 06:00:00,0.363270870632476
01/02/2022 07:00:00,0.299094516888004
01/02/2022 08:00:00,0.260029560443868
01/02/2022 09:00:00,0.32917346366005
01/02/2022 10:00:00,0.417167788962581
01/02/2022 11:00:00,0.439779223100093
01/02/2022 12:00:00,0.483548214090242
01/02/2022 13:00:00,0.494601870112499
01/02/2022 14:00:00,0.529903124948767
01/02/2022 15:00:00,0.491657117167244
01/02/2022 16:00:00,0.403760974798213
01/02/2022 17:00:00,0.406604526261822
01/02/2022 18:00:00,0.34932135958615
01/02/2022 19:00:00,0.432818363202332
01/02/2022 20:00:00,0.391137200952815
01/02/2022 21:00:00,0.339137194058877
01/02/2022 22:00:00,0.281595064981124
01/02/2022 23:00:00,0.384255160587799
01/03/2022 00:00:00,0.2749146522568
01/03/2022 01:00:00,0.241452944166864
01/03/2022 02:00:00,0.256063660542134
01/03/2022 03:00:00,0.257969426481697
01/03/2022 04:00:00,0.564437052107462
01/03/2022 05:00:00,0.383849899763429
01/03/2022 06:00:00,0.210674733020852
01/03/2022 07:00:00,0.26728151113297
01/03/2022 08:00:00,0.21170064741621
01/03/2022 09:00:00,0.226911880163871
01/03/2022 10:00:00,0.286431859506001
01/03/2022 11:00:00,0.286541617488054
01/03/2022 12:00:00,0.278015332414906
01/03/2022 13:00:00,0.223271365040352
01/03/2022 14:00:00,0.220916590390591
01/03/2022 15:00:00,0.296825455550053
01/03/2022 16:00:00,0.246784650030292
01/03/2022 17:00:00,0.269609016883228
01/03/2022 18:00:00,0.343272322701093
01/03/2022 19:00:00,0.405153197304638
01/03/2022 20:00:00,0.27540423112867
01/03/2022 21:00:00,0.300018749197834
01/03/2022 22:00:00,0.256778202100335
01/03/2022 23:00:00,0.228524021781753
01/04/2022 00:00:00,0.227245526197176
01/04/2022 01:00:00,0.216884044751775
01/04/2022 02:00:00,0.210077080713056
01/04/2022 03:00:00,0.192442521555973
01/04/2022 04:00:00,0.200846928191563
01/04/2022 05:00:00,0.231211542950164
01/04/2022 06:00:00,0.27178922466794
01/04/2022 07:00:00,0.293623035517125
01/04/2022 08:00:00,0.303049273052576
01/04/2022 09:00:00,0.311448036061633
01/04/2022 10:00:00,0.336990568036223
01/04/2022 11:00:00,0.362017179055623
01/04/2022 12:00:00,0.25537655010132
01/04/2022 13:00:00,0.276274945787431
01/04/2022 14:00:00,0.226545775644473
01/04/2022 15:00:00,0.212350837708444
01/04/2022 16:00:00,0.222425329185048
01/04/2022 17:00:00,0.285796550407242
01/04/2022 18:00:00,0.258345415829002
01/04/2022 19:00:00,0.206959825839479
01/04/2022 20:00:00,0.265849988922937
01/04/2022 21:00:00,0.306278885543851
01/04/2022 22:00:00,0.36200228393547
01/04/2022 23:00:00,0.508861344383692
01/05/2022 00:00:00,0.32813257128951
01/05/2022 01:00:00,0.434651125103191
01/05/2022 02:00:00,0.473999281249941
01/05/2022 03:00:00,0.425824746491897
01/05/2022 04:00:00,0.398667292143858
01/05/2022 05:00:00,0.50027974679633
01/05/2022 06:00:00,0.459298803764904
01/05/2022 07:00:00,0.359239451119672
01/05/2022 08:00:00,0.318872324415993
01/05/2022 09:00:00,0.297308491729614
01/05/2022 10:00:00,0.503385252766587
01/05/2022 11:00:00,0.410532247502203
01/05/2022 12:00:00,0.614433117239546
01/05/2022 13:00:00,0.498441532719389
01/05/2022 14:00:00,0.458136351742198
01/05/2022 15:00:00,0.364732118002985
01/05/2022 16:00:00,0.232827679604368
01/05/2022 17:00:00,0.26519796147311
01/05/2022 18:00:00,0.282452823140913
01/05/2022 19:00:00,0.337418248179121
01/05/2022 20:00:00,0.259333499204078
01/05/2022 21:00:00,0.235289075403712
01/05/2022 22:00:00,0.23777829490318
01/05/2022 23:00:00,0.256964462155605
01/06/2022 00:00:00,0.210553058979682
01/06/2022 01:00:00,0.230716451951489
01/06/2022 02:00:00,0.312247768523516
01/06/2022 03:00:00,0.282465018640089
01/06/2022 04:00:00,0.268580360168888
01/06/2022 05:00:00,0.404255199450292
01/06/2022 06:00:00,0.507392232691104
01/06/2022 07:00:00,0.470537129636274
01/06/2022 08:00:00,0.481488006714397
01/06/2022 09:00:00,0.356060363961665
01/06/2022 10:00:00,0.400897300103877
01/06/2022 11:00:00,0.357274546159371
01/06/2022 12:00:00,0.333561183779651
01/06/2022 13:00:00,0.390274619879597
01/06/2022 14:00:00,0.345131182479078
01/06/2022 15:00:00,0.373440804923855
01/06/2022 16:00:00,0.315424943319803
01/06/2022 17:00:00,0.314292848716633
01/06/2022 18:00:00,0.314264376092058
01/06/2022 19:00:00,0.271354673926858
01/06/2022 20:00:00,0.267287604382361
01/06/2022 21:00:00,0.232806313566008
01/06/2022 22:00:00,0.218767713803711
01/06/2022 23:00:00,0.166546258645143
01/07/2022 00:00:00,0.181995158183783
01/07/2022 01:00:00,0.181060394754092
01/07/2022 02:00:00,0.195849681953487
01/07/2022 03:00:00,0.199531840607722
01/07/2022 04:00:00,0.203098472078234
01/07/2022 05:00:00,0.211092232310533
01/07/2022 06:00:00,0.282869659132734
01/07/2022 07:00:00,0.269802874382797
01/07/2022 08:00:00,0.274739879383052
01/07/2022 09:00:00,0.302838877145242
01/07/2022 10:00:00,0.278164399390983
01/07/2022 11:00:00,0.245834138091983
01/07/2022 12:00:00,0.239349039203027
01/07/2022 13:00:00,0.254774394176358
01/07/2022 14:00:00,0.260658177744893
01/07/2022 15:00:00,0.298093160131306
01/07/2022 16:00:00,0.308707615148378
01/07/2022 17:00:00,0.343583154645716
01/07/2022 18:00:00,0.355143050029628
01/07/2022 19:00:00,0.369136414784814
01/07/2022 20:00:00,0.29508783277712
01/07/2022 21:00:00,0.310950444444705
01/07/2022 22:00:00,0.305490800177491
01/07/2022 23:00:00,0.365038214941011
01/08/2022 00:00:00,0.33682532987015
01/08/2022 01:00:00,0.392904707000246
01/08/2022 02:00:00,0.376798861484349
01/08/2022 03:00:00,0.318601867470404
01/08/2022 04:00:00,0.298320033574444
01/08/2022 05:00:00,0.313969093417764
01/08/2022 06:00:00,0.308538261759273
01/08/2022 07:00:00,0.311763321067842
01/08/2022 08:00:00,0.363563972297452
01/08/2022 09:00:00,0.32917956758428
01/08/2022 10:00:00,0.405497255268019
01/08/2022 11:00:00,0.379144843947459
01/08/2022 12:00:00,0.342053932061596
01/08/2022 13:00:00,0.339262858334936
01/08/2022 14:00:00,0.470322697320396
01/08/2022 15:00:00,0.41617497858829
01/08/2022 16:00:00,0.349527684826926
01/08/2022 17:00:00,0.302034417466886
01/08/2022 18:00:00,0.309688494387586
01/08/2022 19:00:00,0.262766497055392
01/08/2022 20:00:00,0.328227784486612
01/08/2022 21:00:00,0.308670275094338
01/08/2022 22:00:00,0.368513512821519
01/08/2022 23:00:00,0.295015952589082
01/09/2022 00:00:00,0.344649337431575
01/09/2022 01:00:00,0.352802083758317
01/09/2022 02:00:00,0.39376876151296
01/09/2022 03:00:00,0.383911508858963
01/09/2022 04:00:00,0.506788628057696
01/09/2022 05:00:00,0.468390218584512
01/09/2022 06:00:00,0.395642533461663
01/09/2022 07:00:00,0.40321975364043
01/09/2022 08:00:00,0.443601812241309
01/09/2022 09:00:00,0.488163062828731
01/09/2022 10:00:00,0.438110227640125
01/09/2022 11:00:00,0.364811918515106
01/09/2022 12:00:00,0.479622273012988
01/09/2022 13:00:00,0.484375675873362
01/09/2022 14:00:00,0.377807702780064
01/09/2022 15:00:00,0.420407050073569
01/09/2022 16:00:00,0.467555806787718
01/09/2022 17:00:00,0.376473719416245
01/09/2022 18:00:00,0.366333921922938
01/09/2022 19:00:00,0.379267252775885
01/09/2022 20:00:00,0.359259004978094
01/09/2022 21:00:00,0.361583129544613
01/09/2022 22:00:00,0.320441236993118
01/09/2022 23:00:00,0.26735732050545
01/10/2022 00:00:00,0.281438689267339
01/10/2022 01:00:00,0.342244091411268
01/10/2022 02:00:00,0.307882070008063
01/10/2022 03:00:00,0.261222987182844
01/10/2022 04:00:00,0.269991548917773
01/10/2022 05:00:00,0.255334050664859
01/10/2022 06:00:00,0.268643122109681
01/10/2022 07:00:00,0.282478163873626
01/10/2022 08:00:00,0.292679749477203
01/10/2022 09:00:00,0.278427255460659
01/10/2022 10:00:00,0.297345523767374
01/10/2022 11:00:00,0.282077495678647
01/10/2022 12:00:00,0.25743627449791
01/10/2022 13:00:00,0.245979564735896
01/10/2022 14:00:00,0.279831668343543
01/10/2022 15:00:00,0.276658519328129
01/10/2022 16:00:00,0.363520016115032
01/10/2022 17:00:00,0.278536878701513
01/10/2022 18:00:00,0.228631228860131
01/10/2022 19:00:00,0.298292504868656
01/10/2022 20:00:00,0.201506064292645
01/10/2022 21:00:00,0.219602115701489
01/10/2022 22:00:00,0.198442332845427
01/10/2022 23:00:00,0.234768804655766
01/11/2022 00:00:00,0.140304586214179
01/11/2022 01:00:00,0.287244369768045
01/11/2022 02:00:00,0.2394546055828
01/11/2022 03:00:00,0.32333850312635
01/11/2022 04:00:00,0.277849655748821
01/11/2022 05:00:00,0.189187937503743
01/11/2022 06:00:00,0.219842906541303
01/11/2022 07:00:00,0.236503380367102
01/11/2022 08:00:00,0.196393555154596
01/11/2022 09:00:00,0.205283699150741
01/11/2022 10:00:00,0.214603913131171
01/11/2022 11:00:00,0.218077009504346
01/11/2022 12:00:00,0.193013744090026
01/11/2022 13:00:00,0.215857247329827
01/11/2022 14:00:00,0.240030488707741
01/11/2022 15:00:00,0.205789851817452
01/11/2022 16:00:00,0.178383221117737
01/11/2022 17:00:00,0.172327075995814
01/11/2022 18:00:00,0.255503029590615
01/11/2022 19:00:00,0.200575643566819
01/11/2022 20:00:00,0.263084949560421
01/11/2022 21:00:00,0.206638502923015
01/11/2022 22:00:00,0.229642089105285
01/11/2022 23:00:00,0.212867695591489
01/12/2022 00:00:00,0.213317465833986
01/12/2022 01:00:00,0.225985615276282
01/12/2022 02:00:00,0.161419937143876
01/12/2022 03:00:00,0.166538243755211
01/12/2022 04:00:00,0.13744240960183
01/12/2022 05:00:00,0.171113019833593
01/12/2022 06:00:00,0.181380056910288
01/12/2022 07:00:00,0.192107535522549
01/12/2022 08:00:00,0.216744921709145
01/12/2022 09:00:00,0.178076873687921
01/12/2022 10:00:00,0.217506131269936
01/12/2022 11:00:00,0.212541812068098
01/12/2022 12:00:00,0.244195621886452
01/12/2022 13:00:00,0.222330648583994
01/12/2022 14:00:00,0.233011885470723
01/12/2022 15:00:00,0.252252749245595
01/12/2022 16:00:00,0.234351956527549
01/12/2022 17:00:00,0.194279186719903
01/12/2022 18:00:00,0.217296887776283
01/12/2022 19:00:00,0.197843320151155
01/12/2022 20:00:00,0.210112267250212
01/12/2022 21:00:00,0.247021707663449
01/12/2022 22:00:00,0.222508019359836
01/12/2022 23:00:00,0.218521074328737
01/13/2022 00:00:00,0.223903732827171
01/13/2022 01:00:00,0.237195301803177
01/13/2022 02:00:00,0.28907263479125
01/13/2022 03:00:00,0.28155797014414
01/13/2022 04:00:00,0.342598209043269
01/13/2022 05:00:00,0.284094699570655
01/13/2022 06:00:00,0.279580386242833
01/13/2022 07:00:00,0.289008188706081
01/13/2022 08:00:00,0.292172019111547
01/13/2022 09:00:00,0.297136079163277
01/13/2022 10:00:00,0.300955334590465
01/13/2022 11:00:00,0.293034997670452
01/13/2022 12:00:00,0.292265060018291
01/13/2022 13:00:00,0.292542232870716
01/13/2022 14:00:00,0.309649377859481
01/13/2022 15:00:00,0.32506297429986
01/13/2022 16:00:00,0.277223335161217
01/13/2022 17:00:00,0.275263201209042
01/13/2022 18:00:00,0.26725953984554
01/13/2022 19:00:00,0.308629039332754
01/13/2022 20:00:00,0.262669043759936
01/13/2022 21:00:00,0.257229179711687
01/13/2022 22:00:00,0.237468292245864
01/13/2022 23:00:00,0.231462323981931
01/14/2022 00:00:00,0.206809587958924
01/14/2022 01:00:00,0.185385270937136
01/14/2022 02:00:00,0.195681468607591
01/14/2022 03:00:00,0.18983801353212
01/14/2022 04:00:00,0.190686392908617
01/14/2022 05:00:00,0.214217309231987
01/14/2022 06:00:00,0.223146969590984
01/14/2022 07:00:00,0.223504938834545
01/14/2022 08:00:00,0.219051869123937
01/14/2022 09:00:00,0.216732643260547
01/14/2022 10:00:00,0.235269421471937
01/14/2022 11:00:00,0.240810917701587
01/14/2022 12:00:00,0.224804774487356
01/14/2022 13:00:00,0.21974728050936
01/14/2022 14:00:00,0.242235952559725
01/14/2022 15:00:00,0.26824126074396
01/14/2022 16:00:00,0.216534789824812
01/14/2022 17:00:00,0.252281714920043
01/14/2022 18:00:00,0.240469845922552
01/14/2022 19:00:00,0.254696307399044
01/14/2022 20:00:00,0.300097790703851
01/14/2022 21:00:00,0.228327740671709
01/14/2022 22:00:00,0.25786436231307
01/14/2022 23:00:00,0.380390328907008
01/15/2022 00:00:00,0.24507595551755
01/15/2022 01:00:00,0.242044171639578
01/15/2022 02:00:00,0.258740042316675
01/15/2022 03:00:00,0.277578619568779
01/15/2022 04:00:00,0.358240473391481
01/15/2022 05:00:00,0.369705317423514
01/15/2022 06:00:00,0.496679671025172
01/15/2022 07:00:00,0.457596005760349
01/15/2022 08:00:00,0.294943034191018
01/15/2022 09:00:00,0.332152814244856
01/15/2022 10:00:00,0.279465426166511
01/15/2022 11:00:00,0.350191083639445
01/15/2022 12:00:00,0.305760049760184
01/15/2022 13:00:00,0.261660304133246
01/15/2022 14:00:00,0.345094514143691
01/15/2022 15:00:00,0.447085375285276
01/15/2022 16:00:00,0.402035558368154
01/15/2022 17:00:00,0.417521558594385
01/15/2022 18:00:00,0.461595899018479
01/15/2022 19:00:00,0.295747776923587
01/15/2022 20:00:00,0.393454083857806
01/15/2022 21:00:00,0.430618948736867
01/15/2022 22:00:00,0.448528907790954
01/15/2022 23:00:00,0.332010895308076
01/16/2022 00:00:00,0.315168529212745
01/16/2022 01:00:00,0.294529031477535
01/16/2022 02:00:00,0.329242606480789
01/16/2022 03:00:00,0.308328365299155
01/16/2022 04:00:00,0.360080405730524
01/16/2022 05:00:00,0.304455556494945
01/16/2022 06:00:00,0.347974205521791
01/16/2022 07:00:00,0.391160037359618
01/16/2022 08:00:00,0.389193272492348
01/16/2022 09:00:00,0.315841851816083
01/16/2022 10:00:00,0.354540077112112
01/16/2022 11:00:00,0.388209702597446
01/16/2022 12:00:00,0.412825736110166
01/16/2022 13:00:00,0.422967713484491
01/16/2022 14:00:00,0.440600516086857
01/16/2022 15:00:00,0.470468748545198
01/16/2022 16:00:00,0.445632019035501
01/16/2022 17:00:00,0.415367215571549
01/16/2022 18:00:00,0.404588873592332
01/16/2022 19:00:00,0.35400518075612
01/16/2022 20:00:00,0.318643123552941
01/16/2022 21:00:00,0.30478320557174
01/16/2022 22:00:00,0.289135317387106
01/16/2022 23:00:00,0.24874408669775
01/17/2022 00:00:00,0.209740609695126
01/17/2022 01:00:00,0.191263693283534
01/17/2022 02:00:00,0.187143049748997
01/17/2022 03:00:00,0.197211067443412
01/17/2022 04:00:00,0.214503165147864
01/17/2022 05:00:00,0.206917231350199
01/17/2022 06:00:00,0.260012305709447
01/17/2022 07:00:00,0.242243462493597
01/17/2022 08:00:00,0.224824719247532
01/17/2022 09:00:00,0.229386748902912
01/17/2022 10:00:00,0.226902198529036
01/17/2022 11:00:00,0.253635036204116
01/17/2022 12:00:00,0.239124254298691
01/17/2022 13:00:00,0.226089014121678
01/17/2022 14:00:00,0.222903511282432
01/17/2022 15:00:00,0.280113231636093
01/17/2022 16:00:00,0.321165112589279
01/17/2022 17:00:00,0.37594296739733
01/17/2022 18:00:00,0.343126589717293
01/17/2022 19:00:00,0.412410384845639
01/17/2022 20:00:00,0.394335991800743
01/17/2022 21:00:00,0.359609828082487
01/17/2022 22:00:00,0.353066863480654
01/17/2022 23:00:00,0.336161901923235
01/18/2022 00:00:00,0.388127961541404
01/18/2022 01:00:00,0.303550110550577
01/18/2022 02:00:00,0.404020392664004
01/18/2022 03:00:00,0.383817669750208
01/18/2022 04:00:00,0.292595298929666
01/18/2022 05:00:00,0.287763634825682
01/18/2022 06:00:00,0.37325330531635
01/18/2022 07:00:00,0.403691885030175
01/18/2022 08:00:00,0.345688110824043
01/18/2022 09:00:00,0.304288882347503
01/18/2022 10:00:00,0.372469508980172
01/18/2022 11:00:00,0.249134070911001
01/18/2022 12:00:00,0.298374304782116
01/18/2022 13:00:00,0.180779091083076
01/18/2022 14:00:00,0.222369911727341
01/18/2022 15:00:00,0.218149929961029
01/18/2022 16:00:00,0.224280380403126
01/18/2022 17:00:00,0.305927841086351
01/18/2022 18:00:00,0.370539578963992
01/18/2022 19:00:00,0.325078373799336
01/18/2022 20:00:00,0.276565852064381
01/18/2022 21:00:00,0.320458724400705
01/18/2022 22:00:00,0.290270740633998
01/18/2022 23:00:00,0.32062089225834
01/19/2022 00:00:00,0.370851509332008
01/19/2022 01:00:00,0.273540397797701
01/19/2022 02:00:00,0.300266908448226
01/19/2022 03:00:00,0.282570927826762
01/19/2022 04:00:00,0.432910268093216
01/19/2022 05:00:00,0.277360929390801
01/19/2022 06:00:00,0.443230146274568
01/19/2022 07:00:00,0.371512916327388
01/19/2022 08:00:00,0.436332526044631
01/19/2022 09:00:00,0.338061979752572
01/19/2022 10:00:00,0.306701699019657
01/19/2022 11:00:00,0.32260168520748
01/19/2022 12:00:00,0.344114625136014
01/19/2022 13:00:00,0.364956122811999
01/19/2022 14:00:00,0.253343943389295
01/19/2022 15:00:00,0.318111623632056
01/19/2022 16:00:00,0.411649706488023
01/19/2022 17:00:00,0.439047593953682
01/19/2022 18:00:00,0.497710361884008
01/19/2022 19:00:00,0.411405299190102
01/19/2022 20:00:00,0.561547488774015
01/19/2022 21:00:00,0.553333989105654
01/19/2022 22:00:00,0.604167320530742
01/19/2022 23:00:00,0.517712711446835
01/20/2022 00:00:00,0.439324962378642
01/20/2022 01:00:00,0.398629309318034
01/20/2022 02:00:00,0.362272785096154
01/20/2022 03:00:00,0.383313805047386
01/20/2022 04:00:00,0.444218556344728
01/20/2022 05:00:00,0.278138614485393
01/20/2022 06:00:00,0.31674295703431
01/20/2022 07:00:00,0.382465555317524
01/20/2022 08:00:00,0.311534405176579
01/20/2022 09:00:00,0.406919548673774
01/20/2022 10:00:00,0.390843902953472
01/20/2022 11:00:00,0.433982880578509
01/20/2022 12:00:00,0.350606299001396
01/20/2022 13:00:00,0.342333817552746
01/20/2022 14:00:00,0.350210410748878
01/20/2022 15:00:00,0.326613202952562
01/20/2022 16:00:00,0.310185756514702
01/20/2022 17:00:00,0.372776515097384
01/20/2022 18:00:00,0.346980018948988
01/20/2022 19:00:00,0.262316444794934
01/20/2022 20:00:00,0.342039783732509
01/20/2022 21:00:00,0.286030829940632
01/20/2022 22:00:00,0.301931944980295
01/20/2022 23:00:00,0.297148095317027
01/21/2022 00:00:00,0.280024133445592
01/21/2022 01:00:00,0.217609641240493
01/21/2022 02:00:00,0.196996053803758
01/21/2022 03:00:00,0.159880951185459
01/21/2022 04:00:00,0.2177559404543
01/21/2022 05:00:00,0.216092687771595
01/21/2022 06:00:00,0.20253683497976
01/21/2022 07:00:00,0.237086991379687
01/21/2022 08:00:00,0.207087086567314
01/21/2022 09:00:00,0.178975389360275
01/21/2022 10:00:00,0.22176808752643
01/21/2022 11:00:00,0.211502983532402
01/21/2022 12:00:00,0.211848139435046
01/21/2022 13:00:00,0.210179244126362
01/21/2022 14:00:00,0.257074469470625
01/21/2022 15:00:00,0.241720684031705
01/21/2022 16:00:00,0.245470430639557
01/21/2022 17:00:00,0.256947458541827
01/21/2022 18:00:00,0.205045961251291
01/21/2022 19:00:00,0.254058796834527
01/21/2022 20:00:00,0.271537059563364
01/21/2022 21:00:00,0.277306793803999
01/21/2022 22:00:00,0.249937948819549
01/21/2022 23:00:00,0.261019205807898
01/22/2022 00:00:00,0.204398691288761
01/22/2022 01:00:00,0.177646035048442
01/22/2022 02:00:00,0.20169471444559
01/22/2022 03:00:00,0.187296126104355
01/22/2022 04:00:00,0.218180525729958
01/22/2022 05:00:00,0.216415979343116
01/22/2022 06:00:00,0.255916120270918
01/22/2022 07:00:00,0.252995264328094
01/22/2022 08:00:00,0.325525176089457
01/22/2022 09:00:00,0.294943071530777
01/22/2022 10:00:00,0.292447955635031
01/22/2022 11:00:00,0.313764962806678
01/22/2022 12:00:00,0.342686838366302
01/22/2022 13:00:00,0.322040423429155
01/22/2022 14:00:00,0.366706220798228
01/22/2022 15:00:00,0.362597858143653
01/22/2022 16:00:00,0.334316576077797
01/22/2022 17:00:00,0.415362133391062
01/22/2022 18:00:00,0.308097389639923
01/22/2022 19:00:00,0.327164553838545
01/22/2022 20:00:00,0.206039098790877
01/22/2022 21:00:00,0.262651134023197
01/22/2022 22:00:00,0.278153206158661
01/22/2022 23:00:00,0.251171188261458
01/23/2022 00:00:00,0.239206013214385
01/23/2022 01:00:00,0.203024887560529
01/23/2022 02:00:00,0.186530571833368
01/23/2022 03:00:00,0.182757052499841
01/23/2022 04:00:00,0.186677210762787
01/23/2022 05:00:00,0.205841635640247
01/23/2022 06:00:00,0.212655321044429
01/23/2022 07:00:00,0.247912755219336
01/23/2022 08:00:00,0.267376782310938
01/23/2022 09:00:00,0.2340366237622
01/23/2022 10:00:00,0.251749679197776
01/23/2022 11:00:00,0.288171868802501
01/23/2022 12:00:00,0.272010833273251
01/23/2022 13:00:00,0.303774619827015
01/23/2022 14:00:00,0.23488935845103
01/23/2022 15:00:00,0.279887863037083
01/23/2022 16:00:00,0.277507333699181
01/23/2022 17:00:00,0.368103627658674
01/23/2022 18:00:00,0.357889048933091
01/23/2022 19:00:00,0.344291012745632
01/23/2022 20:00:00,0.321736753170863
01/23/2022 21:00:00,0.361466442282805
01/23/2022 22:00:00,0.305330693918744
01/23/2022 23:00:00,0.24961998804869
01/24/2022 00:00:00,0.305683944141257
01/24/2022 01:00:00,0.263641679241695
01/24/2022 02:00:00,0.390647353805591
01/24/2022 03:00:00,0.322088968036632
01/24/2022 04:00:00,0.261146274457106
01/24/2022 05:00:00,0.295544308496159
01/24/2022 06:00:00,0.267494838676719
01/24/2022 07:00:00,0.279747345877252
01/24/2022 08:00:00,0.327362857812419
01/24/2022 09:00:00,0.278828540337553
01/24/2022 10:00:00,0.268604373934423
01/24/2022 11:00:00,0.397250091581709
01/24/2022 12:00:00,0.492687221888714
01/24/2022 13:00:00,0.324393628484974
01/24/2022 14:00:00,0.3002750551427
01/24/2022 15:00:00,0.296545750849379
01/24/2022 16:00:00,0.274380761245586
01/24/2022 17:00:00,0.345264419070851
01/24/2022 18:00:00,0.363002338212932
01/24/2022 19:00:00,0.323240330655278
01/24/2022 20:00:00,0.337159900356147
01/24/2022 21:00:00,0.341269121235951
01/24/2022 22:00:00,0.33052970507868
01/24/2022 23:00:00,0.344977472055388
01/25/2022 00:00:00,0.465772944661517
01/25/2022 01:00:00,0.411942358792784
01/25/2022 02:00:00,0.384859587411051
01/25/2022 03:00:00,0.369746138425615
01/25/2022 04:00:00,0.361083924472618
01/25/2022 05:00:00,0.40367828042978
01/25/2022 06:00:00,0.414439308870747
01/25/2022 07:00:00,0.381744410034707
01/25/2022 08:00:00,0.368341466627755
01/25/2022 09:00:00,0.345401832147878
01/25/2022 10:00:00,0.391626365045393
01/25/2022 11:00:00,0.376274472311053
01/25/2022 12:00:00,0.358458301047955
01/25/2022 13:00:00,0.253835231485598
01/25/2022 14:00:00,0.280607606462491
01/25/2022 15:00:00,0.260452719608806
01/25/2022 16:00:00,0.200613624444418
01/25/2022 17:00:00,0.287359224368679
01/25/2022 18:00:00,0.223859896331611
01/25/2022 19:00:00,0.320328403593471
01/25/2022 20:00:00,0.301309129051834
01/25/2022 21:00:00,0.254556910420366
01/25/2022 22:00:00,0.259457968300828
01/25/2022 23:00:00,0.253302223553507
01/26/2022 00:00:00,0.293805076341404
01/26/2022 01:00:00,0.261673960066439
01/26/2022 02:00:00,0.287515655727966
01/26/2022 03:00:00,0.29242273731852
01/26/2022 04:00:00,0.278970255134711
01/26/2022 05:00:00,0.266821911072211
01/26/2022 06:00:00,0.27931531963427
01/26/2022 07:00:00,0.27673114306829
01/26/2022 08:00:00,0.322526685726401
01/26/2022 09:00:00,0.276527407924025
01/26/2022 10:00:00,0.258918617008094
01/26/2022 11:00:00,0.247663191560192
01/26/2022 12:00:00,0.28633554143704
01/26/2022 13:00:00,0.298230028413474
01/26/2022 14:00:00,0.272084223876287
01/26/2022 15:00:00,0.327295211503193
01/26/2022 16:00:00,0.354570332610939
01/26/2022 17:00:00,0.363979590689061
01/26/2022 18:00:00,0.321733883771847
01/26/2022 19:00:00,0.305846751171013
01/26/2022 20:00:00,0.283792407962867
01/26/2022 21:00:00,0.292590866441119
01/26/2022 22:00:00,0.276698822566545
01/26/2022 23:00:00,0.275405612606521
01/27/2022 00:00:00,0.322126409208034
01/27/2022 01:00:00,0.237048877134213
01/27/2022 02:00:00,0.251092885168982
01/27/2022 03:00:00,0.253751832546703
01/27/2022 04:00:00,0.266407240109886
01/27/2022 05:00:00,0.291017968498177
01/27/2022 06:00:00,0.275136051357589
01/27/2022 07:00:00,0.233190188982172
01/27/2022 08:00:00,0.237398556542202
01/27/2022 09:00:00,0.262214737067933
01/27/2022 10:00:00,0.262848128523677
01/27/2022 11:00:00,0.347427709061557
01/27/2022 12:00:00,0.36894715983408
01/27/2022 13:00:00,0.290114734367286
01/27/2022 14:00:00,0.331608960166525
01/27/2022 15:00:00,0.310133358192247
01/27/2022 16:00:00,0.44268512636903
01/27/2022 17:00:00,0.377145890721489
01/27/2022 18:00:00,0.313325667038538
01/27/2022 19:00:00,0.314066413266605
01/27/2022 20:00:00,0.255461244506654
01/27/2022 21:00:00,0.259361181243883
01/27/2022 22:00:00,0.225996047893885
01/27/2022 23:00:00,0.271086030400689
01/28/2022 00:00:00,0.231966327330481
01/28/2022 01:00:00,0.205268620041251
01/28/2022 02:00:00,0.218627546140705
01/28/2022 03:00:00,0.285337010581498
01/28/2022 04:00:00,0.263354194519963
01/28/2022 05:00:00,0.212825942075987
01/28/2022 06:00:00,0.214309574925897
01/28/2022 07:00:00,0.232737735894488
01/28/2022 08:00:00,0.24055153404918
01/28/2022 09:00:00,0.229739801475809
01/28/2022 10:00:00,0.214632312178371
01/28/2022 11:00:00,0.228322794393675
01/28/2022 12:00:00,0.268170356539445
01/28/2022 13:00:00,0.280799892031456
01/28/2022 14:00:00,0.27026659286962
01/28/2022 15:00:00,0.277991623700808
01/28/2022 16:00:00,0.296709674720151
01/28/2022 17:00:00,0.317188563819755
01/28/2022 18:00:00,0.305921165432499
01/28/2022 19:00:00,0.262575290080393
01/28/2022 20:00:00,0.257093370550641
01/28/2022 21:00:00,0.201431274675449
01/28/2022 22:00:00,0.193202674181757
01/28/2022 23:00:00,0.198556869955486
01/29/2022 00:00:00,0.185048728348868
01/29/2022 01:00:00,0.209136933127674
01/29/2022 02:00:00,0.242654418950455
01/29/2022 03:00:00,0.252893556804112
01/29/2022 04:00:00,0.221339564504734
01/29/2022 05:00:00,0.255854154869132
01/29/2022 06:00:00,0.266207554785103
01/29/2022 07:00:00,0.262808492515475
01/29/2022 08:00:00,0.230711442318662
01/29/2022 09:00:00,0.23586735035933
01/29/2022 10:00:00,0.232860101839336
01/29/2022 11:00:00,0.250374606915359
01/29/2022 12:00:00,0.270107458420613
01/29/2022 13:00:00,0.240572249311869
01/29/2022 14:00:00,0.280614374769135
01/29/2022 15:00:00,0.310467579617999
01/29/2022 16:00:00,0.246440784848295
01/29/2022 17:00:00,0.298403295181549
01/29/2022 18:00:00,0.323460232038993
01/29/2022 19:00:00,0.289837849879185
01/29/2022 20:00:00,0.260108385765745
01/29/2022 21:00:00,0.239494456000092
01/29/2022 22:00:00,0.235051830929647
01/29/2022 23:00:00,0.262296277736756
01/30/2022 00:00:00,0.340370252830079
01/30/2022 01:00:00,0.318745854054589
01/30/2022 02:00:00,0.30723510266942
01/30/2022 03:00:00,0.296111576894563
01/30/2022 04:00:00,0.280605990201323
01/30/2022 05:00:00,0.271550421902039
01/30/2022 06:00:00,0.386623507260811
01/30/2022 07:00:00,0.556291191768063
01/30/2022 08:00:00,0.511763467144663
01/30/2022 09:00:00,0.476382362477131
01/30/2022 10:00:00,0.349003530560385
01/30/2022 11:00:00,0.348087830433747
01/30/2022 12:00:00,0.331728662821424
01/30/2022 13:00:00,0.316371646965128
01/30/2022 14:00:00,0.356884586710464
01/30/2022 15:00:00,0.327515360805387
01/30/2022 16:00:00,0.229845931408897
01/30/2022 17:00:00,0.225182836227858
01/30/2022 18:00:00,0.282771749414123
01/30/2022 19:00:00,0.300559469727967
01/30/2022 20:00:00,0.269734442120934
01/30/2022 21:00:00,0.226429938828987
01/30/2022 22:00:00,0.169036540150551
01/30/2022 23:00:00,0.231529308724246
01/31/2022 00:00:00,0.24368151505117
01/31/2022 01:00:00,0.215557808355871
01/31/2022 02:00:00,0.188473457665089
01/31/2022 03:00:00,0.281202514412862
01/31/2022 04:00:00,0.260525281565905
01/31/2022 05:00:00,0.243820436432745
01/31/2022 06:00:00,0.296726071560353
01/31/2022 07:00:00,0.379975666703727
01/31/2022 08:00:00,0.333454868204458
01/31/2022 09:00:00,0.322016308692603
01/31/2022 10:00:00,0.219858739319922
01/31/2022 11:00:00,0.202971140295291
01/31/2022 12:00:00,0.211487335420234
01/31/2022 13:00:00,0.247415993367534
01/31/2022 14:00:00,0.253718541275765
01/31/2022 15:00:00,0.263672859846576
01/31/2022 16:00:00,0.289919776914195
01/31/2022 17:00:00,0.224056369139226
01/31/2022 18:00:00,0.156909578112938
01/31/2022 19:00:00,0.328979577958494
01/31/2022 20:00:00,0.234137240579487
01/31/2022 21:00:00,0.279880304096789
01/31/2022 22:00:00,0.168686460158544
01/31/2022 23:00:00,0.19268989380286
02/01/2022 00:00:00,0.26195664299262
02/01/2022 01:00:00,0.277688498927513
02/01/2022 02:00:00,0.361223326296006
02/01/2022 03:00:00,0.279756706271052
02/01/2022 04:00:00,0.273569369436662
02/01/2022 05:00:00,0.401393950820223
02/01/2022 06:00:00,0.350861879650451
02/01/2022 07:00:00,0.31132932136183
02/01/2022 08:00:00,0.439696167574722
02/01/2022 09:00:00,0.347694227034231
02/01/2022 10:00:00,0.286950696788964
02/01/2022 11:00:00,0.18324346226891
02/01/2022 12:00:00,0.227930394272261
02/01/2022 13:00:00,0.359357279216419
02/01/2022 14:00:00,0.345893759127647
02/01/2022 15:00:00,0.348081229246606
02/01/2022 16:00:00,0.336847378165719
02/01/2022 17:00:00,0.342984515365158
02/01/2022 18:00:00,0.37420771444205
02/01/2022 19:00:00,0.353855950091665
02/01/2022 20:00:00,0.34323340604226
02/01/2022 21:00:00,0.38210827933815
02/01/2022 22:00:00,0.428863991534399
02/01/2022 23:00:00,0.355774601727338
02/02/2022 00:00:00,0.282583308446085
02/02/2022 01:00:00,0.31311493722402
02/02/2022 02:00:00,0.442113780830544
02/02/2022 03:00:00,0.383875285486343
02/02/2022 04:00:00,0.470832929943212
02/02/2022 05:00:00,0.439507340591915
02/02/2022 06:00:00,0.500460909656485
02/02/2022 07:00:00,0.349146645582101
02/02/2022 08:00:00,0.245478424215775
02/02/2022 09:00:00,0.228625530110637
02/02/2022 10:00:00,0.376721182935961
02/02/2022 11:00:00,0.366161673458329
02/02/2022 12:00:00,0.258134279996046
02/02/2022 13:00:00,0.196003433096755
02/02/2022 14:00:00,0.190989431078949
02/02/2022 15:00:00,0.203498762506164
02/02/2022 16:00:00,0.386283087653841
02/02/2022 17:00:00,0.273325400897161
02/02/2022 18:00:00,0.323668752941231
02/02/2022 19:00:00,0.308693551863674
02/02/2022 20:00:00,0.36701774368456
02/02/2022 21:00:00,0.309146565978774
02/02/2022 22:00:00,0.261092984392917
02/02/2022 23:00:00,0.338105160922475
02/03/2022 00:00:00,0.413614091956418
02/03/2022 01:00:00,0.396005691326926
02/03/2022 02:00:00,0.35665421093636
02/03/2022 03:00:00,0.441655097094306
02/03/2022 04:00:00,0.35781441443482
02/03/2022 05:00:00,0.335923047996042
02/03/2022 06:00:00,0.392914990056659
02/03/2022 07:00:00,0.394407904530477
02/03/2022 08:00:00,0.304177878200875
02/03/2022 09:00:00,0.602984932207713
02/03/2022 10:00:00,0.649942493375842
02/03/2022 11:00:00,0.500659639430744
02/03/2022 12:00:00,0.457200148587168
02/03/2022 13:00:00,0.241601253982398
02/03/2022 14:00:00,0.322629076001087
02/03/2022 15:00:00,0.551340874454777
02/03/2022 16:00:00,0.397303040864247
02/03/2022 17:00:00,0.373266195392468
02/03/2022 18:00:00,0.396056636170025
02/03/2022 19:00:00,0.334410159854605
02/03/2022 20:00:00,0.311876751466218
02/03/2022 21:00:00,0.380138246924991
02/03/2022 22:00:00,0.397647595986427
02/03/2022 23:00:00,0.357034417394733
02/04/2022 00:00:00,0.553287918692318
02/04/2022 01:00:00,0.445067623770953
02/04/2022 02:00:00,0.47129473693316
02/04/2022 03:00:00,0.485010624149262
02/04/2022 04:00:00,0.45408420547964
02/04/2022 05:00:00,0.47732278647834
02/04/2022 06:00:00,0.505554240881536
02/04/2022 07:00:00,0.369115840839602
02/04/2022 08:00:00,0.425722081809845
02/04/2022 09:00:00,0.460311656022174
02/04/2022 10:00:00,0.411305620559071
02/04/2022 11:00:00,0.441290251327985
02/04/2022 12:00:00,0.423407124874398
02/04/2022 13:00:00,0.453960538914984
02/04/2022 14:00:00,0.44275136089333
02/04/2022 15:00:00,0.530590247500319
02/04/2022 16:00:00,0.42705280462504
02/04/2022 17:00:00,0.460036463857659
02/04/2022 18:00:00,0.413333018496156
02/04/2022 19:00:00,0.399070290490639
02/04/2022 20:00:00,0.432276506238838
02/04/2022 21:00:00,0.426909047690818
02/04/2022 22:00:00,0.386017690069491
02/04/2022 23:00:00,0.385638166955125
02/05/2022 00:00:00,0.397325042824938
02/05/2022 01:00:00,0.355013691471099
02/05/2022 02:00:00,0.352806782076117
02/05/2022 03:00:00,0.354100842744036
02/05/2022 04:00:00,0.301921634380118
02/05/2022 05:00:00,0.334477014292097
02/05/2022 06:00:00,0.379159938610172
02/05/2022 07:00:00,0.352121060621512
02/05/2022 08:00:00,0.316055573121067
02/05/2022 09:00:00,0.265150592233407
02/05/2022 10:00:00,0.27424839215389
02/05/2022 11:00:00,0.293135097029068
02/05/2022 12:00:00,0.304450025698036
02/05/2022 13:00:00,0.273789362070585
02/05/2022 14:00:00,0.317883578256899
02/05/2022 15:00:00,0.313685411946977
02/05/2022 16:00:00,0.386869610139553
02/05/2022 17:00:00,0.331945309119946
02/05/2022 18:00:00,0.348669491599676
02/05/2022 19:00:00,0.385141901419424
02/05/2022 20:00:00,0.41872584657556
02/05/2022 21:00:00,0.42557034546971
02/05/2022 22:00:00,0.393021898549869
02/05/2022 23:00:00,0.407918713293609
02/06/2022 00:00:00,0.323552259271432
02/06/2022 01:00:00,0.277053011226237
02/06/2022 02:00:00,0.244803521553663
02/06/2022 03:00:00,0.266280856750812
02/06/2022 04:00:00,0.299121076377386
02/06/2022 05:00:00,0.272200994095597
02/06/2022 06:00:00,0.264205638279333
02/06/2022 07:00:00,0.277892053061245
02/06/2022 08:00:00,0.28260466245623
02/06/2022 09:00:00,0.288809243109461
02/06/2022 10:00:00,0.31752338321306
02/06/2022 11:00:00,0.302383511344305
02/06/2022 12:00:00,0.301317935160485
02/06/2022 13:00:00,0.303886945896757
02/06/2022 14:00:00,0.352851105530943
02/06/2022 15:00:00,0.332244409666718
02/06/2022 16:00:00,0.308056703369386
02/06/2022 17:00:00,0.312807545384411
02/06/2022 18:00:00,0.335734378368746
02/06/2022 19:00:00,0.328805584852697
02/06/2022 20:00:00,0.405423771102737
02/06/2022 21:00:00,0.303629098552782
02/06/2022 22:00:00,0.228067076888369
02/06/2022 23:00:00,0.240420236651276
02/07/2022 00:00:00,0.24719812053289
02/07/2022 01:00:00,0.210707224335698
02/07/2022 02:00:00,0.259564186542382
02/07/2022 03:00:00,0.299644786998093
02/07/2022 04:00:00,0.3129965881638
02/07/2022 05:00:00,0.31067883866551
02/07/2022 06:00:00,0.255240221856458
02/07/2022 07:00:00,0.288425082998794
02/07/2022 08:00:00,0.289949820772682
02/07/2022 09:00:00,0.304092845133181
02/07/2022 10:00:00,0.312413325521253
02/07/2022 11:00:00,0.288668926058743
02/07/2022 12:00:00,0.354335096096909
02/07/2022 13:00:00,0.294852102623303
02/07/2022 14:00:00,0.244801457341651
02/07/2022 15:00:00,0.264441335439887
02/07/2022 16:00:00,0.250394323191846
02/07/2022 17:00:00,0.277894372511625
02/07/2022 18:00:00,0.31006883167179
02/07/2022 19:00:00,0.266643303399889
02/07/2022 20:00:00,0.281764998331333
02/07/2022 21:00:00,0.218950576721166
02/07/2022 22:00:00,0.252659731545835
02/07/2022 23:00:00,0.24894283943371
02/08/2022 00:00:00,0.253032139220171
02/08/2022 01:00:00,0.368512081798395
02/08/2022 02:00:00,0.398394663042738
02/08/2022 03:00:00,0.245906019396481
02/08/2022 04:00:00,0.189274849859526
02/08/2022 05:00:00,0.225501945239832
02/08/2022 06:00:00,0.248987827691187
02/08/2022 07:00:00,0.283146210969781
02/08/2022 08:00:00,0.418362170638872
02/08/2022 09:00:00,0.676986185831911
02/08/2022 10:00:00,0.61480082352393
02/08/2022 11:00:00,0.381000613015181
02/08/2022 12:00:00,0.216594458778564
02/08/2022 13:00:00,0.206619971019093
02/08/2022 14:00:00,0.226633640313485
02/08/2022 15:00:00,0.362322851284249
02/08/2022 16:00:00,0.345670460511385
02/08/2022 17:00:00,0.298666065183691
02/08/2022 18:00:00,0.375710163100241
02/08/2022 19:00:00,0.309764704267457
02/08/2022 20:00:00,0.286112690519379
02/08/2022 21:00:00,0.297121540243433
02/08/2022 22:00:00,0.362005847189025
02/08/2022 23:00:00,0.235498144451639
02/09/2022 00:00:00,0.2015409213993
02/09/2022 01:00:00,0.265412428072895
02/09/2022 02:00:00,0.266347083234745
02/09/2022 03:00:00,0.306221812700356
02/09/2022 04:00:00,0.326650521787009
02/09/2022 05:00:00,0.290980660452428
02/09/2022 06:00:00,0.304964878508945
02/09/2022 07:00:00,0.300618072164702
02/09/2022 08:00:00,0.372495952163602
02/09/2022 09:00:00,0.304450533237954
02/09/2022 10:00:00,0.328726573829094
02/09/2022 11:00:00,0.327887633891605
02/09/2022 12:00:00,0.330033391978263
02/09/2022 13:00:00,0.348797846095441
02/09/2022 14:00:00,0.34122701370477
02/09/2022 15:00:00,0.370594871421187
02/09/2022 16:00:00,0.336490896960278
02/09/2022 17:00:00,0.265307395255282
02/09/2022 18:00:00,0.300441609856205
02/09/2022 19:00:00,0.239946043107071
02/09/2022 20:00:00,0.331524152327367
02/09/2022 21:00:00,0.2881339091453
02/09/2022 22:00:00,0.226961855972757
02/09/2022 23:00:00,0.221846580845572
02/10/2022 00:00:00,0.252972129745383
02/10/2022 01:00:00,0.252715833234748
02/10/2022 02:00:00,0.326476446779244
02/10/2022 03:00:00,0.327380554782023
02/10/2022 04:00:00,0.395660984919246
02/10/2022 05:00:00,0.428392451452896
02/10/2022 06:00:00,0.499365953961604
02/10/2022 07:00:00,0.501459740648684
02/10/2022 08:00:00,0.59788036354523
02/10/2022 09:00:00,0.520541917176023
02/10/2022 10:00:00,0.509930317631023
02/10/2022 11:00:00,0.491269444788471
02/10/2022 12:00:00,0.492654412162977
02/10/2022 13:00:00,0.439859166639683
02/10/2022 14:00:00,NaN
02/10/2022 15:00:00,0.396754425382559
02/10/2022 16:00:00,0.407240144626131
02/10/2022 17:00:00,0.285237872660084
02/10/2022 18:00:00,0.281118080033354
02/10/2022 19:00:00,0.33235623519019
02/10/2022 20:00:00,0.275772786059147
02/10/2022 21:00:00,0.291533256199868
02/10/2022 22:00:00,0.258495825230208
02/10/2022 23:00:00,0.280088850103353
02/11/2022 00:00:00,0.316249295773681
02/11/2022 01:00:00,0.218982443567729
02/11/2022 02:00:00,0.199007690698643
02/11/2022 03:00:00,0.215964635141586
02/11/2022 04:00:00,0.192014318037086
02/11/2022 05:00:00,0.352989229495558
02/11/2022 06:00:00,0.325719441237643
02/11/2022 07:00:00,0.343689578837335
02/11/2022 08:00:00,0.478161526249456
02/11/2022 09:00:00,0.465012923205702
02/11/2022 10:00:00,0.404119457209174
02/11/2022 11:00:00,0.439350584005439
02/11/2022 12:00:00,0.508287289531084
02/11/2022 13:00:00,0.406410560946464
02/11/2022 14:00:00,0.44670633915172
02/11/2022 15:00:00,0.36998077045842
02/11/2022 16:00:00,0.247857654298249
02/11/2022 17:00:00,0.270783603746565
02/11/2022 18:00:00,0.290110027464091
02/11/2022 19:00:00,0.257673879466309
02/11/2022 20:00:00,0.251269015153613
02/11/2022 21:00:00,0.297487136123081
02/11/2022 22:00:00,0.311858865873118
02/11/2022 23:00:00,0.32063519044937
02/12/2022 00:00:00,0.279596281059672
02/12/2022 01:00:00,0.254928530811798
02/12/2022 02:00:00,0.281680225490311
02/12/2022 03:00:00,0.300964820373609
02/12/2022 04:00:00,0.38672594329274
02/12/2022 05:00:00,0.420835497989814
02/12/2022 06:00:00,0.407334875965454
02/12/2022 07:00:00,0.399792001441095
02/12/2022 08:00:00,0.388615382173997
02/12/2022 09:00:00,0.380780488585539
02/12/2022 10:00:00,0.439545195165199
02/12/2022 11:00:00,0.411638401690494
02/12/2022 12:00:00,0.317508989541862
02/12/2022 13:00:00,0.326858426415492
02/12/2022 14:00:00,0.336487414011934
02/12/2022 15:00:00,0.291959977498239
02/12/2022 16:00:00,0.416289454858702
02/12/2022 17:00:00,0.259803873193258
02/12/2022 18:00:00,0.228343455359733
02/12/2022 19:00:00,0.227183640363065
02/12/2022 20:00:00,0.234696572028845
02/12/2022 21:00:00,0.372347894956395
02/12/2022 22:00:00,0.45044755268701
02/12/2022 23:00:00,0.26125253349645
02/13/2022 00:00:00,0.287899364366103
02/13/2022 01:00:00,0.300687263235191
02/13/2022 02:00:00,0.306791565728942
02/13/2022 03:00:00,0.278406641379725
02/13/2022 04:00:00,0.258530866816476
02/13/2022 05:00:00,0.243593692504352
02/13/2022 06:00:00,0.226645680734114
02/13/2022 07:00:00,0.236972466728815
02/13/2022 08:00:00,0.23822102766875
02/13/2022 09:00:00,0.220990709276968
02/13/2022 10:00:00,0.221990466149018
02/13/2022 11:00:00,0.199285755995047
02/13/2022 12:00:00,0.243013330373091
02/13/2022 13:00:00,0.29775041175852
02/13/2022 14:00:00,0.217783164736097
02/13/2022 15:00:00,0.240083408639111
02/13/2022 16:00:00,0.229845230728042
02/13/2022 17:00:00,0.243969554741765
02/13/2022 18:00:00,0.280562693348189
02/13/2022 19:00:00,0.300926687940346
02/13/2022 20:00:00,0.281075819773347
02/13/2022 21:00:00,0.259973544108607
02/13/2022 22:00:00,0.264378085017111
02/13/2022 23:00:00,0.254409743235554
02/14/2022 00:00:00,0.180875282738371
02/14/2022 01:00:00,0.183473745890057
02/14/2022 02:00:00,0.215651275045387
02/14/2022 03:00:00,0.31907160741711
02/14/2022 04:00:00,0.367188049880785
02/14/2022 05:00:00,0.361870653521354
02/14/2022 06:00:00,0.412492910257382
02/14/2022 07:00:00,0.335715724462401
02/14/2022 08:00:00,0.408312113555509
02/14/2022 09:00:00,0.279322557800423
02/14/2022 10:00:00,0.300779422402896
02/14/2022 11:00:00,0.336521998299606
02/14/2022 12:00:00,0.322286333852393
02/14/2022 13:00:00,0.291617172959708
02/14/2022 14:00:00,0.33918673807079
02/14/2022 15:00:00,0.383083648897013
02/14/2022 16:00:00,0.31701729462745
02/14/2022 17:00:00,0.263982183863666
02/14/2022 18:00:00,0.274891270230812
02/14/2022 19:00:00,0.294036187097956
02/14/2022 20:00:00,0.331922794263373
02/14/2022 21:00:00,0.31737762327492
02/14/2022 22:00:00,0.245745449523526
02/14/2022 23:00:00,0.250426498153272
02/15/2022 00:00:00,0.263541479095009
02/15/2022 01:00:00,0.300825796643488
02/15/2022 02:00:00,0.2847529963536
02/15/2022 03:00:00,0.236308355227906
02/15/2022 04:00:00,0.274876465062212
02/15/2022 05:00:00,0.271766930845154
02/15/2022 06:00:00,0.370681877518674
02/15/2022 07:00:00,0.408587676594449
02/15/2022 08:00:00,0.355635011451733
02/15/2022 09:00:00,0.299899204351948
02/15/2022 10:00:00,0.290128275369677
02/15/2022 11:00:00,0.219047919902476
02/15/2022 12:00:00,0.213014760737753
02/15/2022 13:00:00,0.247681105555178
02/15/2022 14:00:00,0.276413996816926
02/15/2022 15:00:00,0.257518203093998
02/15/2022 16:00:00,0.265251854951948
02/15/2022 17:00:00,0.357564758487491
02/15/2022 18:00:00,0.248479411219534
02/15/2022 19:00:00,0.259800810594138
02/15/2022 20:00:00,0.230632930942233
02/15/2022 21:00:00,0.249622659624248
02/15/2022 22:00:00,0.290072816908743
02/15/2022 23:00:00,0.291110414739015
02/16/2022 00:00:00,0.29617637254591
02/16/2022 01:00:00,0.281522525651383
02/16/2022 02:00:00,0.24346355907693
02/16/2022 03:00:00,0.237985197061699
02/16/2022 04:00:00,0.309313108479402
02/16/2022 05:00:00,0.30964825781752
02/16/2022 06:00:00,0.257603053303119
02/16/2022 07:00:00,0.276843300815522
02/16/2022 08:00:00,0.242457888892038
02/16/2022 09:00:00,0.290729563517099
02/16/2022 10:00:00,0.278063360246091
02/16/2022 11:00:00,0.246409892149369
02/16/2022 12:00:00,0.236060301200381
02/16/2022 13:00:00,0.203598290129492
02/16/2022 14:00:00,0.247251416847284
02/16/2022 15:00:00,0.241224145018948
02/16/2022 16:00:00,0.26133882371998
02/16/2022 17:00:00,0.325159732300859
02/16/2022 18:00:00,0.256176418800708
02/16/2022 19:00:00,0.216360399573482
02/16/2022 20:00:00,0.323097794404325
02/16/2022 21:00:00,0.335187254608867
02/16/2022 22:00:00,0.25024270000092
02/16/2022 23:00:00,0.275793375974386
02/17/2022 00:00:00,0.240460895889421
02/17/2022 01:00:00,0.276856168145878
02/17/2022 02:00:00,0.311873528532312
02/17/2022 03:00:00,0.347380503975397
02/17/2022 04:00:00,0.371995703530675
02/17/2022 05:00:00,0.384119059771307
02/17/2022 06:00:00,0.391894648819992
02/17/2022 07:00:00,0.372063109758332
02/17/2022 08:00:00,0.31232160719194
02/17/2022 09:00:00,0.387565169715648
02/17/2022 10:00:00,0.401351032036921
02/17/2022 11:00:00,0.407802203099978
02/17/2022 12:00:00,0.411084807867549
02/17/2022 13:00:00,0.373932962059782
02/17/2022 14:00:00,0.420122016456222
02/17/2022 15:00:00,0.447155143749992
02/17/2022 16:00:00,0.471199361677142
02/17/2022 17:00:00,0.41483490689133
02/17/2022 18:00:00,0.398627499908589
02/17/2022 19:00:00,0.371860456449717
02/17/2022 20:00:00,0.336800172314348
02/17/2022 21:00:00,0.236399461473295
02/17/2022 22:00:00,0.224707189027384
02/17/2022 23:00:00,0.242195767293434
02/18/2022 00:00:00,0.298847744080219
02/18/2022 01:00:00,0.278640875515343
02/18/2022 02:00:00,0.3603203095367
02/18/2022 03:00:00,0.39353843679286
02/18/2022 04:00:00,0.38026314714046
02/18/2022 05:00:00,0.42272673327047
02/18/2022 06:00:00,0.463064694509641
02/18/2022 07:00:00,0.45622649941439
02/18/2022 08:00:00,0.472167921068928
02/18/2022 09:00:00,0.338934322079208
02/18/2022 10:00:00,0.295281002170192
02/18/2022 11:00:00,0.275912868967867
02/18/2022 12:00:00,0.36616736538023
02/18/2022 13:00:00,0.377921868598758
02/18/2022 14:00:00,0.355988185859668
02/18/2022 15:00:00,0.403149689629032
02/18/2022 16:00:00,0.37867595364745
02/18/2022 17:00:00,0.371228370191936
02/18/2022 18:00:00,0.300829171010344
02/18/2022 19:00:00,0.270868030324583
02/18/2022 20:00:00,0.254374073347084
02/18/2022 21:00:00,0.260173600976093
02/18/2022 22:00:00,0.258448347090195
02/18/2022 23:00:00,0.264461202553244
02/19/2022 00:00:00,0.244048344350465
02/19/2022 01:00:00,0.237821589749003
02/19/2022 02:00:00,0.228428271487878
02/19/2022 03:00:00,0.255792374802752
02/19/2022 04:00:00,0.224167968894863
02/19/2022 05:00:00,0.22054821094014
02/19/2022 06:00:00,0.203835291486954
02/19/2022 07:00:00,0.214656158041355
02/19/2022 08:00:00,0.210369804565146
02/19/2022 09:00:00,0.256532114428441
02/19/2022 10:00:00,0.277571380646179
02/19/2022 11:00:00,0.187020192049978
02/19/2022 12:00:00,0.212574122929038
02/19/2022 13:00:00,0.217873576286637
02/19/2022 14:00:00,0.265962091692312
02/19/2022 15:00:00,0.275780071331721
02/19/2022 16:00:00,0.247433719018013
02/19/2022 17:00:00,0.230835619243072
02/19/2022 18:00:00,0.26224355306513
02/19/2022 19:00:00,0.21581553160919
02/19/2022 20:00:00,0.231698075269599
02/19/2022 21:00:00,0.235943713006271
02/19/2022 22:00:00,0.216218196869225
02/19/2022 23:00:00,0.286003023618846
02/20/2022 00:00:00,0.274438005553589
02/20/2022 01:00:00,0.283786525251083
02/20/2022 02:00:00,0.245183019097767
02/20/2022 03:00:00,0.267538206735014
02/20/2022 04:00:00,0.279570629187375
02/20/2022 05:00:00,0.242046578879249
02/20/2022 06:00:00,0.24552089197052
02/20/2022 07:00:00,0.25133273154839
02/20/2022 08:00:00,0.216907732685019
02/20/2022 09:00:00,0.232115475334215
02/20/2022 10:00:00,0.215702394125643
02/20/2022 11:00:00,0.27323023966338
02/20/2022 12:00:00,0.32479343409581
02/20/2022 13:00:00,0.234476499153424
02/20/2022 14:00:00,0.303187158017461
02/20/2022 15:00:00,0.281641907288042
02/20/2022 16:00:00,0.221269966898224
02/20/2022 17:00:00,0.3053886747492
02/20/2022 18:00:00,0.241848755400279
02/20/2022 19:00:00,0.309558650214487
02/20/2022 20:00:00,0.260346856014083
02/20/2022 21:00:00,0.25330730983209
02/20/2022 22:00:00,0.227221598647229
02/20/2022 23:00:00,0.252325658395924
02/21/2022 00:00:00,0.233774911463226
02/21/2022 01:00:00,0.226615672548917
02/21/2022 02:00:00,0.266015419777251
02/21/2022 03:00:00,0.264886387035496
02/21/2022 04:00:00,0.258219572516614
02/21/2022 05:00:00,0.295510150522328
02/21/2022 06:00:00,0.298466423189684
02/21/2022 07:00:00,0.278441386588932
02/21/2022 08:00:00,0.36693627022029
02/21/2022 09:00:00,0.358932124641239
02/21/2022 10:00:00,0.378277472993096
02/21/2022 11:00:00,0.430942950997959
02/21/2022 12:00:00,0.514058069399868
02/21/2022 13:00:00,0.505370829584539
02/21/2022 14:00:00,0.59079135347159
02/21/2022 15:00:00,0.474208261067667
02/21/2022 16:00:00,0.452125449937598
02/21/2022 17:00:00,0.43777405450715
02/21/2022 18:00:00,0.381655430432569
02/21/2022 19:00:00,0.441550697684615
02/21/2022 20:00:00,0.461245760617578
02/21/2022 21:00:00,0.440256277886764
02/21/2022 22:00:00,0.416346521648872
02/21/2022 23:00:00,0.417907582683968
02/22/2022 00:00:00,0.375347969864243
02/22/2022 01:00:00,0.35938957864821
02/22/2022 02:00:00,0.320625170574913
02/22/2022 03:00:00,0.405432097426839
02/22/2022 04:00:00,0.434160514213419
02/22/2022 05:00:00,0.483535307305436
02/22/2022 06:00:00,0.472545482909882
02/22/2022 07:00:00,0.368913655075567
02/22/2022 08:00:00,0.491337805067112
02/22/2022 09:00:00,0.454310923516344
02/22/2022 10:00:00,0.542348115709152
02/22/2022 11:00:00,0.567979801078458
02/22/2022 12:00:00,0.527669465822648
02/22/2022 13:00:00,0.489897675178824
02/22/2022 14:00:00,0.392250969308545
02/22/2022 15:00:00,0.300782757413574
02/22/2022 16:00:00,0.258518024347134
02/22/2022 17:00:00,0.252555496133611
02/22/2022 18:00:00,0.306209714007081
02/22/2022 19:00:00,0.327975352787172
02/22/2022 20:00:00,0.351428172243982
02/22/2022 21:00:00,0.349044090022633
02/22/2022 22:00:00,0.313663767328027
02/22/2022 23:00:00,0.296255773653209
02/23/2022 00:00:00,0.316015532578584
02/23/2022 01:00:00,0.358678799343848
02/23/2022 02:00:00,0.356727211620371
02/23/2022 03:00:00,0.32023832497009
02/23/2022 04:00:00,0.387658878966463
02/23/2022 05:00:00,0.344429782137938
02/23/2022 06:00:00,0.332664363660314
02/23/2022 07:00:00,0.337577957198668
02/23/2022 08:00:00,0.315719034091905
02/23/2022 09:00:00,0.302567522078568
02/23/2022 10:00:00,0.256693193920431
02/23/2022 11:00:00,0.259748271519794
02/23/2022 12:00:00,0.282951864274371
02/23/2022 13:00:00,0.352336399535346
02/23/2022 14:00:00,0.324282696778893
02/23/2022 15:00:00,0.324140275696013
02/23/2022 16:00:00,0.314430297768041
02/23/2022 17:00:00,0.255501211021333
02/23/2022 18:00:00,0.313505386490973
02/23/2022 19:00:00,0.318318080736528
02/23/2022 20:00:00,0.292634359606137
02/23/2022 21:00:00,0.296567126103909
02/23/2022 22:00:00,0.288461848151943
02/23/2022 23:00:00,0.295343093610475
02/24/2022 00:00:00,0.293797438880017
02/24/2022 01:00:00,0.309432306981506
02/24/2022 02:00:00,0.306758420103331
02/24/2022 03:00:00,0.298785452662313
02/24/2022 04:00:00,0.290858776780458
02/24/2022 05:00:00,0.32239873066331
02/24/2022 06:00:00,0.299166931755721
02/24/2022 07:00:00,0.314773444129226
02/24/2022 08:00:00,0.31120754635529
02/24/2022 09:00:00,0.267634211068728
02/24/2022 10:00:00,0.283812970984685
02/24/2022 11:00:00,0.24388209880081
02/24/2022 12:00:00,0.298558652873926
02/24/2022 13:00:00,0.317614697933335
02/24/2022 14:00:00,0.335579159954232
02/24/2022 15:00:00,0.245476664166299
02/24/2022 16:00:00,0.29840784191326
02/24/2022 17:00:00,0.383668062444901
02/24/2022 18:00:00,0.419637223541373
02/24/2022 19:00:00,0.41389575773183
02/24/2022 20:00:00,0.379656666679366
02/24/2022 21:00:00,0.329045510444148
02/24/2022 22:00:00,0.287182863389001
02/24/2022 23:00:00,0.314595861287947
02/25/2022 00:00:00,0.325897769110225
02/25/2022 01:00:00,0.319882145293057
02/25/2022 02:00:00,0.30339820608646
02/25/2022 03:00:00,0.264849083879279
02/25/2022 04:00:00,0.227836058105257
02/25/2022 05:00:00,0.295828781446058
02/25/2022 06:00:00,0.341958893885545
02/25/2022 07:00:00,0.40761669551082
02/25/2022 08:00:00,0.305217523389231
02/25/2022 09:00:00,0.287196745179862
02/25/2022 10:00:00,0.304346698058247
02/25/2022 11:00:00,0.341185371603173
02/25/2022 12:00:00,0.351690543851737
02/25/2022 13:00:00,0.36019756515658
02/25/2022 14:00:00,0.355079715954089
02/25/2022 15:00:00,0.386540742116643
02/25/2022 16:00:00,0.411461931651984
02/25/2022 17:00:00,0.35469859556774
02/25/2022 18:00:00,0.386103983331886
02/25/2022 19:00:00,0.331890896157912
02/25/2022 20:00:00,0.333985161077226
02/25/2022 21:00:00,0.303284132605711
02/25/2022 22:00:00,0.202882021467147
02/25/2022 23:00:00,0.268719981209838
02/26/2022 00:00:00,0.319546921938296
02/26/2022 01:00:00,0.275491020244051
02/26/2022 02:00:00,0.286214298571496
02/26/2022 03:00:00,0.381693057236929
02/26/2022 04:00:00,0.326919260683843
02/26/2022 05:00:00,0.317468103744735
02/26/2022 06:00:00,0.398094536784822
02/26/2022 07:00:00,0.398655374499918
02/26/2022 08:00:00,0.357312188890107
02/26/2022 09:00:00,0.378968910072594
02/26/2022 10:00:00,0.374922529371763
02/26/2022 11:00:00,0.34418341268692
02/26/2022 12:00:00,0.346614785826229
02/26/2022 13:00:00,0.387982808805961
02/26/2022 14:00:00,0.371128768339117
02/26/2022 15:00:00,0.366564102875553
02/26/2022 16:00:00,0.311698235378598
02/26/2022 17:00:00,0.369152307355971
02/26/2022 18:00:00,0.45663735347195
02/26/2022 19:00:00,0.461639695184057
02/26/2022 20:00:00,0.351981226628582
02/26/2022 21:00:00,0.416582173165146
02/26/2022 22:00:00,0.332808863866547
02/26/2022 23:00:00,0.297992719941618
02/27/2022 00:00:00,0.291717196526074
02/27/2022 01:00:00,0.293968954953858
02/27/2022 02:00:00,0.365108833448462
02/27/2022 03:00:00,0.318095201491652
02/27/2022 04:00:00,0.396717134605669
02/27/2022 05:00:00,0.283377503863219
02/27/2022 06:00:00,0.273927578813697
02/27/2022 07:00:00,0.312284448240845
02/27/2022 08:00:00,0.290194276430006
02/27/2022 09:00:00,0.312730295511038
02/27/2022 10:00:00,0.294005863406985
02/27/2022 11:00:00,0.375357057806755
02/27/2022 12:00:00,0.414696809057725
02/27/2022 13:00:00,0.468080291672854
02/27/2022 14:00:00,0.350939275999988
02/27/2022 15:00:00,0.306537066565999
02/27/2022 16:00:00,0.321253458575065
02/27/2022 17:00:00,0.337719429029201
02/27/2022 18:00:00,0.460214658089445
02/27/2022 19:00:00,0.292651102653158
02/27/2022 20:00:00,0.269172511427717
02/27/2022 21:00:00,0.269592660960574
02/27/2022 22:00:00,0.214850377938172
02/27/2022 23:00:00,0.262428997246197
02/28/2022 00:00:00,0.189603609694478
02/28/2022 01:00:00,0.219482877220379
02/28/2022 02:00:00,0.2407681849684
02/28/2022 03:00:00,0.261370319556675
02/28/2022 04:00:00,0.2783482589725
02/28/2022 05:00:00,0.310773921584811
02/28/2022 06:00:00,0.341921440038034
02/28/2022 07:00:00,0.34306510031872
02/28/2022 08:00:00,0.315967894797513
02/28/2022 09:00:00,0.253980888671694
02/28/2022 10:00:00,0.245505838689354
02/28/2022 11:00:00,0.289774047100776
02/28/2022 12:00:00,0.275520233294324
02/28/2022 13:00:00,0.285409572053781
02/28/2022 14:00:00,0.345175657566812
02/28/2022 15:00:00,0.403174607042447
02/28/2022 16:00:00,0.321803747878182
02/28/2022 17:00:00,0.336618885379536
02/28/2022 18:00:00,0.258795151499877
02/28/2022 19:00:00,0.295701038469043
02/28/2022 20:00:00,0.309076951754646
02/28/2022 21:00:00,0.299161765803415
02/28/2022 22:00:00,0.251473162732695
02/28/2022 23:00:00,0.24729097687091
03/01/2022 00:00:00,0.223846582410214
03/01/2022 01:00:00,0.202583312374333
03/01/2022 02:00:00,0.227887092402436
03/01/2022 03:00:00,0.266985532294251
03/01/2022 04:00:00,0.236837721200895
03/01/2022 05:00:00,0.297857755151936
03/01/2022 06:00:00,0.278023558655583
03/01/2022 07:00:00,0.296292104112982
03/01/2022 08:00:00,0.295483685079384
03/01/2022 09:00:00,0.311445279938333
03/01/2022 10:00:00,0.314483065791421
03/01/2022 11:00:00,0.324269099510519
03/01/2022 12:00:00,0.32040343121266
03/01/2022 13:00:00,0.332110099034038
03/01/2022 14:00:00,0.330973317421269
03/01/2022 15:00:00,0.38464318674795
03/01/2022 16:00:00,0.37723281907197
03/01/2022 17:00:00,0.336588542874965
03/01/2022 18:00:00,0.323025975838147
03/01/2022 19:00:00,0.278649060534005
03/01/2022 20:00:00,0.269692210347822
03/01/2022 21:00:00,0.275788072682508
03/01/2022 22:00:00,0.293428581482031
03/01/2022 23:00:00,0.31721199592069
03/02/2022 00:00:00,0.320585353154429
03/02/2022 01:00:00,0.266775115920108
03/02/2022 02:00:00,0.288237044012373
03/02/2022 03:00:00,0.321136790123935
03/02/2022 04:00:00,0.370261135370904
03/02/2022 05:00:00,0.348741725644943
03/02/2022 06:00:00,0.345485729504549
03/02/2022 07:00:00,0.404354390014339
03/02/2022 08:00:00,0.410811697832401
03/02/2022 09:00:00,0.424905679254998
03/02/2022 10:00:00,0.439516261484486
03/02/2022 11:00:00,0.439035904874747
03/02/2022 12:00:00,0.416915414457404
03/02/2022 13:00:00,0.354204012972579
03/02/2022 14:00:00,0.314263692157049
03/02/2022 15:00:00,0.338357311758204
03/02/2022 16:00:00,0.36188832632526
03/02/2022 17:00:00,0.320667994839414
03/02/2022 18:00:00,0.277955270013792
03/02/2022 19:00:00,0.258769233856425
03/02/2022 20:00:00,0.302358355943939
03/02/2022 21:00:00,0.277329958442874
03/02/2022 22:00:00,0.283704036282448
03/02/2022 23:00:00,0.262909386479819
03/03/2022 00:00:00,0.282360569211458
03/03/2022 01:00:00,0.249588019017052
03/03/2022 02:00:00,0.267725634426705
03/03/2022 03:00:00,0.297948509461262
03/03/2022 04:00:00,0.320191908612305
03/03/2022 05:00:00,0.349301833845988
03/03/2022 06:00:00,0.335923953036787
03/03/2022 07:00:00,0.356091431867262
03/03/2022 08:00:00,0.295751056437966
03/03/2022 09:00:00,0.358224524669447
03/03/2022 10:00:00,0.434871878505809
03/03/2022 11:00:00,0.413379051200783
03/03/2022 12:00:00,0.372723230987404
03/03/2022 13:00:00,0.318296558164066
03/03/2022 14:00:00,0.270233795108623
03/03/2022 15:00:00,0.236484808841303
03/03/2022 16:00:00,0.229201584771155
03/03/2022 17:00:00,0.260574653630106
03/03/2022 18:00:00,0.313237978312431
03/03/2022 19:00:00,0.254148637541536
03/03/2022 20:00:00,0.323127760964723
03/03/2022 21:00:00,0.294381713557225
03/03/2022 22:00:00,0.245626839974993
03/03/2022 23:00:00,0.258189972780945
03/04/2022 00:00:00,0.271889092761653
03/04/2022 01:00:00,0.226772949805687
03/04/2022 02:00:00,0.254751005121253
03/04/2022 03:00:00,0.28884376550663
03/04/2022 04:00:00,0.286285629075862
03/04/2022 05:00:00,0.272018506970375
03/04/2022 06:00:00,0.276736167622602
03/04/2022 07:00:00,0.37948814866485
03/04/2022 08:00:00,0.365049983834055
03/04/2022 09:00:00,0.39728623001798
03/04/2022 10:00:00,0.360093359358048
03/04/2022 11:00:00,0.38543829258636
03/04/2022 12:00:00,0.417424008283703
03/04/2022 13:00:00,0.323270406008177
03/04/2022 14:00:00,0.346751805284296
03/04/2022 15:00:00,0.306870984565287
03/04/2022 16:00:00,0.274008701674588
03/04/2022 17:00:00,0.251180625332024
03/04/2022 18:00:00,0.22503310187434
03/04/2022 19:00:00,0.2215832481583
03/04/2022 20:00:00,0.235502906361646
03/04/2022 21:00:00,0.223095240997364
03/04/2022 22:00:00,0.311995287675566
03/04/2022 23:00:00,0.303695367279575
03/05/2022 00:00:00,0.24086324022331
03/05/2022 01:00:00,0.254105640974483
03/05/2022 02:00:00,0.292650785674324
03/05/2022 03:00:00,0.252006458800827
03/05/2022 04:00:00,0.246452769120853
03/05/2022 05:00:00,0.378174023675401
03/05/2022 06:00:00,0.350202698256436
03/05/2022 07:00:00,0.275393260670886
03/05/2022 08:00:00,0.302698742834303
03/05/2022 09:00:00,0.286458969188439
03/05/2022 10:00:00,0.258801676900171
03/05/2022 11:00:00,0.380285080276098
03/05/2022 12:00:00,0.282998446800797
03/05/2022 13:00:00,0.235194436029221
03/05/2022 14:00:00,0.236823230153768
03/05/2022 15:00:00,0.233867916890305
03/05/2022 16:00:00,0.290841474035337
03/05/2022 17:00:00,0.29106875602459
03/05/2022 18:00:00,0.328476641328231
03/05/2022 19:00:00,0.329167450057205
03/05/2022 20:00:00,0.363320049181442
03/05/2022 21:00:00,0.412642356962945
03/05/2022 22:00:00,0.404893318167796
03/05/2022 23:00:00,0.369019438673476
03/06/2022 00:00:00,0.26350647469484
03/06/2022 01:00:00,0.246829031754697
03/06/2022 02:00:00,0.260068446736139
03/06/2022 03:00:00,0.319697498147937
03/06/2022 04:00:00,0.307194309428503
03/06/2022 05:00:00,0.197407749950573
03/06/2022 06:00:00,0.397063273587991
03/06/2022 07:00:00,0.39510084353728
03/06/2022 08:00:00,0.417561526413562
03/06/2022 09:00:00,0.327464449074584
03/06/2022 10:00:00,0.295517380531125
03/06/2022 11:00:00,0.358674440295917
03/06/2022 12:00:00,0.327939195948942
03/06/2022 13:00:00,0.300305171377996
03/06/2022 14:00:00,0.337746588434267
03/06/2022 15:00:00,0.293975609711206
03/06/2022 16:00:00,0.288107973060198
03/06/2022 17:00:00,0.306965065475101
03/06/2022 18:00:00,0.288168273021279
03/06/2022 19:00:00,0.270975719670373
03/06/2022 20:00:00,0.259055356446044
03/06/2022 21:00:00,0.276065222642447
03/06/2022 22:00:00,0.265856163540085
03/06/2022 23:00:00,0.317974658765161
03/07/2022 00:00:00,0.356744290373778
03/07/2022 01:00:00,0.401767375434446
03/07/2022 02:00:00,0.438806703545615
03/07/2022 03:00:00,0.407299296116082
03/07/2022 04:00:00,0.38129748484362
03/07/2022 05:00:00,0.414150870252356
03/07/2022 06:00:00,0.429642614748048
03/07/2022 07:00:00,0.471037334727671
03/07/2022 08:00:00,0.492048946016134
03/07/2022 09:00:00,0.493557802812762
03/07/2022 10:00:00,0.349891258488686
03/07/2022 11:00:00,0.311127994238262
03/07/2022 12:00:00,0.366163275944978
03/07/2022 13:00:00,0.327602264104625
03/07/2022 14:00:00,0.303483211322138
03/07/2022 15:00:00,0.259671174580519
03/07/2022 16:00:00,0.283772290202952
03/07/2022 17:00:00,0.294724807015534
03/07/2022 18:00:00,0.241768724170432
03/07/2022 19:00:00,0.273082771488449
03/07/2022 20:00:00,0.269348433297058
03/07/2022 21:00:00,0.260266362315545
03/07/2022 22:00:00,0.287678374719783
03/07/2022 23:00:00,0.266485273591883
03/08/2022 00:00:00,0.22176301994106
03/08/2022 01:00:00,0.281900253632183
03/08/2022 02:00:00,0.297653018917049
03/08/2022 03:00:00,0.23736818725197
03/08/2022 04:00:00,0.292169480693116
03/08/2022 05:00:00,0.266594665668103
03/08/2022 06:00:00,0.26517228773895
03/08/2022 07:00:00,0.308179703167969
03/08/2022 08:00:00,0.301269860528209
03/08/2022 09:00:00,0.327081689848735
03/08/2022 10:00:00,0.33881198721798
03/08/2022 11:00:00,0.285778339824336
03/08/2022 12:00:00,0.352454686146457
03/08/2022 13:00:00,0.274509925514219
03/08/2022 14:00:00,0.261493977603373
03/08/2022 15:00:00,0.270036244851513
03/08/2022 16:00:00,0.26570677630789
03/08/2022 17:00:00,0.295863282786148
03/08/2022 18:00:00,0.249155888276983
03/08/2022 19:00:00,0.236963459333034
03/08/2022 20:00:00,0.22952436387764
03/08/2022 21:00:00,0.256085923059707
03/08/2022 22:00:00,0.198372354817427
03/08/2022 23:00:00,0.201406883806352
03/09/2022 00:00:00,0.221466121007851
03/09/2022 01:00:00,0.231928071194478
03/09/2022 02:00:00,0.270748481078094
03/09/2022 03:00:00,0.262343295105313
03/09/2022 04:00:00,0.274077957814216
03/09/2022 05:00:00,0.254095876166178
03/09/2022 06:00:00,0.367785537149185
03/09/2022 07:00:00,0.301192157218933
03/09/2022 08:00:00,0.294135528460563
03/09/2022 09:00:00,0.352632152964286
03/09/2022 10:00:00,0.369656513880777
03/09/2022 11:00:00,0.347725512233886
03/09/2022 12:00:00,0.335975147496742
03/09/2022 13:00:00,0.402418528491918
03/09/2022 14:00:00,0.352522397684618
03/09/2022 15:00:00,0.39158862726368
03/09/2022 16:00:00,0.380209052750208
03/09/2022 17:00:00,0.321507520847203
03/09/2022 18:00:00,0.347202508460452
03/09/2022 19:00:00,0.354978201192037
03/09/2022 20:00:00,0.333030184545907
03/09/2022 21:00:00,0.280351687154646
03/09/2022 22:00:00,0.298838635003273
03/09/2022 23:00:00,0.270558673536946
03/10/2022 00:00:00,0.264118284781805
03/10/2022 01:00:00,0.226446243673051
03/10/2022 02:00:00,0.242051765198502
03/10/2022 03:00:00,0.236398088678516
03/10/2022 04:00:00,0.215800280989794
03/10/2022 05:00:00,0.252828027141324
03/10/2022 06:00:00,0.264168708191037
03/10/2022 07:00:00,0.230119844002287
03/10/2022 08:00:00,0.215884004587045
03/10/2022 09:00:00,0.260683266969614
03/10/2022 10:00:00,0.299873712954731
03/10/2022 11:00:00,0.270113298430973
03/10/2022 12:00:00,0.270504315361323
03/10/2022 13:00:00,0.269927356200173
03/10/2022 14:00:00,0.35222493870024
03/10/2022 15:00:00,0.439668333870754
03/10/2022 16:00:00,0.49682688318681
03/10/2022 17:00:00,0.383167990232995
03/10/2022 18:00:00,0.231435745846275
03/10/2022 19:00:00,0.264971801536034
03/10/2022 20:00:00,0.276804565258698
03/10/2022 21:00:00,0.314259585679828
03/10/2022 22:00:00,0.289234388122427
03/10/2022 23:00:00,0.291068120158228
03/11/2022 00:00:00,0.324609819263422
03/11/2022 01:00:00,0.313308583817052
03/11/2022 02:00:00,0.369707830868931
03/11/2022 03:00:00,0.297263776323763
03/11/2022 04:00:00,0.272458686844623
03/11/2022 05:00:00,0.240390597136745
03/11/2022 06:00:00,0.34765749572866
03/11/2022 07:00:00,0.348114714396428
03/11/2022 08:00:00,0.312123476468418
03/11/2022 09:00:00,0.330355651835369
03/11/2022 10:00:00,0.329843042617865
03/11/2022 11:00:00,0.323967344128961
03/11/2022 12:00:00,0.365361763211777
03/11/2022 13:00:00,0.32944417998558
03/11/2022 14:00:00,0.350408360290326
03/11/2022 15:00:00,0.375733588941981
03/11/2022 16:00:00,0.368010210514499
03/11/2022 17:00:00,0.412182875234583
03/11/2022 18:00:00,0.329664682938087
03/11/2022 19:00:00,0.264488574746029
03/11/2022 20:00:00,0.233517324315142
03/11/2022 21:00:00,0.257413784889906
03/11/2022 22:00:00,0.272535603556394
03/11/2022 23:00:00,0.351255055178646
03/12/2022 00:00:00,0.361795447210959
03/12/2022 01:00:00,0.411374190799507
03/12/2022 02:00:00,0.41693615066028
03/12/2022 03:00:00,0.476721264297193
03/12/2022 04:00:00,0.406256177174074
03/12/2022 05:00:00,0.360871381198784
03/12/2022 06:00:00,0.312116755803948
03/12/2022 07:00:00,0.381333322298573
03/12/2022 08:00:00,0.267912037130455
03/12/2022 09:00:00,0.283419455254765
03/12/2022 10:00:00,0.313112501207993
03/12/2022 11:00:00,0.337455446389042
03/12/2022 12:00:00,0.3575318411248
03/12/2022 13:00:00,0.370740909146677
03/12/2022 14:00:00,0.317775610091942
03/12/2022 15:00:00,0.314096930332458
03/12/2022 16:00:00,0.234479654624465
03/12/2022 17:00:00,0.285533964971945
03/12/2022 18:00:00,0.318708517376732
03/12/2022 19:00:00,0.303811356194164
03/12/2022 20:00:00,0.275516973630936
03/12/2022 21:00:00,0.292818620209807
03/12/2022 22:00:00,0.278037129995392
03/12/2022 23:00:00,0.270350475075938
03/13/2022 00:00:00,0.237803038223083
03/13/2022 01:00:00,0.212265317700346
03/13/2022 02:00:00,0.201461121537217
03/13/2022 03:00:00,0.207142345190509
03/13/2022 04:00:00,0.28283061646192
03/13/2022 05:00:00,0.280998639964549
03/13/2022 06:00:00,0.304553404469117
03/13/2022 07:00:00,0.305032187268215
03/13/2022 08:00:00,0.327563912096619
03/13/2022 09:00:00,0.331086154915244
03/13/2022 10:00:00,0.414624598301234
03/13/2022 11:00:00,0.368190310598999
03/13/2022 12:00:00,0.358600572013816
03/13/2022 13:00:00,0.359951281067765
03/13/2022 14:00:00,0.269545389466049
03/13/2022 15:00:00,0.211995300642631
03/13/2022 16:00:00,0.239501162155
03/13/2022 17:00:00,0.272565955497625
03/13/2022 18:00:00,0.239805228263828
03/13/2022 19:00:00,0.21472864262565
03/13/2022 20:00:00,0.20932426329108
03/13/2022 21:00:00,0.300316321351986
03/13/2022 22:00:00,0.285782569965089
03/13/2022 23:00:00,0.261832716416399
03/14/2022 00:00:00,0.300559321354834
03/14/2022 01:00:00,0.321686456814709
03/14/2022 02:00:00,0.284907591845572
03/14/2022 03:00:00,0.285372259920903
03/14/2022 04:00:00,0.325862779476001
03/14/2022 05:00:00,0.343745872128596
03/14/2022 06:00:00,0.390401117271194
03/14/2022 07:00:00,0.299611045728756
03/14/2022 08:00:00,0.312166258954897
03/14/2022 09:00:00,0.270318956637773
03/14/2022 10:00:00,0.373854952291345
03/14/2022 11:00:00,0.295526696070623
03/14/2022 12:00:00,0.331844732944752
03/14/2022 13:00:00,0.207421473212578
03/14/2022 14:00:00,0.229539399954744
03/14/2022 15:00:00,0.228764435032045
03/14/2022 16:00:00,0.203499186720146
03/14/2022 17:00:00,0.208036531229402
03/14/2022 18:00:00,0.198955878693013
03/14/2022 19:00:00,0.213907663484094
03/14/2022 20:00:00,0.24609974485711
03/14/2022 21:00:00,0.228840108913078
03/14/2022 22:00:00,0.210161109381378
03/14/2022 23:00:00,0.198457715657838
03/15/2022 00:00:00,0.251897256396584
03/15/2022 01:00:00,0.292608736498898
03/15/2022 02:00:00,0.296857672111046
03/15/2022 03:00:00,0.306801428516901
03/15/2022 04:00:00,0.365663133480922
03/15/2022 05:00:00,0.305542995843468
03/15/2022 06:00:00,0.275546116882487
03/15/2022 07:00:00,0.282308236287048
03/15/2022 08:00:00,0.264609545417775
03/15/2022 09:00:00,0.294105033525711
03/15/2022 10:00:00,0.257445176532194
03/15/2022 11:00:00,0.245364393563215
03/15/2022 12:00:00,0.261778128214204
03/15/2022 13:00:00,0.251593389295145
03/15/2022 14:00:00,0.23167482747308
03/15/2022 15:00:00,0.278219127344864
03/15/2022 16:00:00,0.263972383717511
03/15/2022 17:00:00,0.295010463551302
03/15/2022 18:00:00,0.265240471540213
03/15/2022 19:00:00,0.240362584793893
03/15/2022 20:00:00,0.258703764147789
03/15/2022 21:00:00,0.253608773077886
03/15/2022 22:00:00,0.239589095732857
03/15/2022 23:00:00,0.266715261125666
03/16/2022 00:00:00,0.237125075271879
03/16/2022 01:00:00,0.288846452590897
03/16/2022 02:00:00,0.276798712222088
03/16/2022 03:00:00,0.239534225962025
03/16/2022 04:00:00,0.259519663897418
03/16/2022 05:00:00,0.253307597291327
03/16/2022 06:00:00,0.243089632222752
03/16/2022 07:00:00,0.237071435787839
03/16/2022 08:00:00,0.2354446184202
03/16/2022 09:00:00,0.216034750390559
03/16/2022 10:00:00,0.22174601491722
03/16/2022 11:00:00,0.202689869284208
03/16/2022 12:00:00,0.271155962020367
03/16/2022 13:00:00,0.241605393632591
03/16/2022 14:00:00,0.267464109357731
03/16/2022 15:00:00,0.298538211844774
03/16/2022 16:00:00,0.294426733089638
03/16/2022 17:00:00,0.274559253088553
03/16/2022 18:00:00,0.273814598449349
03/16/2022 19:00:00,0.284341784005576
03/16/2022 20:00:00,0.262056478026212
03/16/2022 21:00:00,0.281915900017817
03/16/2022 22:00:00,0.257284750074287
03/16/2022 23:00:00,0.241772257577573
03/17/2022 00:00:00,0.21374435364101
03/17/2022 01:00:00,0.19959651327271
03/17/2022 02:00:00,0.250332451745674
03/17/2022 03:00:00,0.283799907137461
03/17/2022 04:00:00,0.352741940763577
03/17/2022 05:00:00,0.373917986349132
03/17/2022 06:00:00,0.445703184960534
03/17/2022 07:00:00,0.246082110346394
03/17/2022 08:00:00,0.241029034231851
03/17/2022 09:00:00,0.250590228777235
03/17/2022 10:00:00,0.297335790983347
03/17/2022 11:00:00,0.280958552088828
03/17/2022 12:00:00,0.2174266989615
03/17/2022 13:00:00,0.272828196313561
03/17/2022 14:00:00,0.185016949638262
03/17/2022 15:00:00,0.199584089834658
03/17/2022 16:00:00,0.213445931802124
03/17/2022 17:00:00,0.251222925897859
03/17/2022 18:00:00,0.29421939790044
03/17/2022 19:00:00,0.260133311672125
03/17/2022 20:00:00,0.304732569780828
03/17/2022 21:00:00,0.210922025130316
03/17/2022 22:00:00,0.241744122359604
03/17/2022 23:00:00,0.225716851415912
03/18/2022 00:00:00,0.266785962700062
03/18/2022 01:00:00,0.339390490671293
03/18/2022 02:00:00,0.357609372559955
03/18/2022 03:00:00,0.399516749176435
03/18/2022 04:00:00,0.559585956004974
03/18/2022 05:00:00,0.679698843447682
03/18/2022 06:00:00,0.473651310198472
03/18/2022 07:00:00,0.455557333793562
03/18/2022 08:00:00,0.472205068201614
03/18/2022 09:00:00,0.509272319448334
03/18/2022 10:00:00,0.501771297481227
03/18/2022 11:00:00,0.336246976017079
03/18/2022 12:00:00,0.234047713581989
03/18/2022 13:00:00,0.223958505537564
03/18/2022 14:00:00,0.239493491214234
03/18/2022 15:00:00,0.250000904851533
03/18/2022 16:00:00,0.232898629166906
03/18/2022 17:00:00,0.205368485682146
03/18/2022 18:00:00,0.212677631928612
03/18/2022 19:00:00,0.213113370770776
03/18/2022 20:00:00,0.156784522412504
03/18/2022 21:00:00,0.139778294583098
03/18/2022 22:00:00,NaN
03/18/2022 23:00:00,NaN
03/19/2022 00:00:00,NaN
03/19/2022 01:00:00,NaN
03/19/2022 02:00:00,NaN
03/19/2022 03:00:00,NaN
03/19/2022 04:00:00,NaN
03/19/2022 05:00:00,NaN
03/19/2022 06:00:00,NaN
03/19/2022 07:00:00,NaN
03/19/2022 08:00:00,NaN
03/19/2022 09:00:00,NaN
03/19/2022 10:00:00,NaN
03/19/2022 11:00:00,NaN
03/19/2022 12:00:00,NaN
03/19/2022 13:00:00,NaN
03/19/2022 14:00:00,NaN
03/19/2022 15:00:00,NaN
03/19/2022 16:00:00,NaN
03/19/2022 17:00:00,0.228654415336423
03/19/2022 18:00:00,0.261964326807999
03/19/2022 19:00:00,0.210918409311291
03/19/2022 20:00:00,0.213848628525892
03/19/2022 21:00:00,0.269784144278638
03/19/2022 22:00:00,0.210820852890672
03/19/2022 23:00:00,0.237816870023058
03/20/2022 00:00:00,0.252219436359253
03/20/2022 01:00:00,0.28425866394844
03/20/2022 02:00:00,0.258995036703883
03/20/2022 03:00:00,0.285228080864401
03/20/2022 04:00:00,0.288306066220057
03/20/2022 05:00:00,0.310600356729638
03/20/2022 06:00:00,0.294167433652892
03/20/2022 07:00:00,0.296762711768285
03/20/2022 08:00:00,0.302841682015828
03/20/2022 09:00:00,0.322261645024256
03/20/2022 10:00:00,0.360363480789318
03/20/2022 11:00:00,0.35155702875807
03/20/2022 12:00:00,0.341698650217433
03/20/2022 13:00:00,0.410154455953263
03/20/2022 14:00:00,0.395353033544405
03/20/2022 15:00:00,0.279016495808344
03/20/2022 16:00:00,0.270643718467286
03/20/2022 17:00:00,0.231440746841653
03/20/2022 18:00:00,0.223735294935179
03/20/2022 19:00:00,0.21335067859871
03/20/2022 20:00:00,0.231624594391124
03/20/2022 21:00:00,0.252783958168741
03/20/2022 22:00:00,0.237752039147706
03/20/2022 23:00:00,0.254485517389227
03/21/2022 00:00:00,0.275881248047575
03/21/2022 01:00:00,0.290356340543826
03/21/2022 02:00:00,0.21978281543278
03/21/2022 03:00:00,0.292392321066956
03/21/2022 04:00:00,0.213035057081578
03/21/2022 05:00:00,0.220291214408397
03/21/2022 06:00:00,0.26975920458976
03/21/2022 07:00:00,0.394981235931572
03/21/2022 08:00:00,0.217716843129858
03/21/2022 09:00:00,0.221709120705901
03/21/2022 10:00:00,0.28154344174499
03/21/2022 11:00:00,0.282897354132933
03/21/2022 12:00:00,0.356975812589242
03/21/2022 13:00:00,0.251914490304208
03/21/2022 14:00:00,0.219300927541421
03/21/2022 15:00:00,0.367252990893836
03/21/2022 16:00:00,0.276593216385907
03/21/2022 17:00:00,0.239655258569329
03/21/2022 18:00:00,0.235316472585237
03/21/2022 19:00:00,0.256420693800644
03/21/2022 20:00:00,0.325842011220632
03/21/2022 21:00:00,0.307946832648938
03/21/2022 22:00:00,0.287759482951173
03/21/2022 23:00:00,0.282218037922313
03/22/2022 00:00:00,0.318871079482385
03/22/2022 01:00:00,0.388535268251972
03/22/2022 02:00:00,0.40015792375435
03/22/2022 03:00:00,0.438624399790832
03/22/2022 04:00:00,0.376762980113909
03/22/2022 05:00:00,0.458170341972049
03/22/2022 06:00:00,0.404880006631142
03/22/2022 07:00:00,0.418558796399298
03/22/2022 08:00:00,0.403030915033034
03/22/2022 09:00:00,0.467139195922501
03/22/2022 10:00:00,0.384327979032594
03/22/2022 11:00:00,0.391021098252685
03/22/2022 12:00:00,0.343887066366062
03/22/2022 13:00:00,0.124298285322749
03/22/2022 14:00:00,0.204854566827094
03/22/2022 15:00:00,0.18072055037482
03/22/2022 16:00:00,0.233388054103053
03/22/2022 17:00:00,0.231967693299829
03/22/2022 18:00:00,0.238826943976719
03/22/2022 19:00:00,0.19394994348804
03/22/2022 20:00:00,0.252298864791866
03/22/2022 21:00:00,0.199038146806136
03/22/2022 22:00:00,0.172717331957681
03/22/2022 23:00:00,0.221734436654573
03/23/2022 00:00:00,0.282836648030515
03/23/2022 01:00:00,0.244398723920397
03/23/2022 02:00:00,0.232554337484874
03/23/2022 03:00:00,0.226477756328063
03/23/2022 04:00:00,0.296972610477947
03/23/2022 05:00:00,0.268607818382913
03/23/2022 06:00:00,0.271949574070412
03/23/2022 07:00:00,0.286162205502887
03/23/2022 08:00:00,0.260022999033413
03/23/2022 09:00:00,0.241985607658734
03/23/2022 10:00:00,0.277218527883553
03/23/2022 11:00:00,0.229245711302558
03/23/2022 12:00:00,0.245744142956273
03/23/2022 13:00:00,0.240179423471047
03/23/2022 14:00:00,0.214722625170485
03/23/2022 15:00:00,0.277185839146054
03/23/2022 16:00:00,0.228640994044699
03/23/2022 17:00:00,0.352009468678192
03/23/2022 18:00:00,0.294173932222247
03/23/2022 19:00:00,0.311340297138625
03/23/2022 20:00:00,0.273703883469921
03/23/2022 21:00:00,0.228847588008746
03/23/2022 22:00:00,0.250788823713363
03/23/2022 23:00:00,0.221943008808811
03/24/2022 00:00:00,0.271919645325643
03/24/2022 01:00:00,0.261143168766045
03/24/2022 02:00:00,0.256850605744421
03/24/2022 03:00:00,0.239450833487187
03/24/2022 04:00:00,0.226738038154777
03/24/2022 05:00:00,0.213956692101472
03/24/2022 06:00:00,0.281459576904583
03/24/2022 07:00:00,0.269135299378672
03/24/2022 08:00:00,0.292970776893639
03/24/2022 09:00:00,0.312241497788548
03/24/2022 10:00:00,0.29163835057938
03/24/2022 11:00:00,0.289073818304463
03/24/2022 12:00:00,0.310834706202864
03/24/2022 13:00:00,0.210047485504203
03/24/2022 14:00:00,0.189836198620071
03/24/2022 15:00:00,0.196862255508568
03/24/2022 16:00:00,0.264231043269647
03/24/2022 17:00:00,0.266094297597121
03/24/2022 18:00:00,0.297891315324802
03/24/2022 19:00:00,0.287933846856222
03/24/2022 20:00:00,0.245752054962216
03/24/2022 21:00:00,0.311615167287347
03/24/2022 22:00:00,0.297892057567339
03/24/2022 23:00:00,0.242943531217191
03/25/2022 00:00:00,0.291590672235216
03/25/2022 01:00:00,0.223077567376305
03/25/2022 02:00:00,0.20977191614819
03/25/2022 03:00:00,0.363359162072265
03/25/2022 04:00:00,0.298708597522382
03/25/2022 05:00:00,0.227090331880671
03/25/2022 06:00:00,0.196500556828421
03/25/2022 07:00:00,0.216566463871845
03/25/2022 08:00:00,0.234510447471961
03/25/2022 09:00:00,0.25518920262187
03/25/2022 10:00:00,0.266014643970034
03/25/2022 11:00:00,0.246071632568778
03/25/2022 12:00:00,0.227760655903194
03/25/2022 13:00:00,0.267368986982534
03/25/2022 14:00:00,0.335084232247345
03/25/2022 15:00:00,0.247283954256614
03/25/2022 16:00:00,0.22431256734631
03/25/2022 17:00:00,0.237903270292098
03/25/2022 18:00:00,0.256004293965095
03/25/2022 19:00:00,0.217324844348047
03/25/2022 20:00:00,0.216830244634371
03/25/2022 21:00:00,0.195409278434469
03/25/2022 22:00:00,0.207913676709681
03/25/2022 23:00:00,0.215048944379803
03/26/2022 00:00:00,0.255658306804128
03/26/2022 01:00:00,0.238119165885425
03/26/2022 02:00:00,0.274953122185331
03/26/2022 03:00:00,0.263334958027512
03/26/2022 04:00:00,0.230632661484731
03/26/2022 05:00:00,0.220959342607056
03/26/2022 06:00:00,0.236559348210503
03/26/2022 07:00:00,0.251755002781885
03/26/2022 08:00:00,0.252552622256826
03/26/2022 09:00:00,0.268402125343665
03/26/2022 10:00:00,0.268367426386351
03/26/2022 11:00:00,0.270233782389235
03/26/2022 12:00:00,0.33121605706584
03/26/2022 13:00:00,0.337570474471009
03/26/2022 14:00:00,0.301969420062446
03/26/2022 15:00:00,0.319943005292619
03/26/2022 16:00:00,0.275313221649427
03/26/2022 17:00:00,0.276786037175356
03/26/2022 18:00:00,0.270080817703438
03/26/2022 19:00:00,0.264042802230048
03/26/2022 20:00:00,0.281645993918586
03/26/2022 21:00:00,0.29429977464941
03/26/2022 22:00:00,0.339084401142587
03/26/2022 23:00:00,0.326625888296147
03/27/2022 00:00:00,0.315210958005477
03/27/2022 01:00:00,0.32565001590296
03/27/2022 02:00:00,0.279554844032757
03/27/2022 03:00:00,0.292865135252122
03/27/2022 04:00:00,0.312404226815284
03/27/2022 05:00:00,0.313932449284656
03/27/2022 06:00:00,0.332917357621955
03/27/2022 07:00:00,0.332102425669264
03/27/2022 08:00:00,0.311371680338275
03/27/2022 09:00:00,0.274375949623969
03/27/2022 10:00:00,0.338005413080363
03/27/2022 11:00:00,0.339713668490029
03/27/2022 12:00:00,0.335330390602535
03/27/2022 13:00:00,0.306482674419896
03/27/2022 14:00:00,0.273498772122643
03/27/2022 15:00:00,0.224515256053675
03/27/2022 16:00:00,0.20117268644522
03/27/2022 17:00:00,0.237973042920748
03/27/2022 18:00:00,0.250095076336742
03/27/2022 19:00:00,0.25852849699963
03/27/2022 20:00:00,0.207941425135031
03/27/2022 21:00:00,0.223722410600408
03/27/2022 22:00:00,0.35268869802735
03/27/2022 23:00:00,0.29722234728072
03/28/2022 00:00:00,0.286734477409873
03/28/2022 01:00:00,0.330157051335737
03/28/2022 02:00:00,0.358438214759985
03/28/2022 03:00:00,0.346149504819005
03/28/2022 04:00:00,0.349751081180102
03/28/2022 05:00:00,0.333745046758354
03/28/2022 06:00:00,0.441272371914502
03/28/2022 07:00:00,0.495472257175728
03/28/2022 08:00:00,0.415279058981971
03/28/2022 09:00:00,0.438373776188937
03/28/2022 10:00:00,0.412561167115238
03/28/2022 11:00:00,0.605910751201927
03/28/2022 12:00:00,0.399319062093742
03/28/2022 13:00:00,0.433603163978528
03/28/2022 14:00:00,0.326288031593291
03/28/2022 15:00:00,0.34939205033523
03/28/2022 16:00:00,0.566237480939839
03/28/2022 17:00:00,0.464443739043231
03/28/2022 18:00:00,0.366049269156071
03/28/2022 19:00:00,0.416472079677759
03/28/2022 20:00:00,0.308955991826382
03/28/2022 21:00:00,0.362455509007027
03/28/2022 22:00:00,0.417571313842718
03/28/2022 23:00:00,0.353042812873185
03/29/2022 00:00:00,0.294344663182271
03/29/2022 01:00:00,0.270849653500714
03/29/2022 02:00:00,0.262941600405547
03/29/2022 03:00:00,0.318129310743007
03/29/2022 04:00:00,0.262766155138467
03/29/2022 05:00:00,0.285991900395714
03/29/2022 06:00:00,0.351591481044145
03/29/2022 07:00:00,0.277650530742665
03/29/2022 08:00:00,0.255311176878968
03/29/2022 09:00:00,0.359566102470651
03/29/2022 10:00:00,0.319426406260928
03/29/2022 11:00:00,0.288107852817587
03/29/2022 12:00:00,0.317433608920544
03/29/2022 13:00:00,0.330338738379906
03/29/2022 14:00:00,0.289560290738853
03/29/2022 15:00:00,0.332903422637389
03/29/2022 16:00:00,0.265922918472918
03/29/2022 17:00:00,0.331443209210944
03/29/2022 18:00:00,0.309489551968098
03/29/2022 19:00:00,0.332908889516465
03/29/2022 20:00:00,0.385898866674539
03/29/2022 21:00:00,0.390579786950486
03/29/2022 22:00:00,0.366185864349371
03/29/2022 23:00:00,0.265834413572927
03/30/2022 00:00:00,0.38788398275666
03/30/2022 01:00:00,0.334177042942938
03/30/2022 02:00:00,0.387426141737819
03/30/2022 03:00:00,0.397620091609535
03/30/2022 04:00:00,0.383387027232752
03/30/2022 05:00:00,0.319438456668365
03/30/2022 06:00:00,0.35408549521964
03/30/2022 07:00:00,0.309135089944662
03/30/2022 08:00:00,0.313281173128001
03/30/2022 09:00:00,0.323432888334567
03/30/2022 10:00:00,0.352793809787128
03/30/2022 11:00:00,0.325006450167638
03/30/2022 12:00:00,0.318942531529486
03/30/2022 13:00:00,0.349392938005059
03/30/2022 14:00:00,0.31083570664245
03/30/2022 15:00:00,0.306589849923016
03/30/2022 16:00:00,0.296709149268846
03/30/2022 17:00:00,0.273507462634211
03/30/2022 18:00:00,0.196798030448022
03/30/2022 19:00:00,0.18460122917518
03/30/2022 20:00:00,0.197858143765945
03/30/2022 21:00:00,0.337711599238717
03/30/2022 22:00:00,0.242830343196674
03/30/2022 23:00:00,0.175464764454015
03/31/2022 00:00:00,0.149614422973957
03/31/2022 01:00:00,0.210373151468493
03/31/2022 02:00:00,0.243379849719051
03/31/2022 03:00:00,0.211492868575202
03/31/2022 04:00:00,0.19693152089284
03/31/2022 05:00:00,0.217466159679041
03/31/2022 06:00:00,0.212488206602032
03/31/2022 07:00:00,0.244235475605714
03/31/2022 08:00:00,0.285901611062109
03/31/2022 09:00:00,0.358110014487527
03/31/2022 10:00:00,0.304147964571118
03/31/2022 11:00:00,0.304132819363391
03/31/2022 12:00:00,0.282168918485315
03/31/2022 13:00:00,0.254266115972097
03/31/2022 14:00:00,0.264419777747821
03/31/2022 15:00:00,0.333779433872844
03/31/2022 16:00:00,0.362362642979179
03/31/2022 17:00:00,0.358374909373591
03/31/2022 18:00:00,0.335887820121868
03/31/2022 19:00:00,0.23847124384568
03/31/2022 20:00:00,0.248789329764377
03/31/2022 21:00:00,0.244401254490602
03/31/2022 22:00:00,0.223402121186739
03/31/2022 23:00:00,0.264394347730224
04/01/2022 00:00:00,0.255050950728062
04/01/2022 01:00:00,0.209237475761548
04/01/2022 02:00:00,0.209640369637823
04/01/2022 03:00:00,0.220464221252205
04/01/2022 04:00:00,0.264496448878309
04/01/2022 05:00:00,0.216306871888131
04/01/2022 06:00:00,0.215823016992049
04/01/2022 07:00:00,0.222219341894015
04/01/2022 08:00:00,0.224411361824027
04/01/2022 09:00:00,0.213582798798413
04/01/2022 10:00:00,0.237299413542393
04/01/2022 11:00:00,0.186132782587238
04/01/2022 12:00:00,0.207905595519674
04/01/2022 13:00:00,0.259035165691516
04/01/2022 14:00:00,0.265721805039458
04/01/2022 15:00:00,0.245356526150553
04/01/2022 16:00:00,0.240517522705737
04/01/2022 17:00:00,0.231223433634332
04/01/2022 18:00:00,0.239607090563236
04/01/2022 19:00:00,0.278219079886092
04/01/2022 20:00:00,0.290059296700251
04/01/2022 21:00:00,0.24821504550509
04/01/2022 22:00:00,0.225782987449032
04/01/2022 23:00:00,0.26503480063054
04/02/2022 00:00:00,0.316729846581323
04/02/2022 01:00:00,0.286132462600726
04/02/2022 02:00:00,0.2306590993974
04/02/2022 03:00:00,0.266383582116564
04/02/2022 04:00:00,0.271640867073116
04/02/2022 05:00:00,0.306433562392266
04/02/2022 06:00:00,0.237776078008261
04/02/2022 07:00:00,0.220178195188979
04/02/2022 08:00:00,0.246286062983906
04/02/2022 09:00:00,0.281754725777475
04/02/2022 10:00:00,0.256457451622751
04/02/2022 11:00:00,0.204567511967634
04/02/2022 12:00:00,0.281036245945038
04/02/2022 13:00:00,0.31441794393765
04/02/2022 14:00:00,0.291395660073784
04/02/2022 15:00:00,0.245711170931846
04/02/2022 16:00:00,0.242788418527739
04/02/2022 17:00:00,0.257508961835795
04/02/2022 18:00:00,0.260457374031444
04/02/2022 19:00:00,0.277126614083797
04/02/2022 20:00:00,0.274480293114046
04/02/2022 21:00:00,0.267269139291106
04/02/2022 22:00:00,0.294188135049636
04/02/2022 23:00:00,0.257073587665066
04/03/2022 00:00:00,0.249641322865567
04/03/2022 01:00:00,0.28328313915345
04/03/2022 02:00:00,0.268007441750658
04/03/2022 03:00:00,0.255760130581525
04/03/2022 04:00:00,0.262159560878832
04/03/2022 05:00:00,0.262604103858546
04/03/2022 06:00:00,0.284717145052321
04/03/2022 07:00:00,0.331691760426325
04/03/2022 08:00:00,0.301422252194424
04/03/2022 09:00:00,0.242784489278087
04/03/2022 10:00:00,0.238105386899748
04/03/2022 11:00:00,0.249922231485241
04/03/2022 12:00:00,0.316568038430656
04/03/2022 13:00:00,0.242586311120635
04/03/2022 14:00:00,0.232106130284796
04/03/2022 15:00:00,0.23066264927631
04/03/2022 16:00:00,0.223386656803233
04/03/2022 17:00:00,0.203404203060286
04/03/2022 18:00:00,0.177741321255832
04/03/2022 19:00:00,0.218696915568234
04/03/2022 20:00:00,0.233550486293087
04/03/2022 21:00:00,0.220715772147398
04/03/2022 22:00:00,0.217053655632403
04/03/2022 23:00:00,0.223933521466797
04/04/2022 00:00:00,0.223188890602197
04/04/2022 01:00:00,0.25901966170581
04/04/2022 02:00:00,0.266061980238157
04/04/2022 03:00:00,0.260789684182817
04/04/2022 04:00:00,0.245569946007522
04/04/2022 05:00:00,0.181122545262699
04/04/2022 06:00:00,0.201383814170084
04/04/2022 07:00:00,0.215117561197332
04/04/2022 08:00:00,0.203976604430178
04/04/2022 09:00:00,0.229785931499493
04/04/2022 10:00:00,0.235014137524702
04/04/2022 11:00:00,0.198695110920136
04/04/2022 12:00:00,0.2047140957694
04/04/2022 13:00:00,0.232729285555303
04/04/2022 14:00:00,0.22760871994334
04/04/2022 15:00:00,0.228754218954697
04/04/2022 16:00:00,0.238866712995187
04/04/2022 17:00:00,0.277507411491629
04/04/2022 18:00:00,0.226956656295883
04/04/2022 19:00:00,0.215409131416635
04/04/2022 20:00:00,0.207193375795628
04/04/2022 21:00:00,0.240019622756797
04/04/2022 22:00:00,0.224513921585213
04/04/2022 23:00:00,0.229289070859039
04/05/2022 00:00:00,0.18942448609061
04/05/2022 01:00:00,0.242842780843104
04/05/2022 02:00:00,0.243492105496623
04/05/2022 03:00:00,0.208612094897614
04/05/2022 04:00:00,0.274754348477388
04/05/2022 05:00:00,0.355750537753784
04/05/2022 06:00:00,0.342928122449463
04/05/2022 07:00:00,0.312808658614867
04/05/2022 08:00:00,0.463577856703585
04/05/2022 09:00:00,0.335155395705211
04/05/2022 10:00:00,0.39040504776679
04/05/2022 11:00:00,0.514088557741307
04/05/2022 12:00:00,0.41552340427271
04/05/2022 13:00:00,0.244425741071367
04/05/2022 14:00:00,0.353556441937529
04/05/2022 15:00:00,0.437764249620473
04/05/2022 16:00:00,0.474636562686923
04/05/2022 17:00:00,0.477520051073007
04/05/2022 18:00:00,0.435176016662747
04/05/2022 19:00:00,0.381804931251353
04/05/2022 20:00:00,0.444068414806784
04/05/2022 21:00:00,0.45627590387162
04/05/2022 22:00:00,0.471165763461884
04/05/2022 23:00:00,0.483687503585773
04/06/2022 00:00:00,0.459257802698892
04/06/2022 01:00:00,0.480202076349855
04/06/2022 02:00:00,0.423982135840225
04/06/2022 03:00:00,0.376890357389925
04/06/2022 04:00:00,0.419448280521006
04/06/2022 05:00:00,0.407524906801769
04/06/2022 06:00:00,0.372941531954179
04/06/2022 07:00:00,0.408404199693894
04/06/2022 08:00:00,0.435759470551473
04/06/2022 09:00:00,0.402619300823348
04/06/2022 10:00:00,0.397541905465004
04/06/2022 11:00:00,0.466045667917919
04/06/2022 12:00:00,0.488198045740378
04/06/2022 13:00:00,0.45832448801489
04/06/2022 14:00:00,0.434524751897903
04/06/2022 15:00:00,0.437018195677495
04/06/2022 16:00:00,0.378091028794074
04/06/2022 17:00:00,0.389729279507844
04/06/2022 18:00:00,0.329837682405663
04/06/2022 19:00:00,0.196908307789575
04/06/2022 20:00:00,0.221154965547693
04/06/2022 21:00:00,0.249203054218704
04/06/2022 22:00:00,0.223058162380492
04/06/2022 23:00:00,0.215456607600727
04/07/2022 00:00:00,0.227704212928298
04/07/2022 01:00:00,0.202679370160187
04/07/2022 02:00:00,0.196169590043047
04/07/2022 03:00:00,0.223369573632292
04/07/2022 04:00:00,0.18590263949452
04/07/2022 05:00:00,0.190302382837718
04/07/2022 06:00:00,0.212445247051824
04/07/2022 07:00:00,0.203588866743841
04/07/2022 08:00:00,0.221080044679935
04/07/2022 09:00:00,0.17641534587663
04/07/2022 10:00:00,0.174781158703524
04/07/2022 11:00:00,0.196673852138716
04/07/2022 12:00:00,0.319108195315896
04/07/2022 13:00:00,0.377533609265052
04/07/2022 14:00:00,0.211363607320193
04/07/2022 15:00:00,0.186535305636933
04/07/2022 16:00:00,0.188221945544775
04/07/2022 17:00:00,0.264725403243253
04/07/2022 18:00:00,0.202594084539261
04/07/2022 19:00:00,0.211106984009467
04/07/2022 20:00:00,0.213471136547679
04/07/2022 21:00:00,0.244741551077843
04/07/2022 22:00:00,0.249897150045431
04/07/2022 23:00:00,0.266425834361672
04/08/2022 00:00:00,0.163495498527347
04/08/2022 01:00:00,0.191250270479825
04/08/2022 02:00:00,0.29973809202444
04/08/2022 03:00:00,0.268365421141158
04/08/2022 04:00:00,0.207661484351211
04/08/2022 05:00:00,0.201529928472593
04/08/2022 06:00:00,0.201067933905477
04/08/2022 07:00:00,0.207718106453636
04/08/2022 08:00:00,0.226804866344255
04/08/2022 09:00:00,0.233886190879236
04/08/2022 10:00:00,0.214212510186693
04/08/2022 11:00:00,0.207391353434534
04/08/2022 12:00:00,0.200700994355051
04/08/2022 13:00:00,0.207365048266935
04/08/2022 14:00:00,0.217980603163832
04/08/2022 15:00:00,0.195287778113186
04/08/2022 16:00:00,0.245523017762046
04/08/2022 17:00:00,0.222174151295052
04/08/2022 18:00:00,0.220906394934958
04/08/2022 19:00:00,0.2045273874298
04/08/2022 20:00:00,0.246957160076341
04/08/2022 21:00:00,0.212118291245544
04/08/2022 22:00:00,0.261355977453514
04/08/2022 23:00:00,0.260981751269028
04/09/2022 00:00:00,0.283749228465715
04/09/2022 01:00:00,0.260480349176897
04/09/2022 02:00:00,0.304696280480984
04/09/2022 03:00:00,0.215176391349767
04/09/2022 04:00:00,0.204494484169104
04/09/2022 05:00:00,0.229249599525242
04/09/2022 06:00:00,0.201043483260328
04/09/2022 07:00:00,0.267671006949396
04/09/2022 08:00:00,0.222757137638776
04/09/2022 09:00:00,0.223169734215298
04/09/2022 10:00:00,0.206983085352575
04/09/2022 11:00:00,0.215240505196764
04/09/2022 12:00:00,0.21329294686243
04/09/2022 13:00:00,0.234203179351411
04/09/2022 14:00:00,0.271869745027379
04/09/2022 15:00:00,0.339490356171708
04/09/2022 16:00:00,0.250074161664586
04/09/2022 17:00:00,0.202711519876901
04/09/2022 18:00:00,0.22235745972827
04/09/2022 19:00:00,0.214939906024144
04/09/2022 20:00:00,0.297950606380917
04/09/2022 21:00:00,0.283656527993787
04/09/2022 22:00:00,0.361721613583154
04/09/2022 23:00:00,0.286066850037349
04/10/2022 00:00:00,0.286088929038318
04/10/2022 01:00:00,0.284097169843118
04/10/2022 02:00:00,0.302042267634832
04/10/2022 03:00:00,0.271091633388234
04/10/2022 04:00:00,0.230500098119823
04/10/2022 05:00:00,0.283368156534548
04/10/2022 06:00:00,0.341557714246155
04/10/2022 07:00:00,0.289981585950825
04/10/2022 08:00:00,0.431071922067504
04/10/2022 09:00:00,0.254032284296392
04/10/2022 10:00:00,0.286614262454682
04/10/2022 11:00:00,0.369046891870212
04/10/2022 12:00:00,0.310543459209168
04/10/2022 13:00:00,0.255602038403161
04/10/2022 14:00:00,0.245209604599544
04/10/2022 15:00:00,0.225779525202305
04/10/2022 16:00:00,0.285926545452692
04/10/2022 17:00:00,0.231580999736308
04/10/2022 18:00:00,0.27108818367684
04/10/2022 19:00:00,0.270615726635505
04/10/2022 20:00:00,0.305675368123433
04/10/2022 21:00:00,0.31238700414176
04/10/2022 22:00:00,0.2700240778601
04/10/2022 23:00:00,0.327043491083414
04/11/2022 00:00:00,0.347649555778584
04/11/2022 01:00:00,0.330728445990028
04/11/2022 02:00:00,0.266158705117521
04/11/2022 03:00:00,0.231087624634762
04/11/2022 04:00:00,0.247190237475021
04/11/2022 05:00:00,0.308609132481173
04/11/2022 06:00:00,0.307957226366192
04/11/2022 07:00:00,0.307670635163289
04/11/2022 08:00:00,0.38293579733327
04/11/2022 09:00:00,0.307603142974187
04/11/2022 10:00:00,0.259328871784423
04/11/2022 11:00:00,0.322741429692985
04/11/2022 12:00:00,0.300469472508858
04/11/2022 13:00:00,0.247443584362544
04/11/2022 14:00:00,0.232956309350149
04/11/2022 15:00:00,0.281006102392817
04/11/2022 16:00:00,0.339210227177417
04/11/2022 17:00:00,0.279952863871681
04/11/2022 18:00:00,0.288207732750204
04/11/2022 19:00:00,0.305203426154865
04/11/2022 20:00:00,0.275192982641063
04/11/2022 21:00:00,0.279713070991091
04/11/2022 22:00:00,0.331753667813066
04/11/2022 23:00:00,0.239428382193339
04/12/2022 00:00:00,0.222154757157256
04/12/2022 01:00:00,0.261281736417986
04/12/2022 02:00:00,0.337328136121828
04/12/2022 03:00:00,0.314145003598955
04/12/2022 04:00:00,0.40718954530513
04/12/2022 05:00:00,0.500861923324679
04/12/2022 06:00:00,0.525762297418565
04/12/2022 07:00:00,0.510724891147634
04/12/2022 08:00:00,0.461797503017267
04/12/2022 09:00:00,0.436191626245898
04/12/2022 10:00:00,0.404519475506143
04/12/2022 11:00:00,0.377190048208608
04/12/2022 12:00:00,0.366039916235024
04/12/2022 13:00:00,0.372336094680889
04/12/2022 14:00:00,0.392395784191463
04/12/2022 15:00:00,0.357095573014937
04/12/2022 16:00:00,0.360769631048561
04/12/2022 17:00:00,0.322092316822188
04/12/2022 18:00:00,0.344534623226997
04/12/2022 19:00:00,0.375546593448226
04/12/2022 20:00:00,0.377081450395764
04/12/2022 21:00:00,0.436119995297979
04/12/2022 22:00:00,0.355691486415379
04/12/2022 23:00:00,0.368045496606651
04/13/2022 00:00:00,0.390723172201204
04/13/2022 01:00:00,0.487406683523827
04/13/2022 02:00:00,0.455397886001354
04/13/2022 03:00:00,0.496207339839395
04/13/2022 04:00:00,0.458598821853593
04/13/2022 05:00:00,0.512075006696386
04/13/2022 06:00:00,0.474638477101014
04/13/2022 07:00:00,0.367400339767706
04/13/2022 08:00:00,0.346541041407407
04/13/2022 09:00:00,0.368206218761894
04/13/2022 10:00:00,0.336725642031807
04/13/2022 11:00:00,0.314876893200122
04/13/2022 12:00:00,0.375165383427766
04/13/2022 13:00:00,0.367454761746434
04/13/2022 14:00:00,0.296960559836794
04/13/2022 15:00:00,0.313534826319218
04/13/2022 16:00:00,0.377733886267825
04/13/2022 17:00:00,0.375911176854517
04/13/2022 18:00:00,0.38559571612227
04/13/2022 19:00:00,0.318180615839719
04/13/2022 20:00:00,0.313788006545679
04/13/2022 21:00:00,0.331725686522117
04/13/2022 22:00:00,0.24419924212733
04/13/2022 23:00:00,0.270302289923913
04/14/2022 00:00:00,0.307141737661511
04/14/2022 01:00:00,0.36833762456825
04/14/2022 02:00:00,0.4239282529664
04/14/2022 03:00:00,0.278819938756348
04/14/2022 04:00:00,0.263635915503497
04/14/2022 05:00:00,0.218474754251763
04/14/2022 06:00:00,0.242342283794446
04/14/2022 07:00:00,0.234398443005055
04/14/2022 08:00:00,0.226014193402665
04/14/2022 09:00:00,0.223135924861414
04/14/2022 10:00:00,0.247669740544158
04/14/2022 11:00:00,0.239416583498007
04/14/2022 12:00:00,0.22303399605062
04/14/2022 13:00:00,0.225011356097187
04/14/2022 14:00:00,0.227209445890286
04/14/2022 15:00:00,0.267389286221642
04/14/2022 16:00:00,0.282770799788113
04/14/2022 17:00:00,0.282432839753761
04/14/2022 18:00:00,0.331258377524469
04/14/2022 19:00:00,0.3089561370528
04/14/2022 20:00:00,0.24477016549523
04/14/2022 21:00:00,0.24467070761227
04/14/2022 22:00:00,0.219964581480204
04/14/2022 23:00:00,0.27518276393429
04/15/2022 00:00:00,0.25069360203292
04/15/2022 01:00:00,0.29955886063814
04/15/2022 02:00:00,0.287220125201761
04/15/2022 03:00:00,0.254228154055034
04/15/2022 04:00:00,0.301841006905655
04/15/2022 05:00:00,0.327903032135012
04/15/2022 06:00:00,0.384750401281728
04/15/2022 07:00:00,0.305279344047261
04/15/2022 08:00:00,0.221726478784074
04/15/2022 09:00:00,0.218943401484741
04/15/2022 10:00:00,0.352033623026527
04/15/2022 11:00:00,0.357578187680011
04/15/2022 12:00:00,0.276010521209772
04/15/2022 13:00:00,0.334173124011447
04/15/2022 14:00:00,0.280726923397767
04/15/2022 15:00:00,0.301329006875183
04/15/2022 16:00:00,0.289737592189841
04/15/2022 17:00:00,0.358865627342376
04/15/2022 18:00:00,0.435333450905111
04/15/2022 19:00:00,0.413927109418138
04/15/2022 20:00:00,0.369682070616725
04/15/2022 21:00:00,0.425186017886048
04/15/2022 22:00:00,0.369046098936156
04/15/2022 23:00:00,0.471120891742708
04/16/2022 00:00:00,0.406981375155145
04/16/2022 01:00:00,0.353964707352801
04/16/2022 02:00:00,0.238250981432375
04/16/2022 03:00:00,0.254167738761559
04/16/2022 04:00:00,0.397660791515415
04/16/2022 05:00:00,0.377060496809614
04/16/2022 06:00:00,0.363357076683958
04/16/2022 07:00:00,0.408853450689586
04/16/2022 08:00:00,0.414892114859428
04/16/2022 09:00:00,0.419364915819972
04/16/2022 10:00:00,0.406613146313811
04/16/2022 11:00:00,0.413157406831009
04/16/2022 12:00:00,NaN
04/16/2022 13:00:00,0.366342327911005
04/16/2022 14:00:00,0.346963471847439
04/16/2022 15:00:00,0.322009173878822
04/16/2022 16:00:00,0.435664705603448
04/16/2022 17:00:00,0.458700000286347
04/16/2022 18:00:00,0.435873874689349
04/16/2022 19:00:00,0.419753587771629
04/16/2022 20:00:00,0.365829910039119
04/16/2022 21:00:00,0.347806306500973
04/16/2022 22:00:00,0.32524611729144
04/16/2022 23:00:00,0.35700965857772
04/17/2022 00:00:00,0.360307278641982
04/17/2022 01:00:00,0.346959084376568
04/17/2022 02:00:00,0.315881184136111
04/17/2022 03:00:00,0.279147337711268
04/17/2022 04:00:00,0.281757463007712
04/17/2022 05:00:00,0.363433170641722
04/17/2022 06:00:00,0.316743659120446
04/17/2022 07:00:00,0.359212074777367
04/17/2022 08:00:00,0.406920243052766
04/17/2022 09:00:00,0.342821058857435
04/17/2022 10:00:00,0.354016853594875
04/17/2022 11:00:00,0.384499277895961
04/17/2022 12:00:00,0.294379957323014
04/17/2022 13:00:00,0.237609530739687
04/17/2022 14:00:00,0.317293361173789
04/17/2022 15:00:00,0.354410271490436
04/17/2022 16:00:00,0.312923942687258
04/17/2022 17:00:00,0.310972721666695
04/17/2022 18:00:00,0.369609626024124
04/17/2022 19:00:00,0.387495836551179
04/17/2022 20:00:00,0.425485945171849
04/17/2022 21:00:00,0.40043448761479
04/17/2022 22:00:00,0.408470144018512
04/17/2022 23:00:00,0.421229111370293
04/18/2022 00:00:00,0.432771805512422
04/18/2022 01:00:00,0.386190160668888
04/18/2022 02:00:00,0.323053171500996
04/18/2022 03:00:00,0.334818069723559
04/18/2022 04:00:00,0.318007706257777
04/18/2022 05:00:00,0.313537718434715
04/18/2022 06:00:00,0.336296610291668
04/18/2022 07:00:00,0.322548014048892
04/18/2022 08:00:00,0.282853808130454
04/18/2022 09:00:00,0.268969353685359
04/18/2022 10:00:00,0.256119087168588
04/18/2022 11:00:00,0.276745483211678
04/18/2022 12:00:00,0.22123247587823
04/18/2022 13:00:00,0.22736574802281
04/18/2022 14:00:00,0.251952527993313
04/18/2022 15:00:00,0.202887217352888
04/18/2022 16:00:00,0.22072144624799
04/18/2022 17:00:00,0.216925444338591
04/18/2022 18:00:00,0.241101903225855
04/18/2022 19:00:00,0.212500140899281
04/18/2022 20:00:00,0.231167370803165
04/18/2022 21:00:00,0.238508993889433
04/18/2022 22:00:00,0.226651704615262
04/18/2022 23:00:00,0.216754907564194
04/19/2022 00:00:00,0.224981894715197
04/19/2022 01:00:00,0.233363347392947
04/19/2022 02:00:00,0.218609549908433
04/19/2022 03:00:00,0.198600588657584
04/19/2022 04:00:00,0.194382589517458
04/19/2022 05:00:00,0.168399153951617
04/19/2022 06:00:00,0.171142333255905
04/19/2022 07:00:00,0.192449045783882
04/19/2022 08:00:00,0.195123370840733
04/19/2022 09:00:00,0.222247850326584
04/19/2022 10:00:00,0.257079105319004
04/19/2022 11:00:00,0.2554021474984
04/19/2022 12:00:00,0.283005759304125
04/19/2022 13:00:00,0.255697504980719
04/19/2022 14:00:00,0.256900785471673
04/19/2022 15:00:00,0.31350001520509
04/19/2022 16:00:00,0.367691208246334
04/19/2022 17:00:00,NaN
04/19/2022 18:00:00,NaN
04/19/2022 19:00:00,NaN
04/19/2022 20:00:00,NaN
04/19/2022 21:00:00,NaN
04/19/2022 22:00:00,NaN
04/19/2022 23:00:00,0.359796467858607
04/20/2022 00:00:00,0.386992959355532
04/20/2022 01:00:00,0.333207482527982
04/20/2022 02:00:00,0.315862859147211
04/20/2022 03:00:00,0.345031309779656
04/20/2022 04:00:00,0.278070548787899
04/20/2022 05:00:00,0.277989961508217
04/20/2022 06:00:00,0.28151232040534
04/20/2022 07:00:00,0.323659754282518
04/20/2022 08:00:00,0.367808842619238
04/20/2022 09:00:00,0.390688845024064
04/20/2022 10:00:00,0.349644446365421
04/20/2022 11:00:00,0.344256021210008
04/20/2022 12:00:00,0.361936079951803
04/20/2022 13:00:00,0.358666683528064
04/20/2022 14:00:00,0.268821184640602
04/20/2022 15:00:00,0.2904109065627
04/20/2022 16:00:00,0.32738627678458
04/20/2022 17:00:00,0.318932960701293
04/20/2022 18:00:00,0.336790351982712
04/20/2022 19:00:00,0.381561756144464
04/20/2022 20:00:00,0.418213990301824
04/20/2022 21:00:00,0.441603014802822
04/20/2022 22:00:00,0.374760295013242
04/20/2022 23:00:00,0.377323157913159
04/21/2022 00:00:00,0.378639535521772
04/21/2022 01:00:00,0.294555404128846
04/21/2022 02:00:00,0.252861233200935
04/21/2022 03:00:00,0.362357320438249
04/21/2022 04:00:00,0.450058536045132
04/21/2022 05:00:00,0.387435169852818
04/21/2022 06:00:00,0.363948821334037
04/21/2022 07:00:00,0.397876966176719
04/21/2022 08:00:00,0.300110876318778
04/21/2022 09:00:00,0.333573000974231
04/21/2022 10:00:00,0.368452956211278
04/21/2022 11:00:00,0.369329675125889
04/21/2022 12:00:00,0.319859432521477
04/21/2022 13:00:00,0.306884411361846
04/21/2022 14:00:00,0.359717504438659
04/21/2022 15:00:00,0.343299149169398
04/21/2022 16:00:00,0.304292012167293
04/21/2022 17:00:00,0.285841228080086
04/21/2022 18:00:00,0.281570474000331
04/21/2022 19:00:00,0.356152427410884
04/21/2022 20:00:00,0.326880735441941
04/21/2022 21:00:00,0.364754540530467
04/21/2022 22:00:00,0.320952139764417
04/21/2022 23:00:00,0.379292740230601
04/22/2022 00:00:00,0.359125191367527
04/22/2022 01:00:00,0.361835446369709
04/22/2022 02:00:00,0.297285787339039
04/22/2022 03:00:00,0.379409118988574
04/22/2022 04:00:00,0.322438129288808
04/22/2022 05:00:00,0.236650523214318
04/22/2022 06:00:00,0.315034199495922
04/22/2022 07:00:00,0.26324420075506
04/22/2022 08:00:00,0.32354414924303
04/22/2022 09:00:00,0.343986051221313
04/22/2022 10:00:00,0.317778271202297
04/22/2022 11:00:00,0.340265628043056
04/22/2022 12:00:00,0.326952037924199
04/22/2022 13:00:00,0.320034785909221
04/22/2022 14:00:00,0.302458243717178
04/22/2022 15:00:00,0.464281272600395
04/22/2022 16:00:00,0.348201121985771
04/22/2022 17:00:00,0.424821370781391
04/22/2022 18:00:00,0.432821359908011
04/22/2022 19:00:00,0.451727201270418
04/22/2022 20:00:00,0.355992959680784
04/22/2022 21:00:00,0.369322211155817
04/22/2022 22:00:00,0.337235477875989
04/22/2022 23:00:00,0.378015394967467
04/23/2022 00:00:00,0.473382715876619
04/23/2022 01:00:00,0.414431841391406
04/23/2022 02:00:00,0.457091072426389
04/23/2022 03:00:00,0.285032270998829
04/23/2022 04:00:00,0.401242393858856
04/23/2022 05:00:00,0.420245504718454
04/23/2022 06:00:00,0.469981135266752
04/23/2022 07:00:00,0.439336042375137
04/23/2022 08:00:00,0.381053164925463
04/23/2022 09:00:00,0.395905861363025
04/23/2022 10:00:00,0.448292573277135
04/23/2022 11:00:00,0.298775007631388
04/23/2022 12:00:00,0.327351584097081
04/23/2022 13:00:00,0.320540205731465
04/23/2022 14:00:00,0.301501004567994
04/23/2022 15:00:00,0.477039992217424
04/23/2022 16:00:00,0.387569326283768
04/23/2022 17:00:00,0.354200955074672
04/23/2022 18:00:00,0.279033111508736
04/23/2022 19:00:00,0.335617078794491
04/23/2022 20:00:00,0.320313856206849
04/23/2022 21:00:00,0.361947214909849
04/23/2022 22:00:00,0.4160185507649
04/23/2022 23:00:00,0.394624854796653
04/24/2022 00:00:00,0.4435464652962
04/24/2022 01:00:00,0.391596929141117
04/24/2022 02:00:00,0.264458317745537
04/24/2022 03:00:00,0.267824363476691
04/24/2022 04:00:00,0.332184085003569
04/24/2022 05:00:00,0.410494282939316
04/24/2022 06:00:00,NaN
04/24/2022 07:00:00,NaN
04/24/2022 08:00:00,NaN
04/24/2022 09:00:00,NaN
04/24/2022 10:00:00,NaN
04/24/2022 11:00:00,0.293867597224876
04/24/2022 12:00:00,0.427057464718101
04/24/2022 13:00:00,0.430059400405104
04/24/2022 14:00:00,0.403857557926484
04/24/2022 15:00:00,0.572441931751969
04/24/2022 16:00:00,0.490612560558422
04/24/2022 17:00:00,0.470934768064042
04/24/2022 18:00:00,0.449932174635053
04/24/2022 19:00:00,0.396619237509554
04/24/2022 20:00:00,0.337434258208693
04/24/2022 21:00:00,0.348622742856685
04/24/2022 22:00:00,0.388221329657809
04/24/2022 23:00:00,0.356703679515968
04/25/2022 00:00:00,0.296965087699999
04/25/2022 01:00:00,0.325837594422423
04/25/2022 02:00:00,0.381243806022328
04/25/2022 03:00:00,0.395037189322055
04/25/2022 04:00:00,0.349813460370696
04/25/2022 05:00:00,0.456176794533646
04/25/2022 06:00:00,0.340338329065841
04/25/2022 07:00:00,0.36755542938486
04/25/2022 08:00:00,0.391088696762511
04/25/2022 09:00:00,0.4867283789109
04/25/2022 10:00:00,0.503792641280373
04/25/2022 11:00:00,0.472327565746428
04/25/2022 12:00:00,0.437544596247345
04/25/2022 13:00:00,0.3744975836065
04/25/2022 14:00:00,0.392094896718822
04/25/2022 15:00:00,0.379311302450668
04/25/2022 16:00:00,0.386079658088471
04/25/2022 17:00:00,0.384633327067427
04/25/2022 18:00:00,0.350270312216587
04/25/2022 19:00:00,0.413157188142364
04/25/2022 20:00:00,0.284797322718241
04/25/2022 21:00:00,0.335043929081836
04/25/2022 22:00:00,0.330615451426711
04/25/2022 23:00:00,0.273167057174514
04/26/2022 00:00:00,0.212486016743695
04/26/2022 01:00:00,0.282098199837575
04/26/2022 02:00:00,0.245649497070377
04/26/2022 03:00:00,0.262325957212184
04/26/2022 04:00:00,0.216072048689675
04/26/2022 05:00:00,0.241184653913234
04/26/2022 06:00:00,0.239591324961026
04/26/2022 07:00:00,0.223108022217677
04/26/2022 08:00:00,0.245997606007799
04/26/2022 09:00:00,0.191411587972823
04/26/2022 10:00:00,0.200937001393933
04/26/2022 11:00:00,0.212411098508259
04/26/2022 12:00:00,0.240936924729821
04/26/2022 13:00:00,0.31305219949544
04/26/2022 14:00:00,0.230491089317505
04/26/2022 15:00:00,0.18036542161959
04/26/2022 16:00:00,0.204464335844738
04/26/2022 17:00:00,0.18258141071822
04/26/2022 18:00:00,0.18008357375547
04/26/2022 19:00:00,0.212657416123226
04/26/2022 20:00:00,0.197692474851096
04/26/2022 21:00:00,0.200786186475079
04/26/2022 22:00:00,0.173207880481635
04/26/2022 23:00:00,0.199350777017477
04/27/2022 00:00:00,0.171293900371332
04/27/2022 01:00:00,0.167553329296793
04/27/2022 02:00:00,0.169267782366211
04/27/2022 03:00:00,0.16005743990404
04/27/2022 04:00:00,0.156191741869345
04/27/2022 05:00:00,0.174686674188381
04/27/2022 06:00:00,0.18972471196476
04/27/2022 07:00:00,0.194605361572675
04/27/2022 08:00:00,0.197296344547306
04/27/2022 09:00:00,0.235896023584223
04/27/2022 10:00:00,NaN
04/27/2022 11:00:00,NaN
04/27/2022 12:00:00,0.298788063632692
04/27/2022 13:00:00,0.351217670177728
04/27/2022 14:00:00,0.35341885606961
04/27/2022 15:00:00,0.33044836247401
04/27/2022 16:00:00,0.338741330576154
04/27/2022 17:00:00,0.327457044285078
04/27/2022 18:00:00,0.31005979238052
04/27/2022 19:00:00,0.292884451999123
04/27/2022 20:00:00,0.271426587236684
04/27/2022 21:00:00,0.251461387261722
04/27/2022 22:00:00,0.257492958431193
04/27/2022 23:00:00,0.275460373373434
04/28/2022 00:00:00,0.293825221550892
04/28/2022 01:00:00,0.277050198368307
04/28/2022 02:00:00,0.263129081581884
04/28/2022 03:00:00,0.238816231798142
04/28/2022 04:00:00,0.224788923120088
04/28/2022 05:00:00,0.232882197025667
04/28/2022 06:00:00,0.237393122958062
04/28/2022 07:00:00,0.271640893151194
04/28/2022 08:00:00,0.284845652445633
04/28/2022 09:00:00,0.2654100157142
04/28/2022 10:00:00,0.284524615671321
04/28/2022 11:00:00,0.264318761222154
04/28/2022 12:00:00,0.249849248779803
04/28/2022 13:00:00,0.297266431505742
04/28/2022 14:00:00,0.291653811101787
04/28/2022 15:00:00,0.266688943813022
04/28/2022 16:00:00,0.295975051501871
04/28/2022 17:00:00,0.302331922243842
04/28/2022 18:00:00,0.287286231982551
04/28/2022 19:00:00,0.266501232591902
04/28/2022 20:00:00,0.274937225911195
04/28/2022 21:00:00,0.281542155189856
04/28/2022 22:00:00,0.271778721208115
04/28/2022 23:00:00,0.268009426945062
04/29/2022 00:00:00,0.258345026781719
04/29/2022 01:00:00,0.293375415234684
04/29/2022 02:00:00,0.256636439989645
04/29/2022 03:00:00,0.288197556357528
04/29/2022 04:00:00,0.287993112735928
04/29/2022 05:00:00,0.268038988776918
04/29/2022 06:00:00,0.274639763037945
04/29/2022 07:00:00,0.28443345354662
04/29/2022 08:00:00,0.265181813960369
04/29/2022 09:00:00,0.315490989047766
04/29/2022 10:00:00,0.312438708133112
04/29/2022 11:00:00,0.298607858366612
04/29/2022 12:00:00,0.299934214841323
04/29/2022 13:00:00,0.291997251574399
04/29/2022 14:00:00,0.293390396594831
04/29/2022 15:00:00,0.318599872798693
04/29/2022 16:00:00,0.341220815789881
04/29/2022 17:00:00,0.343539655364243
04/29/2022 18:00:00,0.329351852313376
04/29/2022 19:00:00,0.315188272254533
04/29/2022 20:00:00,0.357153082496273
04/29/2022 21:00:00,0.314070824498188
04/29/2022 22:00:00,0.320244672747357
04/29/2022 23:00:00,0.303002233750526
04/30/2022 00:00:00,0.299682478361141
04/30/2022 01:00:00,0.350838110643436
04/30/2022 02:00:00,0.408080888071149
04/30/2022 03:00:00,0.469865452132203
04/30/2022 04:00:00,0.478363317588243
04/30/2022 05:00:00,0.439305730717535
04/30/2022 06:00:00,0.361093529559273
04/30/2022 07:00:00,0.366147571028923
04/30/2022 08:00:00,0.389205443230876
04/30/2022 09:00:00,0.381180314471377
04/30/2022 10:00:00,0.360364275906247
04/30/2022 11:00:00,0.376470333138188
04/30/2022 12:00:00,0.373605241222212
04/30/2022 13:00:00,0.4302660391082
04/30/2022 14:00:00,0.400398808173521
04/30/2022 15:00:00,0.405832832056811
04/30/2022 16:00:00,0.390599252134646
04/30/2022 17:00:00,0.459931875836585
04/30/2022 18:00:00,0.403056460454149
04/30/2022 19:00:00,0.403372588718857
04/30/2022 20:00:00,0.436341632626459
04/30/2022 21:00:00,0.447992493006946
04/30/2022 22:00:00,NaN
04/30/2022 23:00:00,NaN
05/01/2022 00:00:00,NaN
05/01/2022 01:00:00,NaN
05/01/2022 02:00:00,NaN
05/01/2022 03:00:00,NaN
05/01/2022 04:00:00,NaN
05/01/2022 05:00:00,NaN
05/01/2022 06:00:00,NaN
05/01/2022 07:00:00,NaN
05/01/2022 08:00:00,NaN
05/01/2022 09:00:00,NaN
05/01/2022 10:00:00,0.377505223815047
05/01/2022 11:00:00,0.333858069723499
05/01/2022 12:00:00,0.357574420061929
05/01/2022 13:00:00,0.344053892410965
05/01/2022 14:00:00,0.484673696096818
05/01/2022 15:00:00,0.475879000238836
05/01/2022 16:00:00,0.465144814227671
05/01/2022 17:00:00,0.39250260530889
05/01/2022 18:00:00,0.277339624262712
05/01/2022 19:00:00,0.264531999846678
05/01/2022 20:00:00,0.3320103463855
05/01/2022 21:00:00,0.407116426494369
05/01/2022 22:00:00,0.413530365595341
05/01/2022 23:00:00,0.422962616998171
05/02/2022 00:00:00,0.473831406809704
05/02/2022 01:00:00,0.458745420764347
05/02/2022 02:00:00,0.502872856681683
05/02/2022 03:00:00,0.421036861466858
05/02/2022 04:00:00,0.44666448234992
05/02/2022 05:00:00,0.477245054661783
05/02/2022 06:00:00,0.424911642557961
05/02/2022 07:00:00,0.415226464300938
05/02/2022 08:00:00,0.466573882295347
05/02/2022 09:00:00,0.494729198267499
05/02/2022 10:00:00,0.435453040140614
05/02/2022 11:00:00,0.402227375923635
05/02/2022 12:00:00,0.418484823224101
05/02/2022 13:00:00,0.41695114724597
05/02/2022 14:00:00,0.45257588813109
05/02/2022 15:00:00,0.462135256237167
05/02/2022 16:00:00,0.475468958357386
05/02/2022 17:00:00,0.468705364196894
05/02/2022 18:00:00,0.464614526396957
05/02/2022 19:00:00,0.453200678965283
05/02/2022 20:00:00,0.471203026762618
05/02/2022 21:00:00,0.481140267613372
05/02/2022 22:00:00,0.454598089928106
05/02/2022 23:00:00,0.473408267052982
05/03/2022 00:00:00,0.531519171284887
05/03/2022 01:00:00,0.455289696345963
05/03/2022 02:00:00,0.41415016416203
05/03/2022 03:00:00,0.50294252112246
05/03/2022 04:00:00,0.504123824775931
05/03/2022 05:00:00,0.487206384427542
05/03/2022 06:00:00,0.492335048520772
05/03/2022 07:00:00,0.422690541829394
05/03/2022 08:00:00,0.469460354752857
05/03/2022 09:00:00,0.483395371186042
05/03/2022 10:00:00,0.502493333971987
05/03/2022 11:00:00,0.520814502703149
05/03/2022 12:00:00,0.487733518840729
05/03/2022 13:00:00,0.434518792877841
05/03/2022 14:00:00,0.494929837373753
05/03/2022 15:00:00,0.460066661424206
05/03/2022 16:00:00,0.524636447569996
05/03/2022 17:00:00,0.480335409840448
05/03/2022 18:00:00,0.475628574746983
05/03/2022 19:00:00,0.476333371083035
05/03/2022 20:00:00,0.42523787322468
05/03/2022 21:00:00,0.382199270515166
05/03/2022 22:00:00,0.380439609308935
05/03/2022 23:00:00,0.421177829517101
05/04/2022 00:00:00,0.422217159595617
05/04/2022 01:00:00,0.442314036895521
05/04/2022 02:00:00,0.452423875118451
05/04/2022 03:00:00,0.511100049483055
05/04/2022 04:00:00,0.485951690014312
05/04/2022 05:00:00,0.331229252895328
05/04/2022 06:00:00,0.35049150035559
05/04/2022 07:00:00,0.370028215083121
05/04/2022 08:00:00,0.36927338672605
05/04/2022 09:00:00,0.275842452868058
05/04/2022 10:00:00,0.25047737148402
05/04/2022 11:00:00,0.300509447175763
05/04/2022 12:00:00,0.253510493684365
05/04/2022 13:00:00,0.30197452865632
05/04/2022 14:00:00,0.465108999926438
05/04/2022 15:00:00,0.5295860307325
05/04/2022 16:00:00,0.475809797688839
05/04/2022 17:00:00,0.492526573592338
05/04/2022 18:00:00,0.475669920555157
05/04/2022 19:00:00,0.422252485380622
05/04/2022 20:00:00,0.434726847380352
05/04/2022 21:00:00,0.441184287278716
05/04/2022 22:00:00,0.461790162341756
05/04/2022 23:00:00,0.454764259729007
05/05/2022 00:00:00,0.496928974000423
05/05/2022 01:00:00,0.440235949324864
05/05/2022 02:00:00,0.46022348160886
05/05/2022 03:00:00,0.455753710678905
05/05/2022 04:00:00,0.373244972026274
05/05/2022 05:00:00,0.468682824062613
05/05/2022 06:00:00,0.435440097552148
05/05/2022 07:00:00,0.383586604364216
05/05/2022 08:00:00,0.348201314042824
05/05/2022 09:00:00,0.211686248562027
05/05/2022 10:00:00,0.243854097515565
05/05/2022 11:00:00,0.345415276212634
05/05/2022 12:00:00,0.425096299851226
05/05/2022 13:00:00,0.496106400145588
05/05/2022 14:00:00,0.472423460169679
05/05/2022 15:00:00,0.447309493314461
05/05/2022 16:00:00,0.317328468580064
05/05/2022 17:00:00,0.3661902636813
05/05/2022 18:00:00,0.45005747443225
05/05/2022 19:00:00,0.365944910288194
05/05/2022 20:00:00,0.380478898660131
05/05/2022 21:00:00,0.448117444880398
05/05/2022 22:00:00,0.38802449777987
05/05/2022 23:00:00,0.376270863698205
05/06/2022 00:00:00,0.422389397261624
05/06/2022 01:00:00,0.320640389802037
05/06/2022 02:00:00,0.235069827627061
05/06/2022 03:00:00,0.33158902699831
05/06/2022 04:00:00,0.342268221908091
05/06/2022 05:00:00,0.269200225732886
05/06/2022 06:00:00,0.225880609508519
05/06/2022 07:00:00,0.246607424523653
05/06/2022 08:00:00,0.234977354743419
05/06/2022 09:00:00,0.281714456712609
05/06/2022 10:00:00,0.269315334723675
05/06/2022 11:00:00,0.257278819463887
05/06/2022 12:00:00,0.274510107418504
05/06/2022 13:00:00,0.254122922690471
05/06/2022 14:00:00,0.239702378691234
05/06/2022 15:00:00,0.353096160305114
05/06/2022 16:00:00,0.235938682342071
05/06/2022 17:00:00,0.25526867843182
05/06/2022 18:00:00,0.244927876091607
05/06/2022 19:00:00,0.237386531753091
05/06/2022 20:00:00,0.242687005379961
05/06/2022 21:00:00,0.327490882337337
05/06/2022 22:00:00,0.282522124958661
05/06/2022 23:00:00,0.400608214923471
05/07/2022 00:00:00,0.284410536513955
05/07/2022 01:00:00,0.293968620052312
05/07/2022 02:00:00,0.244676149425643
05/07/2022 03:00:00,0.347926875351882
05/07/2022 04:00:00,0.314672062656782
05/07/2022 05:00:00,0.258974227283798
05/07/2022 06:00:00,0.361483240140974
05/07/2022 07:00:00,0.373084376297692
05/07/2022 08:00:00,0.324733397944426
05/07/2022 09:00:00,0.241987855516174
05/07/2022 10:00:00,0.263695591117387
05/07/2022 11:00:00,0.231130151085534
05/07/2022 12:00:00,0.309643934632148
05/07/2022 13:00:00,0.439996183556974
05/07/2022 14:00:00,0.483777264489879
05/07/2022 15:00:00,0.282056418962669
05/07/2022 16:00:00,0.353765683588792
05/07/2022 17:00:00,NaN
05/07/2022 18:00:00,NaN
05/07/2022 19:00:00,NaN
05/07/2022 20:00:00,NaN
05/07/2022 21:00:00,NaN
05/07/2022 22:00:00,NaN
05/07/2022 23:00:00,NaN
05/08/2022 00:00:00,NaN
05/08/2022 01:00:00,NaN
05/08/2022 02:00:00,NaN
05/08/2022 03:00:00,NaN
05/08/2022 04:00:00,NaN
05/08/2022 05:00:00,NaN
05/08/2022 06:00:00,NaN
05/08/2022 07:00:00,NaN
05/08/2022 08:00:00,NaN
05/08/2022 09:00:00,0.392519074937701
05/08/2022 10:00:00,0.410477753815304
05/08/2022 11:00:00,0.415506496154403
05/08/2022 12:00:00,0.418127758030647
05/08/2022 13:00:00,0.3771955727368
05/08/2022 14:00:00,0.316751265025625
05/08/2022 15:00:00,0.355402968190176
05/08/2022 16:00:00,0.351200347886313
05/08/2022 17:00:00,0.328871080959783
05/08/2022 18:00:00,0.294864306138123
05/08/2022 19:00:00,0.280257263662505
05/08/2022 20:00:00,0.250574331485609
05/08/2022 21:00:00,0.355392292084184
05/08/2022 22:00:00,0.304543513873349
05/08/2022 23:00:00,0.34550776771241
05/09/2022 00:00:00,0.501338541217542
05/09/2022 01:00:00,0.355683135862228
05/09/2022 02:00:00,0.383577597691095
05/09/2022 03:00:00,0.358031689552033
05/09/2022 04:00:00,0.351501861707623
05/09/2022 05:00:00,0.345704660839099
05/09/2022 06:00:00,0.2971109077512
05/09/2022 07:00:00,0.269072356611148
05/09/2022 08:00:00,0.297303623474742
05/09/2022 09:00:00,0.287139623591873
05/09/2022 10:00:00,0.279174379395933
05/09/2022 11:00:00,0.293782939317875
05/09/2022 12:00:00,0.307587587951763
05/09/2022 13:00:00,0.318952863445188
05/09/2022 14:00:00,0.281303635416533
05/09/2022 15:00:00,0.306262982644516
05/09/2022 16:00:00,0.25939443240429
05/09/2022 17:00:00,0.228831215870198
05/09/2022 18:00:00,0.265901478171596
05/09/2022 19:00:00,0.257788830077114
05/09/2022 20:00:00,0.22179901797453
05/09/2022 21:00:00,0.230289750159613
05/09/2022 22:00:00,0.259031010726367
05/09/2022 23:00:00,0.231372132242221
05/10/2022 00:00:00,0.219738845260199
05/10/2022 01:00:00,0.280172067339683
05/10/2022 02:00:00,0.292384843396201
05/10/2022 03:00:00,0.331528991076151
05/10/2022 04:00:00,0.373306687081457
05/10/2022 05:00:00,0.320983483234485
05/10/2022 06:00:00,0.303396410635633
05/10/2022 07:00:00,0.359760938975724
05/10/2022 08:00:00,0.442861217406764
05/10/2022 09:00:00,0.382186685347206
05/10/2022 10:00:00,0.44490600452804
05/10/2022 11:00:00,0.399627887306186
05/10/2022 12:00:00,0.365191185357217
05/10/2022 13:00:00,0.439285581872375
05/10/2022 14:00:00,0.336539992331541
05/10/2022 15:00:00,0.375665329780389
05/10/2022 16:00:00,0.360436567572417
05/10/2022 17:00:00,0.300254554278358
05/10/2022 18:00:00,0.367083607107982
05/10/2022 19:00:00,0.395142616353526
05/10/2022 20:00:00,0.378312789380081
05/10/2022 21:00:00,0.396385606703716
05/10/2022 22:00:00,0.412364220418255
05/10/2022 23:00:00,0.406326661440989
05/11/2022 00:00:00,0.463456853392639
05/11/2022 01:00:00,0.445709681198811
05/11/2022 02:00:00,0.423640153477901
05/11/2022 03:00:00,0.367692599662
05/11/2022 04:00:00,0.407440266997293
05/11/2022 05:00:00,0.378304628014851
05/11/2022 06:00:00,0.363353022733976
05/11/2022 07:00:00,0.387388633581109
05/11/2022 08:00:00,0.35876693284824
05/11/2022 09:00:00,0.353509985488571
05/11/2022 10:00:00,0.341657664300806
05/11/2022 11:00:00,0.231382156195956
05/11/2022 12:00:00,0.169594656926402
05/11/2022 13:00:00,0.229206313815594
05/11/2022 14:00:00,0.350161243693502
05/11/2022 15:00:00,0.324000055839289
05/11/2022 16:00:00,0.351950415540035
05/11/2022 17:00:00,0.409933563390873
05/11/2022 18:00:00,0.407267675873362
05/11/2022 19:00:00,0.370955439753608
05/11/2022 20:00:00,0.359868028878909
05/11/2022 21:00:00,0.314022475090841
05/11/2022 22:00:00,0.331601856581501
05/11/2022 23:00:00,0.347559464794567
05/12/2022 00:00:00,0.3302132848421
05/12/2022 01:00:00,0.357702570873328
05/12/2022 02:00:00,0.332070065566107
05/12/2022 03:00:00,0.340141535430933
05/12/2022 04:00:00,0.30112083213006
05/12/2022 05:00:00,0.364234237179425
05/12/2022 06:00:00,0.39727871473742
05/12/2022 07:00:00,0.343210759196108
05/12/2022 08:00:00,0.403142574999146
05/12/2022 09:00:00,0.34949354029698
05/12/2022 10:00:00,0.310852452852408
05/12/2022 11:00:00,0.3127085089908
05/12/2022 12:00:00,0.282838000640692
05/12/2022 13:00:00,0.191834685186582
05/12/2022 14:00:00,0.351187695266971
05/12/2022 15:00:00,0.300875907585268
05/12/2022 16:00:00,0.296661446683813
05/12/2022 17:00:00,0.331496014924934
05/12/2022 18:00:00,0.33019942613565
05/12/2022 19:00:00,0.303108676605123
05/12/2022 20:00:00,0.286924548542788
05/12/2022 21:00:00,0.298421730563311
05/12/2022 22:00:00,0.316198711908915
05/12/2022 23:00:00,0.244173968011701
05/13/2022 00:00:00,0.241983802126223
05/13/2022 01:00:00,0.310352972451226
05/13/2022 02:00:00,0.249476611485088
05/13/2022 03:00:00,0.316123821073784
05/13/2022 04:00:00,0.253220724624434
05/13/2022 05:00:00,0.37087138762308
05/13/2022 06:00:00,NaN
05/13/2022 07:00:00,NaN
05/13/2022 08:00:00,NaN
05/13/2022 09:00:00,NaN
05/13/2022 10:00:00,NaN
05/13/2022 11:00:00,0.248382550451622
05/13/2022 12:00:00,0.277399820164184
05/13/2022 13:00:00,0.250758113109035
05/13/2022 14:00:00,0.293881586111274
05/13/2022 15:00:00,0.304097732985946
05/13/2022 16:00:00,0.326241145941302
05/13/2022 17:00:00,0.285587919364481
05/13/2022 18:00:00,0.30119154583953
05/13/2022 19:00:00,0.307821213094075
05/13/2022 20:00:00,0.29311690577268
05/13/2022 21:00:00,0.312718440278025
05/13/2022 22:00:00,0.341010410261682
05/13/2022 23:00:00,0.329857151785414
05/14/2022 00:00:00,0.352372011714431
05/14/2022 01:00:00,0.364452650989245
05/14/2022 02:00:00,0.386157438898563
05/14/2022 03:00:00,0.348802755164339
05/14/2022 04:00:00,0.317091909532724
05/14/2022 05:00:00,0.260505089954172
05/14/2022 06:00:00,0.286526587045024
05/14/2022 07:00:00,0.316739970380878
05/14/2022 08:00:00,0.30163671367461
05/14/2022 09:00:00,0.322208809695146
05/14/2022 10:00:00,0.319150718008751
05/14/2022 11:00:00,0.299107629558205
05/14/2022 12:00:00,0.320694857868288
05/14/2022 13:00:00,0.390615594927906
05/14/2022 14:00:00,0.29571854479655
05/14/2022 15:00:00,0.292613433278923
05/14/2022 16:00:00,0.291055843314095
05/14/2022 17:00:00,0.258591455148455
05/14/2022 18:00:00,0.300383519941633
05/14/2022 19:00:00,0.297169288132616
05/14/2022 20:00:00,0.313659913271233
05/14/2022 21:00:00,0.31631607507657
05/14/2022 22:00:00,0.31031446123766
05/14/2022 23:00:00,0.291425273762013
05/15/2022 00:00:00,0.275447027474713
05/15/2022 01:00:00,0.288796839918306
05/15/2022 02:00:00,0.288370316697116
05/15/2022 03:00:00,0.308623621884517
05/15/2022 04:00:00,0.342425811236077
05/15/2022 05:00:00,0.302460235463812
05/15/2022 06:00:00,0.289980931146527
05/15/2022 07:00:00,0.299320768743683
05/15/2022 08:00:00,0.302939008507486
05/15/2022 09:00:00,0.283420509172464
05/15/2022 10:00:00,0.269333813594613
05/15/2022 11:00:00,NaN
05/15/2022 12:00:00,NaN
05/15/2022 13:00:00,NaN
05/15/2022 14:00:00,NaN
05/15/2022 15:00:00,NaN
05/15/2022 16:00:00,NaN
05/15/2022 17:00:00,NaN
05/15/2022 18:00:00,NaN
05/15/2022 19:00:00,NaN
05/15/2022 20:00:00,NaN
05/15/2022 21:00:00,NaN
05/15/2022 22:00:00,NaN
05/15/2022 23:00:00,NaN
05/16/2022 00:00:00,NaN
05/16/2022 01:00:00,NaN
05/16/2022 02:00:00,NaN
05/16/2022 03:00:00,NaN
05/16/2022 04:00:00,0.254857327577449
05/16/2022 05:00:00,0.326326379114601
05/16/2022 06:00:00,0.313796609597562
05/16/2022 07:00:00,0.294779743771187
05/16/2022 08:00:00,0.284318428634117
05/16/2022 09:00:00,0.334954746593073
05/16/2022 10:00:00,0.330449871945665
05/16/2022 11:00:00,0.285882128504995
05/16/2022 12:00:00,0.306041669448506
05/16/2022 13:00:00,0.305387178055368
05/16/2022 14:00:00,0.281134583791032
05/16/2022 15:00:00,0.289867486052786
05/16/2022 16:00:00,0.290791382751125
05/16/2022 17:00:00,0.29803081112466
05/16/2022 18:00:00,0.252875999671535
05/16/2022 19:00:00,0.237288085244963
05/16/2022 20:00:00,0.240061370659774
05/16/2022 21:00:00,0.265071426865519
05/16/2022 22:00:00,0.247344101195756
05/16/2022 23:00:00,0.242195405629366
05/17/2022 00:00:00,0.253461866049443
05/17/2022 01:00:00,0.266715097221855
05/17/2022 02:00:00,0.356110199524295
05/17/2022 03:00:00,0.292659506751662
05/17/2022 04:00:00,0.319695448474045
05/17/2022 05:00:00,0.32814435236354
05/17/2022 06:00:00,0.298917709732091
05/17/2022 07:00:00,0.317727048839387
05/17/2022 08:00:00,0.250530688759112
05/17/2022 09:00:00,0.290052651141621
05/17/2022 10:00:00,0.273961438642395
05/17/2022 11:00:00,0.296862818121315
05/17/2022 12:00:00,0.316862840203702
05/17/2022 13:00:00,0.29263575941028
05/17/2022 14:00:00,0.289657428496153
05/17/2022 15:00:00,0.268618934281533
05/17/2022 16:00:00,0.263837272559052
05/17/2022 17:00:00,0.294870920786944
05/17/2022 18:00:00,0.2793311046129
05/17/2022 19:00:00,0.278633263178224
05/17/2022 20:00:00,0.315281677671328
05/17/2022 21:00:00,0.342922785065808
05/17/2022 22:00:00,0.296984572045583
05/17/2022 23:00:00,0.347213636788102
05/18/2022 00:00:00,0.321532308900695
05/18/2022 01:00:00,0.363270662738283
05/18/2022 02:00:00,0.314841014373235
05/18/2022 03:00:00,0.340845114037813
05/18/2022 04:00:00,0.29893048062257
05/18/2022 05:00:00,0.328745498357212
05/18/2022 06:00:00,0.391866515701842
05/18/2022 07:00:00,0.340264285134039
05/18/2022 08:00:00,0.340173810219747
05/18/2022 09:00:00,0.366543674653254
05/18/2022 10:00:00,0.425813997924285
05/18/2022 11:00:00,0.352823529386344
05/18/2022 12:00:00,0.323731314070757
05/18/2022 13:00:00,0.359976624948307
05/18/2022 14:00:00,0.336482608599654
05/18/2022 15:00:00,0.361398068383705
05/18/2022 16:00:00,0.325929568163504
05/18/2022 17:00:00,0.320086473059705
05/18/2022 18:00:00,0.350490452026372
05/18/2022 19:00:00,0.367587761100089
05/18/2022 20:00:00,0.339225609346767
05/18/2022 21:00:00,0.339017667648878
05/18/2022 22:00:00,0.322523434898098
05/18/2022 23:00:00,0.394459827146354
05/19/2022 00:00:00,0.376898355255314
05/19/2022 01:00:00,0.385610733589023
05/19/2022 02:00:00,0.373071189670931
05/19/2022 03:00:00,0.356498681136026
05/19/2022 04:00:00,0.41128412667917
05/19/2022 05:00:00,0.407868461730081
05/19/2022 06:00:00,0.370016621198917
05/19/2022 07:00:00,0.369546538235428
05/19/2022 08:00:00,0.407101444614864
05/19/2022 09:00:00,0.391420759220035
05/19/2022 10:00:00,0.300333016931489
05/19/2022 11:00:00,0.34620240178916
05/19/2022 12:00:00,0.341507067262008
05/19/2022 13:00:00,0.351086675102794
05/19/2022 14:00:00,0.330985735802783
05/19/2022 15:00:00,0.336433629202978
05/19/2022 16:00:00,0.371293423204738
05/19/2022 17:00:00,0.358280351262725
05/19/2022 18:00:00,0.35812421230536
05/19/2022 19:00:00,0.332440527976068
05/19/2022 20:00:00,0.328182914639736
05/19/2022 21:00:00,0.322244063873192
05/19/2022 22:00:00,0.312888231381305
05/19/2022 23:00:00,0.346405147301278
05/20/2022 00:00:00,0.374581766595048
05/20/2022 01:00:00,0.397360106559617
05/20/2022 02:00:00,0.334141954898607
05/20/2022 03:00:00,0.343309879056268
05/20/2022 04:00:00,0.313004880894805
05/20/2022 05:00:00,0.320624596769763
05/20/2022 06:00:00,0.319293906051443
05/20/2022 07:00:00,0.313918334994648
05/20/2022 08:00:00,0.28600422569923
05/20/2022 09:00:00,0.281707295525546
05/20/2022 10:00:00,0.297870507882343
05/20/2022 11:00:00,0.269587052478582
05/20/2022 12:00:00,0.290733999054026
05/20/2022 13:00:00,0.409030030741595
05/20/2022 14:00:00,0.382310847690348
05/20/2022 15:00:00,0.307326258548264
05/20/2022 16:00:00,0.315633849246892
05/20/2022 17:00:00,0.343900202071258
05/20/2022 18:00:00,0.343739460166105
05/20/2022 19:00:00,0.313573210315084
05/20/2022 20:00:00,0.288725079075478
05/20/2022 21:00:00,0.276374820139957
05/20/2022 22:00:00,0.280451916429644
05/20/2022 23:00:00,0.280116350677211
05/21/2022 00:00:00,0.256355330802671
05/21/2022 01:00:00,0.21872642894414
05/21/2022 02:00:00,0.222038534173168
05/21/2022 03:00:00,0.224635600040177
05/21/2022 04:00:00,0.236960639494696
05/21/2022 05:00:00,0.261683330779813
05/21/2022 06:00:00,0.180217716301339
05/21/2022 07:00:00,0.315156728525871
05/21/2022 08:00:00,0.295066928836508
05/21/2022 09:00:00,0.29595509516477
05/21/2022 10:00:00,0.286330373082695
05/21/2022 11:00:00,0.197416476574696
05/21/2022 12:00:00,0.325664525736307
05/21/2022 13:00:00,0.259641634565843
05/21/2022 14:00:00,NaN
05/21/2022 15:00:00,NaN
05/21/2022 16:00:00,NaN
05/21/2022 17:00:00,NaN
05/21/2022 18:00:00,NaN
05/21/2022 19:00:00,NaN
05/21/2022 20:00:00,NaN
05/21/2022 21:00:00,NaN
05/21/2022 22:00:00,NaN
05/21/2022 23:00:00,NaN
05/22/2022 00:00:00,NaN
05/22/2022 01:00:00,NaN
05/22/2022 02:00:00,NaN
05/22/2022 03:00:00,NaN
05/22/2022 04:00:00,NaN
05/22/2022 05:00:00,NaN
05/22/2022 06:00:00,NaN
05/22/2022 07:00:00,NaN
05/22/2022 08:00:00,NaN
05/22/2022 09:00:00,NaN
05/22/2022 10:00:00,NaN
05/22/2022 11:00:00,NaN
05/22/2022 12:00:00,NaN
05/22/2022 13:00:00,NaN
05/22/2022 14:00:00,NaN
05/22/2022 15:00:00,NaN
05/22/2022 16:00:00,NaN
05/22/2022 17:00:00,NaN
05/22/2022 18:00:00,NaN
05/22/2022 19:00:00,NaN
05/22/2022 20:00:00,NaN
05/22/2022 21:00:00,NaN
05/22/2022 22:00:00,NaN
05/22/2022 23:00:00,NaN
05/23/2022 00:00:00,NaN
05/23/2022 01:00:00,NaN
05/23/2022 02:00:00,NaN
05/23/2022 03:00:00,NaN
05/23/2022 04:00:00,NaN
05/23/2022 05:00:00,NaN
05/23/2022 06:00:00,NaN
05/23/2022 07:00:00,NaN
05/23/2022 08:00:00,NaN
05/23/2022 09:00:00,NaN
05/23/2022 10:00:00,NaN
05/23/2022 11:00:00,NaN
05/23/2022 12:00:00,NaN
05/23/2022 13:00:00,NaN
05/23/2022 14:00:00,NaN
05/23/2022 15:00:00,NaN
05/23/2022 16:00:00,NaN
05/23/2022 17:00:00,NaN
05/23/2022 18:00:00,NaN
05/23/2022 19:00:00,NaN
05/23/2022 20:00:00,NaN
05/23/2022 21:00:00,NaN
05/23/2022 22:00:00,NaN
05/23/2022 23:00:00,NaN
05/24/2022 00:00:00,NaN
05/24/2022 01:00:00,NaN
05/24/2022 02:00:00,NaN
05/24/2022 03:00:00,NaN
05/24/2022 04:00:00,NaN
05/24/2022 05:00:00,NaN
05/24/2022 06:00:00,NaN
05/24/2022 07:00:00,NaN
05/24/2022 08:00:00,NaN
05/24/2022 09:00:00,NaN
05/24/2022 10:00:00,NaN
05/24/2022 11:00:00,NaN
05/24/2022 12:00:00,NaN
05/24/2022 13:00:00,NaN
05/24/2022 14:00:00,NaN
05/24/2022 15:00:00,NaN
05/24/2022 16:00:00,NaN
05/24/2022 17:00:00,NaN
05/24/2022 18:00:00,0.189910153472108
05/24/2022 19:00:00,0.23836818300843
05/24/2022 20:00:00,0.282008034183877
05/24/2022 21:00:00,0.25045724045207
05/24/2022 22:00:00,0.237651406928536
05/24/2022 23:00:00,0.278187408517999
05/25/2022 00:00:00,0.258141481152987
05/25/2022 01:00:00,0.227153635217485
05/25/2022 02:00:00,0.240053480251055
05/25/2022 03:00:00,0.463878702409159
05/25/2022 04:00:00,0.327986305280982
05/25/2022 05:00:00,0.269177384695595
05/25/2022 06:00:00,0.233282179623246
05/25/2022 07:00:00,0.262000853339517
05/25/2022 08:00:00,0.245157074067284
05/25/2022 09:00:00,0.231188075021129
05/25/2022 10:00:00,0.193589876405369
05/25/2022 11:00:00,0.193409797128937
05/25/2022 12:00:00,0.128328124257204
05/25/2022 13:00:00,0.163501483900236
05/25/2022 14:00:00,0.193422435887561
05/25/2022 15:00:00,0.256933018747069
05/25/2022 16:00:00,0.322531679817381
05/25/2022 17:00:00,0.326332052347493
05/25/2022 18:00:00,0.238000262160337
05/25/2022 19:00:00,0.201879311484611
05/25/2022 20:00:00,0.212642919752906
05/25/2022 21:00:00,0.194693456236574
05/25/2022 22:00:00,0.209052599906911
05/25/2022 23:00:00,0.193767687993956
05/26/2022 00:00:00,0.18865990048155
05/26/2022 01:00:00,NaN
05/26/2022 02:00:00,NaN
05/26/2022 03:00:00,0.54805129133799
05/26/2022 04:00:00,0.398726165516082
05/26/2022 05:00:00,0.199890887240074
05/26/2022 06:00:00,0.212388772282804
05/26/2022 07:00:00,0.188915394304826
05/26/2022 08:00:00,0.193670105520791
05/26/2022 09:00:00,0.252200831354054
05/26/2022 10:00:00,0.268711555397699
05/26/2022 11:00:00,0.219059020036354
05/26/2022 12:00:00,0.220439970509595
05/26/2022 13:00:00,0.226293537433507
05/26/2022 14:00:00,0.23897176785026
05/26/2022 15:00:00,0.205203524367905
05/26/2022 16:00:00,0.193202040144666
05/26/2022 17:00:00,0.262960678014942
05/26/2022 18:00:00,0.226361898898096
05/26/2022 19:00:00,0.206187930929021
05/26/2022 20:00:00,0.213255723856308
05/26/2022 21:00:00,0.199462977222356
05/26/2022 22:00:00,0.200897780940709
05/26/2022 23:00:00,0.201781586559628
05/27/2022 00:00:00,0.20597084102548
05/27/2022 01:00:00,0.228174040736414
05/27/2022 02:00:00,0.247786467679673
05/27/2022 03:00:00,0.275155001673807
05/27/2022 04:00:00,0.295288209003952
05/27/2022 05:00:00,0.225037174807534
05/27/2022 06:00:00,0.245835642372796
05/27/2022 07:00:00,0.275577634878713
05/27/2022 08:00:00,0.253545778322751
05/27/2022 09:00:00,0.242712428017674
05/27/2022 10:00:00,0.27647588506172
05/27/2022 11:00:00,0.255508369594379
05/27/2022 12:00:00,0.245184720592663
05/27/2022 13:00:00,0.247176608012337
05/27/2022 14:00:00,0.256128504378198
05/27/2022 15:00:00,0.219330290723202
05/27/2022 16:00:00,0.256579146393307
05/27/2022 17:00:00,0.242145919146422
05/27/2022 18:00:00,0.220196607872842
05/27/2022 19:00:00,0.235378384084849
05/27/2022 20:00:00,0.246464035041052
05/27/2022 21:00:00,0.25338420297552
05/27/2022 22:00:00,0.25932733333235
05/27/2022 23:00:00,0.224747759594806
05/28/2022 00:00:00,0.218849404052772
05/28/2022 01:00:00,0.19829647790073
05/28/2022 02:00:00,0.218809123689303
05/28/2022 03:00:00,0.194369722980784
05/28/2022 04:00:00,0.19526036861633
05/28/2022 05:00:00,0.203732991162932
05/28/2022 06:00:00,0.179745843943537
05/28/2022 07:00:00,0.166195953048838
05/28/2022 08:00:00,0.176764612127022
05/28/2022 09:00:00,0.216892496514912
05/28/2022 10:00:00,0.226782336356852
05/28/2022 11:00:00,0.209723677415222
05/28/2022 12:00:00,0.18889842312592
05/28/2022 13:00:00,0.17791738365226
05/28/2022 14:00:00,0.192784832151291
05/28/2022 15:00:00,0.264958305688641
05/28/2022 16:00:00,0.349031778895256
05/28/2022 17:00:00,0.280669814446874
05/28/2022 18:00:00,0.256227289567058
05/28/2022 19:00:00,0.254834367048551
05/28/2022 20:00:00,0.282870679722853
05/28/2022 21:00:00,0.282169158903078
05/28/2022 22:00:00,0.295952536504889
05/28/2022 23:00:00,0.324176351170269
05/29/2022 00:00:00,0.350272138551458
05/29/2022 01:00:00,0.318020542258552
05/29/2022 02:00:00,0.354807109257049
05/29/2022 03:00:00,0.368247332417584
05/29/2022 04:00:00,0.2909263196783
05/29/2022 05:00:00,0.362006851754339
05/29/2022 06:00:00,0.354311753327514
05/29/2022 07:00:00,0.333591480444319
05/29/2022 08:00:00,0.350353273365369
05/29/2022 09:00:00,0.313169541034717
05/29/2022 10:00:00,0.363607972761075
05/29/2022 11:00:00,0.366985150328818
05/29/2022 12:00:00,0.326030938594747
05/29/2022 13:00:00,0.422856136927657
05/29/2022 14:00:00,0.365190591313329
05/29/2022 15:00:00,0.339643967664092
05/29/2022 16:00:00,0.410853458233935
05/29/2022 17:00:00,0.338651497727469
05/29/2022 18:00:00,0.335163062367895
05/29/2022 19:00:00,0.332644394292355
05/29/2022 20:00:00,0.327162844305979
05/29/2022 21:00:00,0.373848191647521
05/29/2022 22:00:00,0.378496716947194
05/29/2022 23:00:00,0.37429253690617
05/30/2022 00:00:00,0.373897392615388
05/30/2022 01:00:00,0.377238377149636
05/30/2022 02:00:00,0.411965123704575
05/30/2022 03:00:00,0.420942664407262
05/30/2022 04:00:00,0.489874003231022
05/30/2022 05:00:00,0.41672976040542
05/30/2022 06:00:00,0.391401887224385
05/30/2022 07:00:00,0.485698803792787
05/30/2022 08:00:00,0.510723142906798
05/30/2022 09:00:00,0.458942537225375
05/30/2022 10:00:00,0.439334373545964
05/30/2022 11:00:00,0.520190140743614
05/30/2022 12:00:00,0.431498316948664
05/30/2022 13:00:00,0.443566210383502
05/30/2022 14:00:00,0.483502351630643
05/30/2022 15:00:00,0.430663277401484
05/30/2022 16:00:00,0.526215026050268
05/30/2022 17:00:00,0.310140864798094
05/30/2022 18:00:00,0.394574272918672
05/30/2022 19:00:00,0.542589618148726
05/30/2022 20:00:00,0.37424551133772
05/30/2022 21:00:00,0.489400627556366
05/30/2022 22:00:00,0.309125623610715
05/30/2022 23:00:00,0.349629510535678
05/31/2022 00:00:00,0.530359111075912
05/31/2022 01:00:00,0.345934383013245
05/31/2022 02:00:00,0.286531102700779
05/31/2022 03:00:00,0.251348190771043
05/31/2022 04:00:00,0.187730370094034
05/31/2022 05:00:00,0.303794194692026
05/31/2022 06:00:00,0.259632326083906
05/31/2022 07:00:00,0.206315687799903
05/31/2022 08:00:00,0.291509826577819
05/31/2022 09:00:00,0.391617623829831
05/31/2022 10:00:00,0.223729767420464
05/31/2022 11:00:00,0.424533570075948
05/31/2022 12:00:00,0.204324182649622
05/31/2022 13:00:00,0.268324688330334
05/31/2022 14:00:00,0.310724486517849
05/31/2022 15:00:00,0.210836042010112
05/31/2022 16:00:00,0.297796294028325
05/31/2022 17:00:00,0.314151397550149
05/31/2022 18:00:00,0.346185302076736
05/31/2022 19:00:00,0.368208043932912
05/31/2022 20:00:00,0.472391605500845
05/31/2022 21:00:00,0.315767807589969
05/31/2022 22:00:00,0.175760667712114
05/31/2022 23:00:00,0.39808233674834
06/01/2022 00:00:00,0.367170844419744
06/01/2022 01:00:00,0.350790976640557
06/01/2022 02:00:00,0.238259075637799
06/01/2022 03:00:00,0.349305475555055
06/01/2022 04:00:00,0.222845121089359
06/01/2022 05:00:00,0.289773251133711
06/01/2022 06:00:00,0.151134514849798
06/01/2022 07:00:00,0.349182119156941
06/01/2022 08:00:00,0.313213332651352
06/01/2022 09:00:00,0.377235309517219
06/01/2022 10:00:00,0.379521096952274
06/01/2022 11:00:00,0.329622532580076
06/01/2022 12:00:00,0.108322456192839
06/01/2022 13:00:00,0.184473753760018
06/01/2022 14:00:00,0.201702189284856
06/01/2022 15:00:00,0.148517481388687
06/01/2022 16:00:00,0.164391206149795
06/01/2022 17:00:00,0.191694443443401
06/01/2022 18:00:00,0.477413686308532
06/01/2022 19:00:00,0.260495591442694
06/01/2022 20:00:00,0.372089002398341
06/01/2022 21:00:00,0.293315819041844
06/01/2022 22:00:00,0.275412073247304
06/01/2022 23:00:00,0.286242818738144
06/02/2022 00:00:00,0.317312720402784
06/02/2022 01:00:00,0.35844865518409
06/02/2022 02:00:00,0.498055573779116
06/02/2022 03:00:00,0.328751902863758
06/02/2022 04:00:00,0.368265886272053
06/02/2022 05:00:00,0.324646001687564
06/02/2022 06:00:00,0.180068234703016
06/02/2022 07:00:00,0.300479231201671
06/02/2022 08:00:00,0.271428978767581
06/02/2022 09:00:00,0.352722833854636
06/02/2022 10:00:00,0.296648722175524
06/02/2022 11:00:00,0.277448806026709
06/02/2022 12:00:00,0.22614344046183
06/02/2022 13:00:00,0.243961187058816
06/02/2022 14:00:00,0.273967337818444
06/02/2022 15:00:00,0.349771436981134
06/02/2022 16:00:00,0.272060363052161
06/02/2022 17:00:00,0.277041496780035
06/02/2022 18:00:00,0.226406537198579
06/02/2022 19:00:00,0.274293044971652
06/02/2022 20:00:00,0.215762634413453
06/02/2022 21:00:00,0.234693611491748
06/02/2022 22:00:00,0.197241901239628
06/02/2022 23:00:00,0.216780497452656
06/03/2022 00:00:00,0.185868278063065
06/03/2022 01:00:00,0.150067176315731
06/03/2022 02:00:00,0.182182760352848
06/03/2022 03:00:00,0.248072130688401
06/03/2022 04:00:00,0.314349417375748
06/03/2022 05:00:00,0.175462533773527
06/03/2022 06:00:00,0.177351499577531
06/03/2022 07:00:00,0.162443081449203
06/03/2022 08:00:00,0.165950540538126
06/03/2022 09:00:00,0.196926339677574
06/03/2022 10:00:00,0.197041150564532
06/03/2022 11:00:00,0.18931514458701
06/03/2022 12:00:00,0.204934281284855
06/03/2022 13:00:00,0.199013276233331
06/03/2022 14:00:00,0.218845356443746
06/03/2022 15:00:00,0.202982380626885
06/03/2022 16:00:00,0.186563428848453
06/03/2022 17:00:00,0.176925613484512
06/03/2022 18:00:00,0.157855672123485
06/03/2022 19:00:00,0.16895320979931
06/03/2022 20:00:00,0.187098997294262
06/03/2022 21:00:00,0.150834486164226
06/03/2022 22:00:00,0.176929272030195
06/03/2022 23:00:00,0.163694786744578
06/04/2022 00:00:00,0.172164717095227
06/04/2022 01:00:00,0.180463358758047
06/04/2022 02:00:00,0.182708724904791
06/04/2022 03:00:00,0.176388516332866
06/04/2022 04:00:00,0.178597567406036
06/04/2022 05:00:00,0.175499611263748
06/04/2022 06:00:00,0.177219289321063
06/04/2022 07:00:00,0.16711435195492
06/04/2022 08:00:00,0.156560392269184
06/04/2022 09:00:00,0.173770408224512
06/04/2022 10:00:00,0.181664466360175
06/04/2022 11:00:00,0.200956987639571
06/04/2022 12:00:00,0.190422049793176
06/04/2022 13:00:00,0.190816253745746
06/04/2022 14:00:00,0.214278560131522
06/04/2022 15:00:00,0.252057004097367
06/04/2022 16:00:00,0.317420329100057
06/04/2022 17:00:00,0.244213851540173
06/04/2022 18:00:00,0.265817135148321
06/04/2022 19:00:00,0.28709298671808
06/04/2022 20:00:00,0.236403906970108
06/04/2022 21:00:00,0.232192946527071
06/04/2022 22:00:00,0.278875562006705
06/04/2022 23:00:00,0.264471679236498
06/05/2022 00:00:00,0.273263921635145
06/05/2022 01:00:00,0.278627045902341
06/05/2022 02:00:00,0.259832200671636
06/05/2022 03:00:00,0.305313058522504
06/05/2022 04:00:00,0.273094330476833
06/05/2022 05:00:00,0.221479623073175
06/05/2022 06:00:00,0.293384492481699
06/05/2022 07:00:00,0.322535773289844
06/05/2022 08:00:00,0.29100310321093
06/05/2022 09:00:00,0.290401410298377
06/05/2022 10:00:00,0.305446409748737
06/05/2022 11:00:00,0.328651710792651
06/05/2022 12:00:00,0.298279662045261
06/05/2022 13:00:00,0.270585927888327
06/05/2022 14:00:00,0.285321608775963
06/05/2022 15:00:00,0.307876372659357
06/05/2022 16:00:00,0.31729181891585
06/05/2022 17:00:00,0.310488560324606
06/05/2022 18:00:00,0.336971190985618
06/05/2022 19:00:00,0.342561693235668
06/05/2022 20:00:00,0.297083615645188
06/05/2022 21:00:00,0.329898607254908
06/05/2022 22:00:00,0.338096784565628
06/05/2022 23:00:00,0.312618045429297
06/06/2022 00:00:00,0.334952682857522
06/06/2022 01:00:00,0.462113144904243
06/06/2022 02:00:00,0.359346765408332
06/06/2022 03:00:00,0.391883468479518
06/06/2022 04:00:00,0.353125749480997
06/06/2022 05:00:00,0.348290900295811
06/06/2022 06:00:00,0.437036121099779
06/06/2022 07:00:00,0.330606145704504
06/06/2022 08:00:00,0.353179566500919
06/06/2022 09:00:00,0.359745190407014
06/06/2022 10:00:00,0.407128326508962
06/06/2022 11:00:00,0.406352394294128
06/06/2022 12:00:00,0.335997687376395
06/06/2022 13:00:00,0.307393057410152
06/06/2022 14:00:00,0.285527689514272
06/06/2022 15:00:00,0.350384952409156
06/06/2022 16:00:00,0.431146143652589
06/06/2022 17:00:00,0.327245686287162
06/06/2022 18:00:00,0.322352446491396
06/06/2022 19:00:00,0.326907087814563
06/06/2022 20:00:00,0.516290250330731
06/06/2022 21:00:00,0.344975954725622
06/06/2022 22:00:00,0.370305359371069
06/06/2022 23:00:00,0.357945719109069
06/07/2022 00:00:00,0.353256776251449
06/07/2022 01:00:00,0.393063730312351
06/07/2022 02:00:00,0.371668115635455
06/07/2022 03:00:00,0.376151246526786
06/07/2022 04:00:00,0.317025402716905
06/07/2022 05:00:00,0.422225616735429
06/07/2022 06:00:00,0.336605409486997
06/07/2022 07:00:00,0.310033029384181
06/07/2022 08:00:00,0.330991405651192
06/07/2022 09:00:00,0.444928332314685
06/07/2022 10:00:00,0.400169091070284
06/07/2022 11:00:00,0.318777202182875
06/07/2022 12:00:00,0.331887225132221
06/07/2022 13:00:00,0.297349869822726
06/07/2022 14:00:00,0.332394912757616
06/07/2022 15:00:00,0.453215514837541
06/07/2022 16:00:00,0.515329977583376
06/07/2022 17:00:00,0.390717686370742
06/07/2022 18:00:00,0.400399264984239
06/07/2022 19:00:00,0.473054004254288
06/07/2022 20:00:00,0.431997157656629
06/07/2022 21:00:00,0.452853479666261
06/07/2022 22:00:00,0.336544143088099
06/07/2022 23:00:00,0.312272102593001
06/08/2022 00:00:00,0.393441425257538
06/08/2022 01:00:00,0.39798159962466
06/08/2022 02:00:00,0.416077570718787
06/08/2022 03:00:00,0.42571046053405
06/08/2022 04:00:00,0.144162583057607
06/08/2022 05:00:00,0.267409808954991
06/08/2022 06:00:00,0.256984782735212
06/08/2022 07:00:00,0.261466455737516
06/08/2022 08:00:00,0.280225394090731
06/08/2022 09:00:00,0.369471806657738
06/08/2022 10:00:00,0.335027165822642
06/08/2022 11:00:00,0.329108259713337
06/08/2022 12:00:00,0.298973685322766
06/08/2022 13:00:00,0.292928735134398
06/08/2022 14:00:00,0.319576764907377
06/08/2022 15:00:00,0.371278664940361
06/08/2022 16:00:00,0.313770915660807
06/08/2022 17:00:00,0.395264500698223
06/08/2022 18:00:00,0.353247206195512
06/08/2022 19:00:00,0.40242509466544
06/08/2022 20:00:00,0.311638007018971
06/08/2022 21:00:00,0.309517113531878
06/08/2022 22:00:00,0.211195435045751
06/08/2022 23:00:00,0.24960575508334
06/09/2022 00:00:00,0.307490247129644
06/09/2022 01:00:00,0.213736297186502
06/09/2022 02:00:00,0.245002977161963
06/09/2022 03:00:00,0.217925778719022
06/09/2022 04:00:00,0.170270741157912
06/09/2022 05:00:00,0.218154799753948
06/09/2022 06:00:00,0.343725565488835
06/09/2022 07:00:00,0.412168773622135
06/09/2022 08:00:00,0.269372030950839
06/09/2022 09:00:00,0.258564947483393
06/09/2022 10:00:00,0.173894431714403
06/09/2022 11:00:00,0.138993580927629
06/09/2022 12:00:00,0.151585164476283
06/09/2022 13:00:00,0.183005220481329
06/09/2022 14:00:00,0.272291355802497
06/09/2022 15:00:00,0.355222525740349
06/09/2022 16:00:00,0.375157975152583
06/09/2022 17:00:00,0.411368584577704
06/09/2022 18:00:00,0.290452122523202
06/09/2022 19:00:00,0.271130997729276
06/09/2022 20:00:00,0.336588160125779
06/09/2022 21:00:00,0.300752915071758
06/09/2022 22:00:00,0.380600376309236
06/09/2022 23:00:00,0.400080936863471
06/10/2022 00:00:00,0.2905096668536
06/10/2022 01:00:00,0.276073052128232
06/10/2022 02:00:00,0.265857333121367
06/10/2022 03:00:00,0.217215524554613
06/10/2022 04:00:00,0.241230696101767
06/10/2022 05:00:00,0.144168126767325
06/10/2022 06:00:00,0.229028980333449
06/10/2022 07:00:00,0.0875134586982616
06/10/2022 08:00:00,0.129413172214455
06/10/2022 09:00:00,0.267445802466478
06/10/2022 10:00:00,NaN
06/10/2022 11:00:00,NaN
06/10/2022 12:00:00,NaN
06/10/2022 13:00:00,NaN
06/10/2022 14:00:00,NaN
06/10/2022 15:00:00,NaN
06/10/2022 16:00:00,NaN
06/10/2022 17:00:00,NaN
06/10/2022 18:00:00,NaN
06/10/2022 19:00:00,NaN
06/10/2022 20:00:00,0.470641647551516
06/10/2022 21:00:00,0.394135939202075
06/10/2022 22:00:00,0.224695443247923
06/10/2022 23:00:00,NaN
06/11/2022 00:00:00,NaN
06/11/2022 01:00:00,0.270503503101774
06/11/2022 02:00:00,0.231088681106392
06/11/2022 03:00:00,0.313001997428927
06/11/2022 04:00:00,0.302950916194875
06/11/2022 05:00:00,0.174812374137216
06/11/2022 06:00:00,0.241199343720525
06/11/2022 07:00:00,0.295812835342497
06/11/2022 08:00:00,0.189194633463209
06/11/2022 09:00:00,0.147635690293794
06/11/2022 10:00:00,0.148876664968226
06/11/2022 11:00:00,0.135772726288097
06/11/2022 12:00:00,0.167881739280837
06/11/2022 13:00:00,0.190457085719983
06/11/2022 14:00:00,0.241529093416659
06/11/2022 15:00:00,0.161891792920074
06/11/2022 16:00:00,0.29415694758493
06/11/2022 17:00:00,0.28492528395302
06/11/2022 18:00:00,0.31277266876848
06/11/2022 19:00:00,0.244744885011071
06/11/2022 20:00:00,0.316193894845837
06/11/2022 21:00:00,0.240541376750717
06/11/2022 22:00:00,0.260722804363079
06/11/2022 23:00:00,0.134663594389925
06/12/2022 00:00:00,0.230223933226927
06/12/2022 01:00:00,0.290158440185559
06/12/2022 02:00:00,0.268559018207213
06/12/2022 03:00:00,0.223561522479768
06/12/2022 04:00:00,0.203468127536808
06/12/2022 05:00:00,0.315501126837414
06/12/2022 06:00:00,0.18894818632046
06/12/2022 07:00:00,0.337554122677038
06/12/2022 08:00:00,0.515562999495606
06/12/2022 09:00:00,0.16302617432532
06/12/2022 10:00:00,0.225799580743449
06/12/2022 11:00:00,0.196153440379602
06/12/2022 12:00:00,0.235720559844018
06/12/2022 13:00:00,-0.0247692305956939
06/12/2022 14:00:00,0.215316201777942
06/12/2022 15:00:00,0.350287180375607
06/12/2022 16:00:00,0.542117648060382
06/12/2022 17:00:00,0.500435978922366
06/12/2022 18:00:00,0.509350326996797
06/12/2022 19:00:00,0.512073490986729
06/12/2022 20:00:00,0.474176062966011
06/12/2022 21:00:00,0.353952678085578
06/12/2022 22:00:00,0.273261936251197
06/12/2022 23:00:00,0.326538781653449
06/13/2022 00:00:00,0.384760272252958
06/13/2022 01:00:00,0.365377108971497
06/13/2022 02:00:00,0.265005318838372
06/13/2022 03:00:00,0.33670166847497
06/13/2022 04:00:00,0.502062331919674
06/13/2022 05:00:00,0.474793847275195
06/13/2022 06:00:00,0.340351120933174
06/13/2022 07:00:00,0.203602870371638
06/13/2022 08:00:00,0.179318858194396
06/13/2022 09:00:00,0.416228035652457
06/13/2022 10:00:00,0.308297152029563
06/13/2022 11:00:00,0.306687743706742
06/13/2022 12:00:00,0.313901870999317
06/13/2022 13:00:00,0.264905642483511
06/13/2022 14:00:00,0.402907530385626
06/13/2022 15:00:00,0.474051625216376
06/13/2022 16:00:00,0.384234291425495
06/13/2022 17:00:00,0.35673103832311
06/13/2022 18:00:00,0.356977033099429
06/13/2022 19:00:00,0.422558659640929
06/13/2022 20:00:00,0.454080366928458
06/13/2022 21:00:00,0.432878591478717
06/13/2022 22:00:00,0.500774353338247
06/13/2022 23:00:00,0.404869616375027
06/14/2022 00:00:00,0.39710990368541
06/14/2022 01:00:00,0.42918710368018
06/14/2022 02:00:00,0.255318402644979
06/14/2022 03:00:00,0.205674594240824
06/14/2022 04:00:00,0.546511061680048
06/14/2022 05:00:00,0.658432328209842
06/14/2022 06:00:00,0.324227659944275
06/14/2022 07:00:00,0.276230935916829
06/14/2022 08:00:00,0.207646983270268
06/14/2022 09:00:00,0.249752420610328
06/14/2022 10:00:00,0.19009536362224
06/14/2022 11:00:00,0.231049902850567
06/14/2022 12:00:00,0.198932907035177
06/14/2022 13:00:00,0.35772281551293
06/14/2022 14:00:00,0.302433401996625
06/14/2022 15:00:00,0.335656951400679
06/14/2022 16:00:00,0.4159134669642
06/14/2022 17:00:00,0.343473945021214
06/14/2022 18:00:00,0.274791201254635
06/14/2022 19:00:00,0.378594844104977
06/14/2022 20:00:00,0.347835687831701
06/14/2022 21:00:00,0.279856096396529
06/14/2022 22:00:00,0.419763414333729
06/14/2022 23:00:00,0.443806602863106
06/15/2022 00:00:00,0.445485485142505
06/15/2022 01:00:00,0.4574160618589
06/15/2022 02:00:00,NaN
06/15/2022 03:00:00,NaN
06/15/2022 04:00:00,NaN
06/15/2022 05:00:00,NaN
06/15/2022 06:00:00,NaN
06/15/2022 07:00:00,NaN
06/15/2022 08:00:00,NaN
06/15/2022 09:00:00,NaN
06/15/2022 10:00:00,NaN
06/15/2022 11:00:00,NaN
06/15/2022 12:00:00,0.207610695761567
06/15/2022 13:00:00,0.449836881028497
06/15/2022 14:00:00,0.525821532565714
06/15/2022 15:00:00,0.490895212029965
06/15/2022 16:00:00,0.430763582839948
06/15/2022 17:00:00,NaN
06/15/2022 18:00:00,NaN
06/15/2022 19:00:00,NaN
06/15/2022 20:00:00,NaN
06/15/2022 21:00:00,NaN
06/15/2022 22:00:00,NaN
06/15/2022 23:00:00,NaN
06/16/2022 00:00:00,NaN
06/16/2022 01:00:00,NaN
06/16/2022 02:00:00,NaN
06/16/2022 03:00:00,NaN
06/16/2022 04:00:00,NaN
06/16/2022 05:00:00,NaN
06/16/2022 06:00:00,NaN
06/16/2022 07:00:00,NaN
06/16/2022 08:00:00,NaN
06/16/2022 09:00:00,NaN
06/16/2022 10:00:00,NaN
06/16/2022 11:00:00,NaN
06/16/2022 12:00:00,NaN
06/16/2022 13:00:00,NaN
06/16/2022 14:00:00,NaN
06/16/2022 15:00:00,NaN
06/16/2022 16:00:00,NaN
06/16/2022 17:00:00,NaN
06/16/2022 18:00:00,NaN
06/16/2022 19:00:00,NaN
06/16/2022 20:00:00,NaN
06/16/2022 21:00:00,NaN
06/16/2022 22:00:00,NaN
06/16/2022 23:00:00,NaN
06/17/2022 00:00:00,NaN
06/17/2022 01:00:00,NaN
06/17/2022 02:00:00,NaN
06/17/2022 03:00:00,NaN
06/17/2022 04:00:00,NaN
06/17/2022 05:00:00,NaN
06/17/2022 06:00:00,NaN
06/17/2022 07:00:00,NaN
06/17/2022 08:00:00,NaN
06/17/2022 09:00:00,NaN
06/17/2022 10:00:00,NaN
06/17/2022 11:00:00,NaN
06/17/2022 12:00:00,NaN
06/17/2022 13:00:00,NaN
06/17/2022 14:00:00,NaN
06/17/2022 15:00:00,NaN
06/17/2022 16:00:00,NaN
06/17/2022 17:00:00,NaN
06/17/2022 18:00:00,NaN
06/17/2022 19:00:00,NaN
06/17/2022 20:00:00,NaN
06/17/2022 21:00:00,NaN
06/17/2022 22:00:00,NaN
06/17/2022 23:00:00,NaN
06/18/2022 00:00:00,NaN
06/18/2022 01:00:00,NaN
06/18/2022 02:00:00,NaN
06/18/2022 03:00:00,NaN
06/18/2022 04:00:00,NaN
06/18/2022 05:00:00,NaN
06/18/2022 06:00:00,NaN
06/18/2022 07:00:00,NaN
06/18/2022 08:00:00,NaN
06/18/2022 09:00:00,NaN
06/18/2022 10:00:00,NaN
06/18/2022 11:00:00,NaN
06/18/2022 12:00:00,NaN
06/18/2022 13:00:00,NaN
06/18/2022 14:00:00,NaN
06/18/2022 15:00:00,NaN
06/18/2022 16:00:00,NaN
06/18/2022 17:00:00,NaN
06/18/2022 18:00:00,NaN
06/18/2022 19:00:00,NaN
06/18/2022 20:00:00,NaN
06/18/2022 21:00:00,NaN
06/18/2022 22:00:00,NaN
06/18/2022 23:00:00,NaN
06/19/2022 00:00:00,NaN
06/19/2022 01:00:00,NaN
06/19/2022 02:00:00,NaN
06/19/2022 03:00:00,NaN
06/19/2022 04:00:00,NaN
06/19/2022 05:00:00,NaN
06/19/2022 06:00:00,NaN
06/19/2022 07:00:00,NaN
06/19/2022 08:00:00,NaN
06/19/2022 09:00:00,NaN
06/19/2022 10:00:00,NaN
06/19/2022 11:00:00,NaN
06/19/2022 12:00:00,NaN
06/19/2022 13:00:00,NaN
06/19/2022 14:00:00,NaN
06/19/2022 15:00:00,NaN
06/19/2022 16:00:00,NaN
06/19/2022 17:00:00,NaN
06/19/2022 18:00:00,NaN
06/19/2022 19:00:00,NaN
06/19/2022 20:00:00,NaN
06/19/2022 21:00:00,NaN
06/19/2022 22:00:00,NaN
06/19/2022 23:00:00,NaN
06/20/2022 00:00:00,NaN
06/20/2022 01:00:00,NaN
06/20/2022 02:00:00,NaN
06/20/2022 03:00:00,NaN
06/20/2022 04:00:00,NaN
06/20/2022 05:00:00,NaN
06/20/2022 06:00:00,NaN
06/20/2022 07:00:00,NaN
06/20/2022 08:00:00,NaN
06/20/2022 09:00:00,NaN
06/20/2022 10:00:00,NaN
06/20/2022 11:00:00,NaN
06/20/2022 12:00:00,NaN
06/20/2022 13:00:00,NaN
06/20/2022 14:00:00,NaN
06/20/2022 15:00:00,NaN
06/20/2022 16:00:00,NaN
06/20/2022 17:00:00,NaN
06/20/2022 18:00:00,NaN
06/20/2022 19:00:00,NaN
06/20/2022 20:00:00,NaN
06/20/2022 21:00:00,NaN
06/20/2022 22:00:00,NaN
06/20/2022 23:00:00,NaN
06/21/2022 00:00:00,NaN
06/21/2022 01:00:00,NaN
06/21/2022 02:00:00,NaN
06/21/2022 03:00:00,NaN
06/21/2022 04:00:00,NaN
06/21/2022 05:00:00,NaN
06/21/2022 06:00:00,NaN
06/21/2022 07:00:00,NaN
06/21/2022 08:00:00,NaN
06/21/2022 09:00:00,NaN
06/21/2022 10:00:00,NaN
06/21/2022 11:00:00,NaN
06/21/2022 12:00:00,NaN
06/21/2022 13:00:00,NaN
06/21/2022 14:00:00,NaN
06/21/2022 15:00:00,NaN
06/21/2022 16:00:00,NaN
06/21/2022 17:00:00,NaN
06/21/2022 18:00:00,NaN
06/21/2022 19:00:00,NaN
06/21/2022 20:00:00,NaN
06/21/2022 21:00:00,NaN
06/21/2022 22:00:00,NaN
06/21/2022 23:00:00,NaN
06/22/2022 00:00:00,NaN
06/22/2022 01:00:00,NaN
06/22/2022 02:00:00,NaN
06/22/2022 03:00:00,NaN
06/22/2022 04:00:00,NaN
06/22/2022 05:00:00,NaN
06/22/2022 06:00:00,NaN
06/22/2022 07:00:00,NaN
06/22/2022 08:00:00,NaN
06/22/2022 09:00:00,NaN
06/22/2022 10:00:00,NaN
06/22/2022 11:00:00,NaN
06/22/2022 12:00:00,NaN
06/22/2022 13:00:00,NaN
06/22/2022 14:00:00,NaN
06/22/2022 15:00:00,NaN
06/22/2022 16:00:00,NaN
06/22/2022 17:00:00,NaN
06/22/2022 18:00:00,NaN
06/22/2022 19:00:00,NaN
06/22/2022 20:00:00,NaN
06/22/2022 21:00:00,NaN
06/22/2022 22:00:00,NaN
06/22/2022 23:00:00,NaN
06/23/2022 00:00:00,NaN
06/23/2022 01:00:00,NaN
06/23/2022 02:00:00,NaN
06/23/2022 03:00:00,NaN
06/23/2022 04:00:00,NaN
06/23/2022 05:00:00,NaN
06/23/2022 06:00:00,NaN
06/23/2022 07:00:00,NaN
06/23/2022 08:00:00,NaN
06/23/2022 09:00:00,NaN
06/23/2022 10:00:00,NaN
06/23/2022 11:00:00,NaN
06/23/2022 12:00:00,NaN
06/23/2022 13:00:00,NaN
06/23/2022 14:00:00,NaN
06/23/2022 15:00:00,NaN
06/23/2022 16:00:00,NaN
06/23/2022 17:00:00,NaN
06/23/2022 18:00:00,NaN
06/23/2022 19:00:00,NaN
06/23/2022 20:00:00,NaN
06/23/2022 21:00:00,NaN
06/23/2022 22:00:00,NaN
06/23/2022 23:00:00,NaN
06/24/2022 00:00:00,NaN
06/24/2022 01:00:00,NaN
06/24/2022 02:00:00,NaN
06/24/2022 03:00:00,NaN
06/24/2022 04:00:00,NaN
06/24/2022 05:00:00,NaN
06/24/2022 06:00:00,NaN
06/24/2022 07:00:00,NaN
06/24/2022 08:00:00,NaN
06/24/2022 09:00:00,NaN
06/24/2022 10:00:00,NaN
06/24/2022 11:00:00,NaN
06/24/2022 12:00:00,NaN
06/24/2022 13:00:00,NaN
06/24/2022 14:00:00,NaN
06/24/2022 15:00:00,NaN
06/24/2022 16:00:00,NaN
06/24/2022 17:00:00,NaN
06/24/2022 18:00:00,NaN
06/24/2022 19:00:00,NaN
06/24/2022 20:00:00,NaN
06/24/2022 21:00:00,NaN
06/24/2022 22:00:00,NaN
06/24/2022 23:00:00,NaN
06/25/2022 00:00:00,NaN
06/25/2022 01:00:00,NaN
06/25/2022 02:00:00,NaN
06/25/2022 03:00:00,NaN
06/25/2022 04:00:00,NaN
06/25/2022 05:00:00,NaN
06/25/2022 06:00:00,NaN
06/25/2022 07:00:00,NaN
06/25/2022 08:00:00,NaN
06/25/2022 09:00:00,NaN
06/25/2022 10:00:00,NaN
06/25/2022 11:00:00,NaN
06/25/2022 12:00:00,NaN
06/25/2022 13:00:00,NaN
06/25/2022 14:00:00,NaN
06/25/2022 15:00:00,NaN
06/25/2022 16:00:00,NaN
06/25/2022 17:00:00,NaN
06/25/2022 18:00:00,NaN
06/25/2022 19:00:00,NaN
06/25/2022 20:00:00,NaN
06/25/2022 21:00:00,NaN
06/25/2022 22:00:00,NaN
06/25/2022 23:00:00,NaN
06/26/2022 00:00:00,NaN
06/26/2022 01:00:00,NaN
06/26/2022 02:00:00,NaN
06/26/2022 03:00:00,NaN
06/26/2022 04:00:00,NaN
06/26/2022 05:00:00,NaN
06/26/2022 06:00:00,NaN
06/26/2022 07:00:00,NaN
06/26/2022 08:00:00,NaN
06/26/2022 09:00:00,NaN
06/26/2022 10:00:00,NaN
06/26/2022 11:00:00,NaN
06/26/2022 12:00:00,NaN
06/26/2022 13:00:00,NaN
06/26/2022 14:00:00,NaN
06/26/2022 15:00:00,NaN
06/26/2022 16:00:00,NaN
06/26/2022 17:00:00,NaN
06/26/2022 18:00:00,NaN
06/26/2022 19:00:00,NaN
06/26/2022 20:00:00,NaN
06/26/2022 21:00:00,NaN
06/26/2022 22:00:00,NaN
06/26/2022 23:00:00,NaN
06/27/2022 00:00:00,NaN
06/27/2022 01:00:00,NaN
06/27/2022 02:00:00,NaN
06/27/2022 03:00:00,NaN
06/27/2022 04:00:00,NaN
06/27/2022 05:00:00,NaN
06/27/2022 06:00:00,NaN
06/27/2022 07:00:00,NaN
06/27/2022 08:00:00,NaN
06/27/2022 09:00:00,NaN
06/27/2022 10:00:00,NaN
06/27/2022 11:00:00,NaN
06/27/2022 12:00:00,NaN
06/27/2022 13:00:00,NaN
06/27/2022 14:00:00,NaN
06/27/2022 15:00:00,NaN
06/27/2022 16:00:00,NaN
06/27/2022 17:00:00,NaN
06/27/2022 18:00:00,NaN
06/27/2022 19:00:00,NaN
06/27/2022 20:00:00,NaN
06/27/2022 21:00:00,NaN
06/27/2022 22:00:00,NaN
06/27/2022 23:00:00,NaN
06/28/2022 00:00:00,NaN
06/28/2022 01:00:00,NaN
06/28/2022 02:00:00,NaN
06/28/2022 03:00:00,NaN
06/28/2022 04:00:00,NaN
06/28/2022 05:00:00,NaN
06/28/2022 06:00:00,NaN
06/28/2022 07:00:00,NaN
06/28/2022 08:00:00,NaN
06/28/2022 09:00:00,NaN
06/28/2022 10:00:00,NaN
06/28/2022 11:00:00,NaN
06/28/2022 12:00:00,NaN
06/28/2022 13:00:00,NaN
06/28/2022 14:00:00,NaN
06/28/2022 15:00:00,NaN
06/28/2022 16:00:00,NaN
06/28/2022 17:00:00,NaN
06/28/2022 18:00:00,NaN
06/28/2022 19:00:00,NaN
06/28/2022 20:00:00,NaN
06/28/2022 21:00:00,NaN
06/28/2022 22:00:00,NaN
06/28/2022 23:00:00,NaN
06/29/2022 00:00:00,NaN
06/29/2022 01:00:00,NaN
06/29/2022 02:00:00,NaN
06/29/2022 03:00:00,NaN
06/29/2022 04:00:00,NaN
06/29/2022 05:00:00,NaN
06/29/2022 06:00:00,NaN
06/29/2022 07:00:00,NaN
06/29/2022 08:00:00,NaN
06/29/2022 09:00:00,NaN
06/29/2022 10:00:00,NaN
06/29/2022 11:00:00,NaN
06/29/2022 12:00:00,NaN
06/29/2022 13:00:00,NaN
06/29/2022 14:00:00,NaN
06/29/2022 15:00:00,NaN
06/29/2022 16:00:00,NaN
06/29/2022 17:00:00,NaN
06/29/2022 18:00:00,NaN
06/29/2022 19:00:00,NaN
06/29/2022 20:00:00,NaN
06/29/2022 21:00:00,NaN
06/29/2022 22:00:00,NaN
06/29/2022 23:00:00,NaN
06/30/2022 00:00:00,NaN
06/30/2022 01:00:00,NaN
06/30/2022 02:00:00,NaN
06/30/2022 03:00:00,NaN
06/30/2022 04:00:00,NaN
06/30/2022 05:00:00,NaN
06/30/2022 06:00:00,NaN
06/30/2022 07:00:00,NaN
06/30/2022 08:00:00,NaN
06/30/2022 09:00:00,NaN
06/30/2022 10:00:00,NaN
06/30/2022 11:00:00,NaN
06/30/2022 12:00:00,NaN
06/30/2022 13:00:00,NaN
06/30/2022 14:00:00,NaN
06/30/2022 15:00:00,NaN
06/30/2022 16:00:00,NaN
06/30/2022 17:00:00,NaN
06/30/2022 18:00:00,NaN
06/30/2022 19:00:00,NaN
06/30/2022 20:00:00,NaN
06/30/2022 21:00:00,NaN
06/30/2022 22:00:00,NaN
06/30/2022 23:00:00,NaN
07/01/2022 00:00:00,NaN
07/01/2022 01:00:00,NaN
07/01/2022 02:00:00,NaN
07/01/2022 03:00:00,NaN
07/01/2022 04:00:00,NaN
07/01/2022 05:00:00,NaN
07/01/2022 06:00:00,NaN
07/01/2022 07:00:00,NaN
07/01/2022 08:00:00,NaN
07/01/2022 09:00:00,NaN
07/01/2022 10:00:00,NaN
07/01/2022 11:00:00,NaN
07/01/2022 12:00:00,NaN
07/01/2022 13:00:00,NaN
07/01/2022 14:00:00,NaN
07/01/2022 15:00:00,NaN
07/01/2022 16:00:00,NaN
07/01/2022 17:00:00,NaN
07/01/2022 18:00:00,NaN
07/01/2022 19:00:00,NaN
07/01/2022 20:00:00,NaN
07/01/2022 21:00:00,NaN
07/01/2022 22:00:00,NaN
07/01/2022 23:00:00,NaN
07/02/2022 00:00:00,NaN
07/02/2022 01:00:00,NaN
07/02/2022 02:00:00,NaN
07/02/2022 03:00:00,NaN
07/02/2022 04:00:00,NaN
07/02/2022 05:00:00,NaN
07/02/2022 06:00:00,NaN
07/02/2022 07:00:00,NaN
07/02/2022 08:00:00,NaN
07/02/2022 09:00:00,NaN
07/02/2022 10:00:00,NaN
07/02/2022 11:00:00,NaN
07/02/2022 12:00:00,NaN
07/02/2022 13:00:00,NaN
07/02/2022 14:00:00,NaN
07/02/2022 15:00:00,NaN
07/02/2022 16:00:00,NaN
07/02/2022 17:00:00,NaN
07/02/2022 18:00:00,NaN
07/02/2022 19:00:00,NaN
07/02/2022 20:00:00,NaN
07/02/2022 21:00:00,NaN
07/02/2022 22:00:00,NaN
07/02/2022 23:00:00,NaN
07/03/2022 00:00:00,NaN
07/03/2022 01:00:00,NaN
07/03/2022 02:00:00,NaN
07/03/2022 03:00:00,NaN
07/03/2022 04:00:00,NaN
07/03/2022 05:00:00,NaN
07/03/2022 06:00:00,NaN
07/03/2022 07:00:00,NaN
07/03/2022 08:00:00,NaN
07/03/2022 09:00:00,NaN
07/03/2022 10:00:00,NaN
07/03/2022 11:00:00,NaN
07/03/2022 12:00:00,NaN
07/03/2022 13:00:00,NaN
07/03/2022 14:00:00,NaN
07/03/2022 15:00:00,NaN
07/03/2022 16:00:00,NaN
07/03/2022 17:00:00,NaN
07/03/2022 18:00:00,NaN
07/03/2022 19:00:00,NaN
07/03/2022 20:00:00,NaN
07/03/2022 21:00:00,NaN
07/03/2022 22:00:00,NaN
07/03/2022 23:00:00,NaN
07/04/2022 00:00:00,NaN
07/04/2022 01:00:00,NaN
07/04/2022 02:00:00,NaN
07/04/2022 03:00:00,NaN
07/04/2022 04:00:00,NaN
07/04/2022 05:00:00,NaN
07/04/2022 06:00:00,NaN
07/04/2022 07:00:00,NaN
07/04/2022 08:00:00,NaN
07/04/2022 09:00:00,NaN
07/04/2022 10:00:00,NaN
07/04/2022 11:00:00,NaN
07/04/2022 12:00:00,NaN
07/04/2022 13:00:00,NaN
07/04/2022 14:00:00,NaN
07/04/2022 15:00:00,NaN
07/04/2022 16:00:00,NaN
07/04/2022 17:00:00,NaN
07/04/2022 18:00:00,NaN
07/04/2022 19:00:00,NaN
07/04/2022 20:00:00,NaN
07/04/2022 21:00:00,NaN
07/04/2022 22:00:00,NaN
07/04/2022 23:00:00,NaN
07/05/2022 00:00:00,NaN
07/05/2022 01:00:00,NaN
07/05/2022 02:00:00,NaN
07/05/2022 03:00:00,NaN
07/05/2022 04:00:00,NaN
07/05/2022 05:00:00,NaN
07/05/2022 06:00:00,NaN
07/05/2022 07:00:00,NaN
07/05/2022 08:00:00,NaN
07/05/2022 09:00:00,NaN
07/05/2022 10:00:00,NaN
07/05/2022 11:00:00,NaN
07/05/2022 12:00:00,NaN
07/05/2022 13:00:00,NaN
07/05/2022 14:00:00,NaN
07/05/2022 15:00:00,NaN
07/05/2022 16:00:00,NaN
07/05/2022 17:00:00,NaN
07/05/2022 18:00:00,NaN
07/05/2022 19:00:00,NaN
07/05/2022 20:00:00,NaN
07/05/2022 21:00:00,NaN
07/05/2022 22:00:00,NaN
07/05/2022 23:00:00,NaN
07/06/2022 00:00:00,NaN
07/06/2022 01:00:00,NaN
07/06/2022 02:00:00,NaN
07/06/2022 03:00:00,NaN
07/06/2022 04:00:00,NaN
07/06/2022 05:00:00,NaN
07/06/2022 06:00:00,NaN
07/06/2022 07:00:00,NaN
07/06/2022 08:00:00,NaN
07/06/2022 09:00:00,NaN
07/06/2022 10:00:00,NaN
07/06/2022 11:00:00,NaN
07/06/2022 12:00:00,NaN
07/06/2022 13:00:00,NaN
07/06/2022 14:00:00,NaN
07/06/2022 15:00:00,NaN
07/06/2022 16:00:00,NaN
07/06/2022 17:00:00,NaN
07/06/2022 18:00:00,NaN
07/06/2022 19:00:00,NaN
07/06/2022 20:00:00,NaN
07/06/2022 21:00:00,NaN
07/06/2022 22:00:00,NaN
07/06/2022 23:00:00,NaN
07/07/2022 00:00:00,NaN
07/07/2022 01:00:00,NaN
07/07/2022 02:00:00,NaN
07/07/2022 03:00:00,NaN
07/07/2022 04:00:00,NaN
07/07/2022 05:00:00,NaN
07/07/2022 06:00:00,NaN
07/07/2022 07:00:00,NaN
07/07/2022 08:00:00,NaN
07/07/2022 09:00:00,NaN
07/07/2022 10:00:00,NaN
07/07/2022 11:00:00,NaN
07/07/2022 12:00:00,NaN
07/07/2022 13:00:00,NaN
07/07/2022 14:00:00,NaN
07/07/2022 15:00:00,NaN
07/07/2022 16:00:00,NaN
07/07/2022 17:00:00,NaN
07/07/2022 18:00:00,NaN
07/07/2022 19:00:00,NaN
07/07/2022 20:00:00,NaN
07/07/2022 21:00:00,NaN
07/07/2022 22:00:00,NaN
07/07/2022 23:00:00,NaN
07/08/2022 00:00:00,NaN
07/08/2022 01:00:00,NaN
07/08/2022 02:00:00,NaN
07/08/2022 03:00:00,NaN
07/08/2022 04:00:00,NaN
07/08/2022 05:00:00,NaN
07/08/2022 06:00:00,NaN
07/08/2022 07:00:00,NaN
07/08/2022 08:00:00,NaN
07/08/2022 09:00:00,NaN
07/08/2022 10:00:00,NaN
07/08/2022 11:00:00,NaN
07/08/2022 12:00:00,NaN
07/08/2022 13:00:00,NaN
07/08/2022 14:00:00,NaN
07/08/2022 15:00:00,NaN
07/08/2022 16:00:00,NaN
07/08/2022 17:00:00,NaN
07/08/2022 18:00:00,NaN
07/08/2022 19:00:00,NaN
07/08/2022 20:00:00,NaN
07/08/2022 21:00:00,NaN
07/08/2022 22:00:00,NaN
07/08/2022 23:00:00,NaN
07/09/2022 00:00:00,NaN
07/09/2022 01:00:00,NaN
07/09/2022 02:00:00,NaN
07/09/2022 03:00:00,NaN
07/09/2022 04:00:00,NaN
07/09/2022 05:00:00,NaN
07/09/2022 06:00:00,NaN
07/09/2022 07:00:00,NaN
07/09/2022 08:00:00,NaN
07/09/2022 09:00:00,NaN
07/09/2022 10:00:00,NaN
07/09/2022 11:00:00,NaN
07/09/2022 12:00:00,NaN
07/09/2022 13:00:00,NaN
07/09/2022 14:00:00,NaN
07/09/2022 15:00:00,NaN
07/09/2022 16:00:00,NaN
07/09/2022 17:00:00,0.53347432484194
07/09/2022 18:00:00,0.409593007348022
07/09/2022 19:00:00,0.42266566861268
07/09/2022 20:00:00,0.433394000930775
07/09/2022 21:00:00,0.379645926487954
07/09/2022 22:00:00,0.398153570543098
07/09/2022 23:00:00,0.37649192590447
07/10/2022 00:00:00,0.326743962311288
07/10/2022 01:00:00,0.404718132596957
07/10/2022 02:00:00,0.330043786188208
07/10/2022 03:00:00,0.403523776223331
07/10/2022 04:00:00,0.36925453382782
07/10/2022 05:00:00,0.356463933104251
07/10/2022 06:00:00,0.415336661314018
07/10/2022 07:00:00,0.413655608362634
07/10/2022 08:00:00,0.412752386601455
07/10/2022 09:00:00,0.407228890610883
07/10/2022 10:00:00,0.466383356195936
07/10/2022 11:00:00,0.405976083990075
07/10/2022 12:00:00,0.36928433049884
07/10/2022 13:00:00,0.34309497653224
07/10/2022 14:00:00,0.460180247082121
07/10/2022 15:00:00,0.424675342411014
07/10/2022 16:00:00,0.367773132515589
07/10/2022 17:00:00,0.325815364920431
07/10/2022 18:00:00,0.333220319009951
07/10/2022 19:00:00,0.43093582827695
07/10/2022 20:00:00,0.524694695255613
07/10/2022 21:00:00,0.442702685802202
07/10/2022 22:00:00,0.399402974404668
07/10/2022 23:00:00,0.376644242631656
07/11/2022 00:00:00,0.394401825353778
07/11/2022 01:00:00,0.423303718385646
07/11/2022 02:00:00,0.401290985617881
07/11/2022 03:00:00,0.364811690596481
07/11/2022 04:00:00,0.442441251279416
07/11/2022 05:00:00,0.559792482564298
07/11/2022 06:00:00,0.553117127809037
07/11/2022 07:00:00,0.526247843704643
07/11/2022 08:00:00,0.525704458429753
07/11/2022 09:00:00,0.546942224109658
07/11/2022 10:00:00,0.486841563974328
07/11/2022 11:00:00,0.504395414949079
07/11/2022 12:00:00,0.426066905808329
07/11/2022 13:00:00,0.386094554754562
07/11/2022 14:00:00,0.4074292871922
07/11/2022 15:00:00,0.400066100060733
07/11/2022 16:00:00,0.387138527855191
07/11/2022 17:00:00,0.365811375921907
07/11/2022 18:00:00,0.361539619412246
07/11/2022 19:00:00,0.365160174784282
07/11/2022 20:00:00,0.324955036163579
07/11/2022 21:00:00,0.287707390158552
07/11/2022 22:00:00,0.339672871627833
07/11/2022 23:00:00,0.315599921444537
07/12/2022 00:00:00,0.377217880418864
07/12/2022 01:00:00,0.453329625591295
07/12/2022 02:00:00,0.463422029785919
07/12/2022 03:00:00,0.455569980240717
07/12/2022 04:00:00,0.429856064370745
07/12/2022 05:00:00,0.432053732070191
07/12/2022 06:00:00,0.422399920203147
07/12/2022 07:00:00,0.413957934993448
07/12/2022 08:00:00,0.441593374144262
07/12/2022 09:00:00,0.396821139436985
07/12/2022 10:00:00,0.317327622603737
07/12/2022 11:00:00,0.344668506000859
07/12/2022 12:00:00,0.357869035016312
07/12/2022 13:00:00,0.438282775411618
07/12/2022 14:00:00,0.47671567283097
07/12/2022 15:00:00,0.541652309662732
07/12/2022 16:00:00,0.526434258543669
07/12/2022 17:00:00,0.480644786638969
07/12/2022 18:00:00,NaN
07/12/2022 19:00:00,NaN
07/12/2022 20:00:00,NaN
07/12/2022 21:00:00,NaN
07/12/2022 22:00:00,NaN
07/12/2022 23:00:00,0.510331455389485
07/13/2022 00:00:00,0.553731357298483
07/13/2022 01:00:00,0.548682279182703
07/13/2022 02:00:00,0.521396956585922
07/13/2022 03:00:00,0.493601041560718
07/13/2022 04:00:00,0.405799673691709
07/13/2022 05:00:00,0.438349967408007
07/13/2022 06:00:00,0.416784283756222
07/13/2022 07:00:00,0.414087486859036
07/13/2022 08:00:00,0.399963355861216
07/13/2022 09:00:00,NaN
07/13/2022 10:00:00,NaN
07/13/2022 11:00:00,NaN
07/13/2022 12:00:00,0.415896242993666
07/13/2022 13:00:00,0.421637201021427
07/13/2022 14:00:00,0.426251027265007
07/13/2022 15:00:00,0.467776662201743
07/13/2022 16:00:00,0.466376274456187
07/13/2022 17:00:00,0.400209975406018
07/13/2022 18:00:00,0.372213257235637
07/13/2022 19:00:00,0.392208915868657
07/13/2022 20:00:00,0.387630004651806
07/13/2022 21:00:00,0.388149711831037
07/13/2022 22:00:00,0.367569300431975
07/13/2022 23:00:00,0.379356817422704
07/14/2022 00:00:00,0.406986320257819
07/14/2022 01:00:00,0.385136405850769
07/14/2022 02:00:00,0.347255111747529
07/14/2022 03:00:00,0.436265329632504
07/14/2022 04:00:00,0.410833092229
07/14/2022 05:00:00,0.346101976934524
07/14/2022 06:00:00,0.401052616242507
07/14/2022 07:00:00,0.415013346777235
07/14/2022 08:00:00,0.438301645354395
07/14/2022 09:00:00,0.354704168953687
07/14/2022 10:00:00,0.322527853065414
07/14/2022 11:00:00,0.288846802529492
07/14/2022 12:00:00,0.313056748174787
07/14/2022 13:00:00,0.339265372870668
07/14/2022 14:00:00,0.319142753871841
07/14/2022 15:00:00,0.323900120351748
07/14/2022 16:00:00,0.339263970709161
07/14/2022 17:00:00,0.335162938400819
07/14/2022 18:00:00,0.315999739421694
07/14/2022 19:00:00,0.314232616350599
07/14/2022 20:00:00,0.331505007711086
07/14/2022 21:00:00,0.314449678935399
07/14/2022 22:00:00,0.287425566057173
07/14/2022 23:00:00,0.314380222502127
07/15/2022 00:00:00,0.386838573728719
07/15/2022 01:00:00,0.251806047429294
07/15/2022 02:00:00,0.220122970581793
07/15/2022 03:00:00,0.23787082875354
07/15/2022 04:00:00,0.256769647422102
07/15/2022 05:00:00,0.284108054054843
07/15/2022 06:00:00,0.334325740771505
07/15/2022 07:00:00,0.300219480197504
07/15/2022 08:00:00,0.304868958627208
07/15/2022 09:00:00,0.287405219759286
07/15/2022 10:00:00,0.267499018961913
07/15/2022 11:00:00,0.276339077301615
07/15/2022 12:00:00,0.287833440448411
07/15/2022 13:00:00,0.283314468757361
07/15/2022 14:00:00,0.216666142437992
07/15/2022 15:00:00,0.313068168820768
07/15/2022 16:00:00,NaN
07/15/2022 17:00:00,NaN
07/15/2022 18:00:00,0.3095712103601
07/15/2022 19:00:00,0.28622412326662
07/15/2022 20:00:00,0.239085277799304
07/15/2022 21:00:00,0.282722218812232
07/15/2022 22:00:00,0.247361882817995
07/15/2022 23:00:00,0.324802253811458
07/16/2022 00:00:00,0.423339921679501
07/16/2022 01:00:00,0.328495612269668
07/16/2022 02:00:00,0.320390893923891
07/16/2022 03:00:00,0.38823993294813
07/16/2022 04:00:00,0.342701718387459
07/16/2022 05:00:00,0.334336906824393
07/16/2022 06:00:00,0.441573813003264
07/16/2022 07:00:00,0.442371802114995
07/16/2022 08:00:00,0.379024272531342
07/16/2022 09:00:00,0.411328158719397
07/16/2022 10:00:00,0.366019328574239
07/16/2022 11:00:00,0.362020300994338
07/16/2022 12:00:00,0.323378604088522
07/16/2022 13:00:00,0.377726332434337
07/16/2022 14:00:00,0.451877378569356
07/16/2022 15:00:00,0.503105168941548
07/16/2022 16:00:00,0.576791345680017
07/16/2022 17:00:00,0.575569597876801
07/16/2022 18:00:00,0.353750950512043
07/16/2022 19:00:00,0.442083918589504
07/16/2022 20:00:00,0.524974759789099
07/16/2022 21:00:00,0.50370861041337
07/16/2022 22:00:00,0.421295737900482
07/16/2022 23:00:00,0.444570776090865
07/17/2022 00:00:00,0.488646243374154
07/17/2022 01:00:00,0.408059653478065
07/17/2022 02:00:00,0.408233670617585
07/17/2022 03:00:00,0.443207786291012
07/17/2022 04:00:00,0.470351465137028
07/17/2022 05:00:00,0.463970944136092
07/17/2022 06:00:00,0.432146286479124
07/17/2022 07:00:00,0.44699913972099
07/17/2022 08:00:00,0.462852337822967
07/17/2022 09:00:00,0.403098195921541
07/17/2022 10:00:00,0.401650289346289
07/17/2022 11:00:00,0.509148922671302
07/17/2022 12:00:00,0.41852476394428
07/17/2022 13:00:00,0.462191056719467
07/17/2022 14:00:00,0.435986738022173
07/17/2022 15:00:00,0.475135318043696
07/17/2022 16:00:00,0.515157315976356
07/17/2022 17:00:00,0.484278165636455
07/17/2022 18:00:00,0.452457463206916
07/17/2022 19:00:00,0.407916641504421
07/17/2022 20:00:00,0.518016274506453
07/17/2022 21:00:00,0.512789188371617
07/17/2022 22:00:00,0.482123831279549
07/17/2022 23:00:00,0.49046442902918
07/18/2022 00:00:00,0.494885985309587
07/18/2022 01:00:00,0.465477119976095
07/18/2022 02:00:00,0.523881761573197
07/18/2022 03:00:00,0.443779743731745
07/18/2022 04:00:00,0.425955648192033
07/18/2022 05:00:00,0.434474649885401
07/18/2022 06:00:00,0.503267361941667
07/18/2022 07:00:00,0.461000422748432
07/18/2022 08:00:00,0.474078551929589
07/18/2022 09:00:00,0.480770161713831
07/18/2022 10:00:00,0.435124083612439
07/18/2022 11:00:00,0.536564154304111
07/18/2022 12:00:00,0.390126163473223
07/18/2022 13:00:00,0.490859804568526
07/18/2022 14:00:00,0.518067841382522
07/18/2022 15:00:00,0.457305927797726
07/18/2022 16:00:00,0.465067098517737
07/18/2022 17:00:00,0.474369866985775
07/18/2022 18:00:00,0.432061490348899
07/18/2022 19:00:00,0.411229960668815
07/18/2022 20:00:00,0.347958419964662
07/18/2022 21:00:00,0.391898217986342
07/18/2022 22:00:00,0.369337476529998
07/18/2022 23:00:00,0.42433703949519
07/19/2022 00:00:00,0.37655602888805
07/19/2022 01:00:00,0.371167792950216
07/19/2022 02:00:00,0.39775333993524
07/19/2022 03:00:00,0.431499914484284
07/19/2022 04:00:00,0.455084084137516
07/19/2022 05:00:00,0.412901464851953
07/19/2022 06:00:00,0.415295865436313
07/19/2022 07:00:00,0.398706687313928
07/19/2022 08:00:00,0.476064212495122
07/19/2022 09:00:00,0.464184945357
07/19/2022 10:00:00,0.422819466787277
07/19/2022 11:00:00,0.434004148783317
07/19/2022 12:00:00,0.407836074659369
07/19/2022 13:00:00,0.41784411079627
07/19/2022 14:00:00,0.388631540048212
07/19/2022 15:00:00,0.382044851093758
07/19/2022 16:00:00,0.457483589710237
07/19/2022 17:00:00,0.413248036654306
07/19/2022 18:00:00,0.421976988821909
07/19/2022 19:00:00,0.320243518002225
07/19/2022 20:00:00,0.36828215262042
07/19/2022 21:00:00,0.46498625720533
07/19/2022 22:00:00,0.472171739570496
07/19/2022 23:00:00,0.422204725614043
07/20/2022 00:00:00,0.458156401305247
07/20/2022 01:00:00,0.427394464874699
07/20/2022 02:00:00,0.421900377763444
07/20/2022 03:00:00,0.442214930745387
07/20/2022 04:00:00,0.46136103950289
07/20/2022 05:00:00,0.388013129307189
07/20/2022 06:00:00,0.39882839009799
07/20/2022 07:00:00,0.452465631301293
07/20/2022 08:00:00,0.430378298626782
07/20/2022 09:00:00,0.398064638869055
07/20/2022 10:00:00,0.413692878662233
07/20/2022 11:00:00,0.384925360450689
07/20/2022 12:00:00,0.459370862547445
07/20/2022 13:00:00,0.467466931070734
07/20/2022 14:00:00,0.400494725348107
07/20/2022 15:00:00,0.394746040898174
07/20/2022 16:00:00,0.44352621053942
07/20/2022 17:00:00,0.484139407107903
07/20/2022 18:00:00,0.536451594029826
07/20/2022 19:00:00,0.516659453729838
07/20/2022 20:00:00,0.539331713794666
07/20/2022 21:00:00,0.49290139456575
07/20/2022 22:00:00,0.472161025808285
07/20/2022 23:00:00,0.518849631198496
07/21/2022 00:00:00,0.524343453768418
07/21/2022 01:00:00,0.563675808198232
07/21/2022 02:00:00,0.493240713739735
07/21/2022 03:00:00,0.507237987554879
07/21/2022 04:00:00,0.515898447819263
07/21/2022 05:00:00,0.449061262678741
07/21/2022 06:00:00,0.422287063658074
07/21/2022 07:00:00,0.445277788140146
07/21/2022 08:00:00,0.446011263317038
07/21/2022 09:00:00,0.419924354617355
07/21/2022 10:00:00,NaN
07/21/2022 11:00:00,0.404645855654113
07/21/2022 12:00:00,0.45198980594151
07/21/2022 13:00:00,0.486316752290754
07/21/2022 14:00:00,0.52350348612276
07/21/2022 15:00:00,0.461907213773654
07/21/2022 16:00:00,0.490596605000263
07/21/2022 17:00:00,0.452545305590306
07/21/2022 18:00:00,0.418853926276038
07/21/2022 19:00:00,0.405423880992323
07/21/2022 20:00:00,0.413703746556966
07/21/2022 21:00:00,0.433539847085755
07/21/2022 22:00:00,0.412693760822663
07/21/2022 23:00:00,0.402473409530583
07/22/2022 00:00:00,0.452729354477348
07/22/2022 01:00:00,0.43105772899765
07/22/2022 02:00:00,NaN
07/22/2022 03:00:00,NaN
07/22/2022 04:00:00,NaN
07/22/2022 05:00:00,NaN
07/22/2022 06:00:00,NaN
07/22/2022 07:00:00,NaN
07/22/2022 08:00:00,NaN
07/22/2022 09:00:00,NaN
07/22/2022 10:00:00,NaN
07/22/2022 11:00:00,NaN
07/22/2022 12:00:00,NaN
07/22/2022 13:00:00,NaN
07/22/2022 14:00:00,NaN
07/22/2022 15:00:00,NaN
07/22/2022 16:00:00,0.504347428347735
07/22/2022 17:00:00,0.451464735393282
07/22/2022 18:00:00,0.468228008180471
07/22/2022 19:00:00,0.295587276093095
07/22/2022 20:00:00,0.47074099202378
07/22/2022 21:00:00,0.430372288007219
07/22/2022 22:00:00,0.364999767739308
07/22/2022 23:00:00,0.396747421011788
07/23/2022 00:00:00,0.363100716451287
07/23/2022 01:00:00,0.458006241490188
07/23/2022 02:00:00,0.51890715222048
07/23/2022 03:00:00,0.499812604476128
07/23/2022 04:00:00,0.470045258153461
07/23/2022 05:00:00,0.516089269434542
07/23/2022 06:00:00,0.469949203442929
07/23/2022 07:00:00,0.484695707227823
07/23/2022 08:00:00,0.521834747812409
07/23/2022 09:00:00,0.504233289160602
07/23/2022 10:00:00,0.486369471556652
07/23/2022 11:00:00,0.407800908760264
07/23/2022 12:00:00,0.449738087692083
07/23/2022 13:00:00,0.601569271468697
07/23/2022 14:00:00,0.51649096059069
07/23/2022 15:00:00,0.461054823022471
07/23/2022 16:00:00,0.487363037050729
07/23/2022 17:00:00,0.469827448271412
07/23/2022 18:00:00,0.460024498313241
07/23/2022 19:00:00,0.458677604061935
07/23/2022 20:00:00,0.497897555029032
07/23/2022 21:00:00,0.412098433050958
07/23/2022 22:00:00,0.485063772217144
07/23/2022 23:00:00,0.562928176083622
07/24/2022 00:00:00,0.520347390977165
07/24/2022 01:00:00,0.470298094294781
07/24/2022 02:00:00,0.448388410928546
07/24/2022 03:00:00,0.421937994012343
07/24/2022 04:00:00,0.443481584100112
07/24/2022 05:00:00,0.416903643446409
07/24/2022 06:00:00,0.446843273483874
07/24/2022 07:00:00,0.495161903488642
07/24/2022 08:00:00,0.413264475973385
07/24/2022 09:00:00,0.530153855109101
07/24/2022 10:00:00,0.434395433996858
07/24/2022 11:00:00,0.371754043847597
07/24/2022 12:00:00,0.450260119549651
07/24/2022 13:00:00,0.470164214783075
07/24/2022 14:00:00,0.474256825757626
07/24/2022 15:00:00,0.547236379504905
07/24/2022 16:00:00,0.431048379048577
07/24/2022 17:00:00,0.446109426899806
07/24/2022 18:00:00,0.469841077527669
07/24/2022 19:00:00,0.423615014403781
07/24/2022 20:00:00,0.474291084349681
07/24/2022 21:00:00,0.415621966524546
07/24/2022 22:00:00,0.401371661285674
07/24/2022 23:00:00,0.416971548513865
07/25/2022 00:00:00,0.460198892325986
07/25/2022 01:00:00,0.44514019138312
07/25/2022 02:00:00,0.455700830204809
07/25/2022 03:00:00,0.461449514853713
07/25/2022 04:00:00,0.451417141464655
07/25/2022 05:00:00,0.485130205768616
07/25/2022 06:00:00,0.473520772400845
07/25/2022 07:00:00,0.5051058746889
07/25/2022 08:00:00,0.491256512885579
07/25/2022 09:00:00,0.39851072553787
07/25/2022 10:00:00,0.415481558663181
07/25/2022 11:00:00,0.356200179931023
07/25/2022 12:00:00,0.367778407015237
07/25/2022 13:00:00,0.50919148139164
07/25/2022 14:00:00,0.527448456584712
07/25/2022 15:00:00,0.435506437290761
07/25/2022 16:00:00,0.440138724614567
07/25/2022 17:00:00,0.371826073579889
07/25/2022 18:00:00,0.422826049193266
07/25/2022 19:00:00,0.505097989848818
07/25/2022 20:00:00,0.453713529527223
07/25/2022 21:00:00,0.416065252851633
07/25/2022 22:00:00,0.433549251681509
07/25/2022 23:00:00,0.4099403264804
07/26/2022 00:00:00,0.424658065977207
07/26/2022 01:00:00,0.492799348731155
07/26/2022 02:00:00,0.485926947088544
07/26/2022 03:00:00,0.42559438768982
07/26/2022 04:00:00,0.46339712859922
07/26/2022 05:00:00,0.401242187095388
07/26/2022 06:00:00,0.433890932342655
07/26/2022 07:00:00,0.434421240900117
07/26/2022 08:00:00,0.436389521367312
07/26/2022 09:00:00,0.41510154774693
07/26/2022 10:00:00,0.416984337092148
07/26/2022 11:00:00,0.374697425914428
07/26/2022 12:00:00,0.33462646916391
07/26/2022 13:00:00,0.381372323927963
07/26/2022 14:00:00,0.444717879018903
07/26/2022 15:00:00,0.408207175583849
07/26/2022 16:00:00,0.389020404431923
07/26/2022 17:00:00,0.445630041332689
07/26/2022 18:00:00,0.496876147941693
07/26/2022 19:00:00,NaN
07/26/2022 20:00:00,NaN
07/26/2022 21:00:00,NaN
07/26/2022 22:00:00,NaN
07/26/2022 23:00:00,NaN
07/27/2022 00:00:00,NaN
07/27/2022 01:00:00,NaN
07/27/2022 02:00:00,NaN
07/27/2022 03:00:00,NaN
07/27/2022 04:00:00,NaN
07/27/2022 05:00:00,NaN
07/27/2022 06:00:00,NaN
07/27/2022 07:00:00,NaN
07/27/2022 08:00:00,NaN
07/27/2022 09:00:00,NaN
07/27/2022 10:00:00,NaN
07/27/2022 11:00:00,NaN
07/27/2022 12:00:00,NaN
07/27/2022 13:00:00,NaN
07/27/2022 14:00:00,NaN
07/27/2022 15:00:00,0.341207503980861
07/27/2022 16:00:00,0.473577267381825
07/27/2022 17:00:00,0.409945401678975
07/27/2022 18:00:00,0.443575064810037
07/27/2022 19:00:00,0.393569567982264
07/27/2022 20:00:00,0.342735519848196
07/27/2022 21:00:00,0.38596443959965
07/27/2022 22:00:00,0.425607727996614
07/27/2022 23:00:00,0.499312513360307
07/28/2022 00:00:00,0.408378627017911
07/28/2022 01:00:00,0.473417453659859
07/28/2022 02:00:00,0.387141344381823
07/28/2022 03:00:00,0.467101868961962
07/28/2022 04:00:00,0.436468006570411
07/28/2022 05:00:00,0.4194506248636
07/28/2022 06:00:00,0.517551957429287
07/28/2022 07:00:00,0.387631404085256
07/28/2022 08:00:00,0.387237993186574
07/28/2022 09:00:00,0.446449844699932
07/28/2022 10:00:00,0.439578239645178
07/28/2022 11:00:00,0.450785523902589
07/28/2022 12:00:00,0.476984008300854
07/28/2022 13:00:00,0.465689544348295
07/28/2022 14:00:00,0.449981803839673
07/28/2022 15:00:00,0.499676342968401
07/28/2022 16:00:00,0.419945519861955
07/28/2022 17:00:00,0.442357844927488
07/28/2022 18:00:00,0.319750348466621
07/28/2022 19:00:00,0.452307772453497
07/28/2022 20:00:00,0.351982533028088
07/28/2022 21:00:00,0.405105950269898
07/28/2022 22:00:00,0.477016120884716
07/28/2022 23:00:00,0.508444685904761
07/29/2022 00:00:00,0.411585572552083
07/29/2022 01:00:00,0.446721901391956
07/29/2022 02:00:00,0.411223219755319
07/29/2022 03:00:00,0.416148250042157
07/29/2022 04:00:00,0.37707087638725
07/29/2022 05:00:00,0.414284206111113
07/29/2022 06:00:00,0.403683885969791
07/29/2022 07:00:00,0.388465741768487
07/29/2022 08:00:00,0.358242576032035
07/29/2022 09:00:00,0.402842884548114
07/29/2022 10:00:00,0.419456571779211
07/29/2022 11:00:00,0.377355457118209
07/29/2022 12:00:00,0.39122615736412
07/29/2022 13:00:00,0.355579197891867
07/29/2022 14:00:00,0.305325099463221
07/29/2022 15:00:00,0.322906965556107
07/29/2022 16:00:00,0.334269495847067
07/29/2022 17:00:00,0.335846427971853
07/29/2022 18:00:00,0.282995563821294
07/29/2022 19:00:00,0.294123903971179
07/29/2022 20:00:00,0.291903608143062
07/29/2022 21:00:00,0.293596581585745
07/29/2022 22:00:00,0.381984737258526
07/29/2022 23:00:00,0.430475535550519
07/30/2022 00:00:00,0.442548712172278
07/30/2022 01:00:00,0.422446097727207
07/30/2022 02:00:00,0.424473725877729
07/30/2022 03:00:00,0.355712828134472
07/30/2022 04:00:00,0.370618450418321
07/30/2022 05:00:00,0.443087849604287
07/30/2022 06:00:00,0.404227770342239
07/30/2022 07:00:00,0.379011029281173
07/30/2022 08:00:00,0.479525941740702
07/30/2022 09:00:00,0.4286277721653
07/30/2022 10:00:00,0.377268158293345
07/30/2022 11:00:00,0.38939705792484
07/30/2022 12:00:00,0.403879899231375
07/30/2022 13:00:00,0.37678506233508
07/30/2022 14:00:00,0.345238464087979
07/30/2022 15:00:00,0.336306084692714
07/30/2022 16:00:00,0.430532077717099
07/30/2022 17:00:00,0.425546054726028
07/30/2022 18:00:00,0.41491086882362
07/30/2022 19:00:00,0.504862751227207
07/30/2022 20:00:00,0.454087369939544
07/30/2022 21:00:00,0.458433527859449
07/30/2022 22:00:00,0.513702828785952
07/30/2022 23:00:00,0.464585876139991
07/31/2022 00:00:00,NaN
07/31/2022 01:00:00,NaN
07/31/2022 02:00:00,NaN
07/31/2022 03:00:00,NaN
07/31/2022 04:00:00,NaN
07/31/2022 05:00:00,NaN
07/31/2022 06:00:00,NaN
07/31/2022 07:00:00,NaN
07/31/2022 08:00:00,NaN
07/31/2022 09:00:00,NaN
07/31/2022 10:00:00,NaN
07/31/2022 11:00:00,NaN
07/31/2022 12:00:00,NaN
07/31/2022 13:00:00,0.550455151681804
07/31/2022 14:00:00,0.521712772570172
07/31/2022 15:00:00,0.452671038299483
07/31/2022 16:00:00,0.447838638573313
07/31/2022 17:00:00,0.422512970619066
07/31/2022 18:00:00,0.457987142765959
07/31/2022 19:00:00,0.438184430269182
07/31/2022 20:00:00,0.410825735602047
07/31/2022 21:00:00,0.351926834863533
07/31/2022 22:00:00,0.420292847809513
07/31/2022 23:00:00,0.488429373136981
08/01/2022 00:00:00,0.446583272860972
08/01/2022 01:00:00,0.463570945453075
08/01/2022 02:00:00,0.575353050137968
08/01/2022 03:00:00,0.442536811832219
08/01/2022 04:00:00,0.403833413784315
08/01/2022 05:00:00,0.360284130472672
08/01/2022 06:00:00,0.420176276840601
08/01/2022 07:00:00,0.278703297254467
08/01/2022 08:00:00,0.326170069383668
08/01/2022 09:00:00,0.356611907752804
08/01/2022 10:00:00,0.315788604956518
08/01/2022 11:00:00,0.368209235684529
08/01/2022 12:00:00,0.3639035529178
08/01/2022 13:00:00,0.272871527723658
08/01/2022 14:00:00,0.346219108168739
08/01/2022 15:00:00,0.376527729375268
08/01/2022 16:00:00,0.307084204977158
08/01/2022 17:00:00,0.334793389139182
08/01/2022 18:00:00,0.314376073069191
08/01/2022 19:00:00,0.298441027736649
08/01/2022 20:00:00,0.267628506866517
08/01/2022 21:00:00,0.332412571540877
08/01/2022 22:00:00,0.322100960325936
08/01/2022 23:00:00,0.360728086306303
08/02/2022 00:00:00,0.335456740938688
08/02/2022 01:00:00,0.358067411078763
08/02/2022 02:00:00,0.393492482540598
08/02/2022 03:00:00,0.383941927727908
08/02/2022 04:00:00,0.483178805174227
08/02/2022 05:00:00,0.449720004128493
08/02/2022 06:00:00,0.418610227582934
08/02/2022 07:00:00,0.427613406794777
08/02/2022 08:00:00,0.404022344966026
08/02/2022 09:00:00,0.427460096848034
08/02/2022 10:00:00,0.463218466346758
08/02/2022 11:00:00,0.4275279475835
08/02/2022 12:00:00,0.728860556926485
08/02/2022 13:00:00,0.511094107636231
08/02/2022 14:00:00,0.442559025648594
08/02/2022 15:00:00,0.402982387824623
08/02/2022 16:00:00,0.471111029890295
08/02/2022 17:00:00,0.381379135882798
08/02/2022 18:00:00,0.364915384544676
08/02/2022 19:00:00,0.328410128499705
08/02/2022 20:00:00,0.403966193901352
08/02/2022 21:00:00,0.350513095540554
08/02/2022 22:00:00,0.398760693225955
08/02/2022 23:00:00,0.396024803066737
08/03/2022 00:00:00,0.316089353734002
08/03/2022 01:00:00,0.335454295434849
08/03/2022 02:00:00,0.335723977718887
08/03/2022 03:00:00,0.298254237587675
08/03/2022 04:00:00,0.405911965113086
08/03/2022 05:00:00,0.406966945535389
08/03/2022 06:00:00,0.436189353807429
08/03/2022 07:00:00,0.414198780123367
08/03/2022 08:00:00,0.372413286365787
08/03/2022 09:00:00,0.409851054084818
08/03/2022 10:00:00,0.398355257558708
08/03/2022 11:00:00,0.341782001464653
08/03/2022 12:00:00,0.391817272479236
08/03/2022 13:00:00,0.348803887733309
08/03/2022 14:00:00,0.445857029438102
08/03/2022 15:00:00,0.482356373811932
08/03/2022 16:00:00,0.447700915628754
08/03/2022 17:00:00,0.422057145422328
08/03/2022 18:00:00,0.403684666118934
08/03/2022 19:00:00,0.386437161428184
08/03/2022 20:00:00,0.419745257189061
08/03/2022 21:00:00,0.44189800131431
08/03/2022 22:00:00,0.435843887701824
08/03/2022 23:00:00,0.436945421746985
08/04/2022 00:00:00,0.42374315533293
08/04/2022 01:00:00,0.457025145982208
08/04/2022 02:00:00,0.443407460397164
08/04/2022 03:00:00,0.483734932362393
08/04/2022 04:00:00,0.412711807885335
08/04/2022 05:00:00,0.389743139598902
08/04/2022 06:00:00,0.380861432673738
08/04/2022 07:00:00,0.462869937852419
08/04/2022 08:00:00,0.408005885315776
08/04/2022 09:00:00,0.512583694630372
08/04/2022 10:00:00,0.497880697931677
08/04/2022 11:00:00,0.422358118138621
08/04/2022 12:00:00,0.540044003839278
08/04/2022 13:00:00,0.382940857548278
08/04/2022 14:00:00,0.447803063663594
08/04/2022 15:00:00,0.416708607906323
08/04/2022 16:00:00,0.386956604423854
08/04/2022 17:00:00,0.388697922431776
08/04/2022 18:00:00,0.339178361649219
08/04/2022 19:00:00,0.334601178245253
08/04/2022 20:00:00,0.385849254943124
08/04/2022 21:00:00,0.44630229437847
08/04/2022 22:00:00,0.454045075956843
08/04/2022 23:00:00,0.424046004122348
08/05/2022 00:00:00,0.477636778737826
08/05/2022 01:00:00,0.525592077550535
08/05/2022 02:00:00,0.496975241755764
08/05/2022 03:00:00,0.521111131654405
08/05/2022 04:00:00,0.465239105438592
08/05/2022 05:00:00,0.396682739440275
08/05/2022 06:00:00,0.482087666476365
08/05/2022 07:00:00,0.448522719900027
08/05/2022 08:00:00,0.454128830225277
08/05/2022 09:00:00,0.397139583804907
08/05/2022 10:00:00,0.433576227724772
08/05/2022 11:00:00,0.397845199668903
08/05/2022 12:00:00,0.333299517666731
08/05/2022 13:00:00,0.311207545699746
08/05/2022 14:00:00,0.365290427018638
08/05/2022 15:00:00,0.43312888244511
08/05/2022 16:00:00,0.357023681992577
08/05/2022 17:00:00,0.303099142974913
08/05/2022 18:00:00,0.34671953525723
08/05/2022 19:00:00,0.341669933882736
08/05/2022 20:00:00,0.247964624842736
08/05/2022 21:00:00,0.231473249665722
08/05/2022 22:00:00,0.275225112486353
08/05/2022 23:00:00,0.254399307014623
08/06/2022 00:00:00,0.245808082214691
08/06/2022 01:00:00,0.297848052795271
08/06/2022 02:00:00,0.254584757333199
08/06/2022 03:00:00,0.2851480923733
08/06/2022 04:00:00,0.281770325987055
08/06/2022 05:00:00,0.273058963945588
08/06/2022 06:00:00,0.270855937151387
08/06/2022 07:00:00,0.315423488590449
08/06/2022 08:00:00,0.277834656049185
08/06/2022 09:00:00,0.335817938819381
08/06/2022 10:00:00,0.220767512623278
08/06/2022 11:00:00,0.319910293583258
08/06/2022 12:00:00,0.338900979569975
08/06/2022 13:00:00,0.234006128499575
08/06/2022 14:00:00,0.231891182748567
08/06/2022 15:00:00,0.2134482488033
08/06/2022 16:00:00,0.44920529844196
08/06/2022 17:00:00,0.454592359590893
08/06/2022 18:00:00,0.349754413112306
08/06/2022 19:00:00,0.37180462730741
08/06/2022 20:00:00,0.367809291896375
08/06/2022 21:00:00,0.377263459458954
08/06/2022 22:00:00,0.386189349718036
08/06/2022 23:00:00,0.36208241833327
08/07/2022 00:00:00,0.390345543606217
08/07/2022 01:00:00,0.396952547402064
08/07/2022 02:00:00,0.367854551714529
08/07/2022 03:00:00,0.376635567259103
08/07/2022 04:00:00,0.420200423619056
08/07/2022 05:00:00,0.34320123009632
08/07/2022 06:00:00,0.39651294733351
08/07/2022 07:00:00,0.476088667787965
08/07/2022 08:00:00,0.474607265169345
08/07/2022 09:00:00,0.467141704104011
08/07/2022 10:00:00,0.394438811733773
08/07/2022 11:00:00,0.410400061709751
08/07/2022 12:00:00,0.381835056220268
08/07/2022 13:00:00,0.374402124035425
08/07/2022 14:00:00,0.453224843685491
08/07/2022 15:00:00,0.415101797035664
08/07/2022 16:00:00,0.465170812377258
08/07/2022 17:00:00,0.494950907066057
08/07/2022 18:00:00,0.457210673428413
08/07/2022 19:00:00,0.534342233444347
08/07/2022 20:00:00,0.58313960530966
08/07/2022 21:00:00,0.444053679995521
08/07/2022 22:00:00,0.370296980116956
08/07/2022 23:00:00,0.376414316580283
08/08/2022 00:00:00,0.369963920643242
08/08/2022 01:00:00,0.316878713072787
08/08/2022 02:00:00,0.381244514794862
08/08/2022 03:00:00,0.428255823629634
08/08/2022 04:00:00,0.503772165540091
08/08/2022 05:00:00,0.440214979363521
08/08/2022 06:00:00,0.441136175655462
08/08/2022 07:00:00,0.406388669283262
08/08/2022 08:00:00,0.354809323736449
08/08/2022 09:00:00,0.375763243591389
08/08/2022 10:00:00,0.308292388041523
08/08/2022 11:00:00,0.32953603059202
08/08/2022 12:00:00,0.318612346949358
08/08/2022 13:00:00,0.343154288998359
08/08/2022 14:00:00,0.212588992733411
08/08/2022 15:00:00,0.300121777173617
08/08/2022 16:00:00,0.282672588065914
08/08/2022 17:00:00,0.335917279927695
08/08/2022 18:00:00,0.39943766473355
08/08/2022 19:00:00,0.486884878468304
08/08/2022 20:00:00,0.411110955342152
08/08/2022 21:00:00,0.412334785281468
08/08/2022 22:00:00,0.47335780921477
08/08/2022 23:00:00,0.392363533704509
08/09/2022 00:00:00,0.387803579475193
08/09/2022 01:00:00,0.394959991924757
08/09/2022 02:00:00,0.423006951158625
08/09/2022 03:00:00,0.384644971931347
08/09/2022 04:00:00,0.43073404398634
08/09/2022 05:00:00,0.461429590598931
08/09/2022 06:00:00,0.323050043067115
08/09/2022 07:00:00,0.503518789732946
08/09/2022 08:00:00,0.531286253274514
08/09/2022 09:00:00,0.394909849011025
08/09/2022 10:00:00,0.455107528773746
08/09/2022 11:00:00,0.402578301655118
08/09/2022 12:00:00,0.473009668768609
08/09/2022 13:00:00,0.560499738205451
08/09/2022 14:00:00,0.391191488305023
08/09/2022 15:00:00,0.3740081484348
08/09/2022 16:00:00,0.321115232139623
08/09/2022 17:00:00,0.35281196946548
08/09/2022 18:00:00,0.384355076576912
08/09/2022 19:00:00,0.3748806689365
08/09/2022 20:00:00,0.362574457378474
08/09/2022 21:00:00,0.372729793615629
08/09/2022 22:00:00,0.387630632250248
08/09/2022 23:00:00,0.32781995158867
08/10/2022 00:00:00,0.319960538154832
08/10/2022 01:00:00,0.391105106256065
08/10/2022 02:00:00,0.445214627895038
08/10/2022 03:00:00,0.378800550551202
08/10/2022 04:00:00,0.493698993711416
08/10/2022 05:00:00,0.483314057454214
08/10/2022 06:00:00,0.374383148843947
08/10/2022 07:00:00,0.52383811642082
08/10/2022 08:00:00,0.484422784710692
08/10/2022 09:00:00,0.582276841989941
08/10/2022 10:00:00,0.423553105625036
08/10/2022 11:00:00,0.385819937764686
08/10/2022 12:00:00,0.349441798369051
08/10/2022 13:00:00,0.411871030694076
08/10/2022 14:00:00,0.505030054898566
08/10/2022 15:00:00,0.446523272159237
08/10/2022 16:00:00,0.407471910144916
08/10/2022 17:00:00,0.366637988909825
08/10/2022 18:00:00,0.366298694760926
08/10/2022 19:00:00,0.303424919108103
08/10/2022 20:00:00,0.315902222241354
08/10/2022 21:00:00,0.324631762914522
08/10/2022 22:00:00,0.348716929021763
08/10/2022 23:00:00,0.303622151729109
08/11/2022 00:00:00,0.411981208485153
08/11/2022 01:00:00,0.287045496999429
08/11/2022 02:00:00,0.222461069428618
08/11/2022 03:00:00,0.220153152530555
08/11/2022 04:00:00,0.256658286221684
08/11/2022 05:00:00,0.279054983148065
08/11/2022 06:00:00,0.307992949071954
08/11/2022 07:00:00,0.309604894783181
08/11/2022 08:00:00,0.298733874654021
08/11/2022 09:00:00,0.304798928154429
08/11/2022 10:00:00,0.252745381915765
08/11/2022 11:00:00,0.224606994684447
08/11/2022 12:00:00,0.254771153850764
08/11/2022 13:00:00,0.266059897237656
08/11/2022 14:00:00,0.261279309213726
08/11/2022 15:00:00,0.26443629024203
08/11/2022 16:00:00,0.286675671589264
08/11/2022 17:00:00,0.265736611234793
08/11/2022 18:00:00,0.253094462733459
08/11/2022 19:00:00,0.272684263815883
08/11/2022 20:00:00,0.299760868787556
08/11/2022 21:00:00,0.333491455536904
08/11/2022 22:00:00,0.343550061627624
08/11/2022 23:00:00,0.332348197791726
08/12/2022 00:00:00,0.378429054725768
08/12/2022 01:00:00,0.434988572551681
08/12/2022 02:00:00,0.396777490952887
08/12/2022 03:00:00,0.330032333542738
08/12/2022 04:00:00,0.312003617680902
08/12/2022 05:00:00,0.326028554350148
08/12/2022 06:00:00,0.425318836558659
08/12/2022 07:00:00,0.318710972558749
08/12/2022 08:00:00,0.278326879347021
08/12/2022 09:00:00,0.322072720248107
08/12/2022 10:00:00,0.343271198587638
08/12/2022 11:00:00,0.306692729998944
08/12/2022 12:00:00,0.319684660939689
08/12/2022 13:00:00,0.269205480837617
08/12/2022 14:00:00,0.238506002347861
08/12/2022 15:00:00,0.296735274379686
08/12/2022 16:00:00,0.276190128651468
08/12/2022 17:00:00,0.256433194732807
08/12/2022 18:00:00,0.263772641254999
08/12/2022 19:00:00,0.246478808725193
08/12/2022 20:00:00,0.250060928672544
08/12/2022 21:00:00,0.352699725977696
08/12/2022 22:00:00,0.330093576778941
08/12/2022 23:00:00,0.313656041303017
08/13/2022 00:00:00,0.326681636905567
08/13/2022 01:00:00,0.292565169639637
08/13/2022 02:00:00,0.315721923186446
08/13/2022 03:00:00,0.364543228152474
08/13/2022 04:00:00,0.368098560459484
08/13/2022 05:00:00,0.380100672297203
08/13/2022 06:00:00,0.303988798657829
08/13/2022 07:00:00,0.341729971569277
08/13/2022 08:00:00,0.329084398217512
08/13/2022 09:00:00,0.297141174581941
08/13/2022 10:00:00,0.270774050076314
08/13/2022 11:00:00,0.256786986465734
08/13/2022 12:00:00,0.263639267118654
08/13/2022 13:00:00,0.276074372771171
08/13/2022 14:00:00,0.279818330910225
08/13/2022 15:00:00,0.303007796088953
08/13/2022 16:00:00,0.339475790122496
08/13/2022 17:00:00,0.327341581774631
08/13/2022 18:00:00,0.354928165381249
08/13/2022 19:00:00,0.404385722812639
08/13/2022 20:00:00,0.286042916789811
08/13/2022 21:00:00,0.308045822208916
08/13/2022 22:00:00,0.23027424975554
08/13/2022 23:00:00,0.369728242426265
08/14/2022 00:00:00,0.264045279048998
08/14/2022 01:00:00,0.181362626721171
08/14/2022 02:00:00,0.227527441890682
08/14/2022 03:00:00,0.353298667731415
08/14/2022 04:00:00,0.351715769064839
08/14/2022 05:00:00,0.35896463971248
08/14/2022 06:00:00,0.335384245064898
08/14/2022 07:00:00,0.435522861372641
08/14/2022 08:00:00,0.468080169978563
08/14/2022 09:00:00,0.324139749811235
08/14/2022 10:00:00,0.324491825487061
08/14/2022 11:00:00,0.428570903169493
08/14/2022 12:00:00,0.46649400166533
08/14/2022 13:00:00,0.401804126856595
08/14/2022 14:00:00,0.346251451607257
08/14/2022 15:00:00,0.502707326502249
08/14/2022 16:00:00,0.528468373463141
08/14/2022 17:00:00,0.41257023515746
08/14/2022 18:00:00,0.4394249175402
08/14/2022 19:00:00,0.427516451442649
08/14/2022 20:00:00,0.450378890795232
08/14/2022 21:00:00,0.486769671255016
08/14/2022 22:00:00,0.469032392556265
08/14/2022 23:00:00,0.389982417548771
08/15/2022 00:00:00,0.467816496182174
08/15/2022 01:00:00,0.48735397376124
08/15/2022 02:00:00,0.465392941802495
08/15/2022 03:00:00,0.481053866159079
08/15/2022 04:00:00,0.465342156215613
08/15/2022 05:00:00,0.428446915616517
08/15/2022 06:00:00,0.377398144390753
08/15/2022 07:00:00,0.390653106904276
08/15/2022 08:00:00,0.451827081387964
08/15/2022 09:00:00,0.434626244054161
08/15/2022 10:00:00,0.47001195484307
08/15/2022 11:00:00,0.460696634137277
08/15/2022 12:00:00,0.404880049461283
08/15/2022 13:00:00,0.479848129230115
08/15/2022 14:00:00,0.577056255083352
08/15/2022 15:00:00,0.538237656823735
08/15/2022 16:00:00,0.482474663903095
08/15/2022 17:00:00,0.47507628249403
08/15/2022 18:00:00,0.552812076376988
08/15/2022 19:00:00,0.509702348551312
08/15/2022 20:00:00,0.587845361516146
08/15/2022 21:00:00,0.583260066239424
08/15/2022 22:00:00,0.50059112013319
08/15/2022 23:00:00,0.517206498681516
08/16/2022 00:00:00,0.483596748337889
08/16/2022 01:00:00,0.516119661254045
08/16/2022 02:00:00,0.403034212913209
08/16/2022 03:00:00,0.41558244584795
08/16/2022 04:00:00,0.445520775845069
08/16/2022 05:00:00,0.344871656941094
08/16/2022 06:00:00,0.409690594617844
08/16/2022 07:00:00,0.602398806639546
08/16/2022 08:00:00,0.606954968667409
08/16/2022 09:00:00,0.423271881198887
08/16/2022 10:00:00,0.43264784694454
08/16/2022 11:00:00,0.399225358918569
08/16/2022 12:00:00,0.359081541978601
08/16/2022 13:00:00,0.403770108857691
08/16/2022 14:00:00,0.478099236885854
08/16/2022 15:00:00,0.451904999796872
08/16/2022 16:00:00,0.399553980123518
08/16/2022 17:00:00,0.413507206106608
08/16/2022 18:00:00,0.354827468343329
08/16/2022 19:00:00,0.358975540983175
08/16/2022 20:00:00,0.350444426715903
08/16/2022 21:00:00,0.398684517820688
08/16/2022 22:00:00,0.451896282178672
08/16/2022 23:00:00,0.418996547587733
08/17/2022 00:00:00,0.491829911701721
08/17/2022 01:00:00,0.434740044450536
08/17/2022 02:00:00,0.490663098387923
08/17/2022 03:00:00,0.433211224464047
08/17/2022 04:00:00,0.416324694755415
08/17/2022 05:00:00,0.427755039187216
08/17/2022 06:00:00,0.368515362983391
08/17/2022 07:00:00,0.513305072822507
08/17/2022 08:00:00,0.463417496677514
08/17/2022 09:00:00,0.38561250279617
08/17/2022 10:00:00,0.363245462921624
08/17/2022 11:00:00,0.341458980754583
08/17/2022 12:00:00,0.375188744283509
08/17/2022 13:00:00,0.329088178757779
08/17/2022 14:00:00,0.346450740426025
08/17/2022 15:00:00,0.386934132343862
08/17/2022 16:00:00,0.418640464161488
08/17/2022 17:00:00,0.557334472109762
08/17/2022 18:00:00,0.445148197814052
08/17/2022 19:00:00,0.424590549865929
08/17/2022 20:00:00,0.377441278105928
08/17/2022 21:00:00,0.361624561286726
08/17/2022 22:00:00,0.363228835428569
08/17/2022 23:00:00,0.412547363438984
08/18/2022 00:00:00,0.463795237523662
08/18/2022 01:00:00,0.627439110729189
08/18/2022 02:00:00,0.65395262170627
08/18/2022 03:00:00,0.3999284217025
08/18/2022 04:00:00,0.513137376764872
08/18/2022 05:00:00,0.479880285270774
08/18/2022 06:00:00,NaN
08/18/2022 07:00:00,NaN
08/18/2022 08:00:00,NaN
08/18/2022 09:00:00,NaN
08/18/2022 10:00:00,NaN
08/18/2022 11:00:00,NaN
08/18/2022 12:00:00,NaN
08/18/2022 13:00:00,NaN
08/18/2022 14:00:00,0.397995886729818
08/18/2022 15:00:00,0.368065063832564
08/18/2022 16:00:00,0.322084165512302
08/18/2022 17:00:00,0.273657298267087
08/18/2022 18:00:00,0.293548924916066
08/18/2022 19:00:00,0.286303312860571
08/18/2022 20:00:00,0.430001762034562
08/18/2022 21:00:00,0.409130077927153
08/18/2022 22:00:00,0.334336395374701
08/18/2022 23:00:00,0.334740653202566
08/19/2022 00:00:00,0.308450686861854
08/19/2022 01:00:00,0.282742699182792
08/19/2022 02:00:00,0.371482270076673
08/19/2022 03:00:00,0.353718001462482
08/19/2022 04:00:00,0.316078770097342
08/19/2022 05:00:00,0.270112807662342
08/19/2022 06:00:00,0.270138190866224
08/19/2022 07:00:00,0.236428478326929
08/19/2022 08:00:00,0.230830433504711
08/19/2022 09:00:00,0.287537069862171
08/19/2022 10:00:00,0.286593932743341
08/19/2022 11:00:00,0.28643222417968
08/19/2022 12:00:00,0.255737510205367
08/19/2022 13:00:00,0.411833810573302
08/19/2022 14:00:00,0.308184242531614
08/19/2022 15:00:00,0.307506470653407
08/19/2022 16:00:00,0.312516523423803
08/19/2022 17:00:00,0.246827240421786
08/19/2022 18:00:00,0.305696382896023
08/19/2022 19:00:00,0.241468863957194
08/19/2022 20:00:00,0.307811877930056
08/19/2022 21:00:00,0.256643247734623
08/19/2022 22:00:00,0.211998314896306
08/19/2022 23:00:00,0.197138333170154
08/20/2022 00:00:00,0.240065682539584
08/20/2022 01:00:00,0.240008636855
08/20/2022 02:00:00,0.238370519920143
08/20/2022 03:00:00,0.215633636054209
08/20/2022 04:00:00,0.229961023235074
08/20/2022 05:00:00,0.273011188784268
08/20/2022 06:00:00,0.308954453752216
08/20/2022 07:00:00,0.346459848953936
08/20/2022 08:00:00,0.30011500467265
08/20/2022 09:00:00,0.257024120387696
08/20/2022 10:00:00,0.367713213674552
08/20/2022 11:00:00,0.310197461663908
08/20/2022 12:00:00,0.377162331614021
08/20/2022 13:00:00,0.323436618000202
08/20/2022 14:00:00,0.288466340425327
08/20/2022 15:00:00,0.41244463105272
08/20/2022 16:00:00,0.346389150433834
08/20/2022 17:00:00,0.249849628598603
08/20/2022 18:00:00,0.299237433775936
08/20/2022 19:00:00,0.425076922718774
08/20/2022 20:00:00,0.227843808508633
08/20/2022 21:00:00,0.255298426798675
08/20/2022 22:00:00,0.438228610244525
08/20/2022 23:00:00,0.373465862517065
08/21/2022 00:00:00,0.38526589655438
08/21/2022 01:00:00,0.374374126122811
08/21/2022 02:00:00,0.391816628628544
08/21/2022 03:00:00,0.411690271521882
08/21/2022 04:00:00,0.370868142180747
08/21/2022 05:00:00,0.397458131297106
08/21/2022 06:00:00,0.311636889130532
08/21/2022 07:00:00,0.328445458407917
08/21/2022 08:00:00,0.341566084772871
08/21/2022 09:00:00,0.314131637287186
08/21/2022 10:00:00,0.397184002669069
08/21/2022 11:00:00,0.413048955880442
08/21/2022 12:00:00,0.459705472949133
08/21/2022 13:00:00,0.495333254717288
08/21/2022 14:00:00,0.49922316249437
08/21/2022 15:00:00,0.515579090447676
08/21/2022 16:00:00,0.525946617704668
08/21/2022 17:00:00,0.509666281654338
08/21/2022 18:00:00,0.366305345216177
08/21/2022 19:00:00,0.389725724761638
08/21/2022 20:00:00,0.411752495588758
08/21/2022 21:00:00,0.409562863947103
08/21/2022 22:00:00,0.480799936160248
08/21/2022 23:00:00,0.500136323524265
08/22/2022 00:00:00,0.50707324422797
08/22/2022 01:00:00,0.529631588235203
08/22/2022 02:00:00,0.497066816748198
08/22/2022 03:00:00,0.490042958573244
08/22/2022 04:00:00,0.460687535127877
08/22/2022 05:00:00,0.432317613428352
08/22/2022 06:00:00,0.425642091410032
08/22/2022 07:00:00,0.470045333616793
08/22/2022 08:00:00,0.448047512750422
08/22/2022 09:00:00,0.410825788695848
08/22/2022 10:00:00,0.525813099834806
08/22/2022 11:00:00,0.524696309735524
08/22/2022 12:00:00,0.364316607264673
08/22/2022 13:00:00,0.544365796548678
08/22/2022 14:00:00,0.635393407872077
08/22/2022 15:00:00,0.421527380355363
08/22/2022 16:00:00,0.453372890616301
08/22/2022 17:00:00,0.370547222938497
08/22/2022 18:00:00,0.372831059974153
08/22/2022 19:00:00,0.369278164603435
08/22/2022 20:00:00,0.349549095541989
08/22/2022 21:00:00,0.394221290115304
08/22/2022 22:00:00,0.390388221230285
08/22/2022 23:00:00,0.404192436275623
08/23/2022 00:00:00,0.387977213702164
08/23/2022 01:00:00,0.38032475844057
08/23/2022 02:00:00,0.397641090193844
08/23/2022 03:00:00,0.411551178267821
08/23/2022 04:00:00,0.439903963184466
08/23/2022 05:00:00,0.396464334467941
08/23/2022 06:00:00,0.432161207471885
08/23/2022 07:00:00,0.434719042367199
08/23/2022 08:00:00,0.451405914256874
08/23/2022 09:00:00,0.404613670883278
08/23/2022 10:00:00,0.453526214290037
08/23/2022 11:00:00,0.386338181914444
08/23/2022 12:00:00,0.410564685248037
08/23/2022 13:00:00,0.276860237434604
08/23/2022 14:00:00,0.286817921315161
08/23/2022 15:00:00,0.280856766189776
08/23/2022 16:00:00,0.323983288108625
08/23/2022 17:00:00,0.366201468178581
08/23/2022 18:00:00,0.388902510445856
08/23/2022 19:00:00,0.350331020203297
08/23/2022 20:00:00,0.376070418040109
08/23/2022 21:00:00,0.427349323037319
08/23/2022 22:00:00,0.363457434770731
08/23/2022 23:00:00,0.350254487217235
08/24/2022 00:00:00,0.292161707858536
08/24/2022 01:00:00,0.294773226757387
08/24/2022 02:00:00,0.319911380304575
08/24/2022 03:00:00,0.326906984898748
08/24/2022 04:00:00,0.334689723914167
08/24/2022 05:00:00,0.4127633833769
08/24/2022 06:00:00,0.359228943203492
08/24/2022 07:00:00,0.368056986260517
08/24/2022 08:00:00,0.38576801367977
08/24/2022 09:00:00,0.357985003389797
08/24/2022 10:00:00,0.332040091560307
08/24/2022 11:00:00,0.331843669295305
08/24/2022 12:00:00,0.384344537006814
08/24/2022 13:00:00,0.359198264355016
08/24/2022 14:00:00,0.359000881984308
08/24/2022 15:00:00,0.370676391969199
08/24/2022 16:00:00,0.403677654603221
08/24/2022 17:00:00,0.276574470314842
08/24/2022 18:00:00,0.443723133683426
08/24/2022 19:00:00,0.295066926157832
08/24/2022 20:00:00,0.243154230261838
08/24/2022 21:00:00,0.327406003575876
08/24/2022 22:00:00,0.399482950991913
08/24/2022 23:00:00,0.332120243402267
08/25/2022 00:00:00,0.261650686235967
08/25/2022 01:00:00,0.219086125300199
08/25/2022 02:00:00,0.243859081630899
08/25/2022 03:00:00,0.279294704574684
08/25/2022 04:00:00,0.277414215851722
08/25/2022 05:00:00,0.368276243554156
08/25/2022 06:00:00,0.34207250682013
08/25/2022 07:00:00,0.217194722933472
08/25/2022 08:00:00,0.186560429526529
08/25/2022 09:00:00,0.175443433305234
08/25/2022 10:00:00,0.169029714284434
08/25/2022 11:00:00,0.157253365582594
08/25/2022 12:00:00,0.153552584990372
08/25/2022 13:00:00,0.174678603179156
08/25/2022 14:00:00,0.172729103168113
08/25/2022 15:00:00,0.187449061013822
08/25/2022 16:00:00,0.209968197131663
08/25/2022 17:00:00,0.198426778533487
08/25/2022 18:00:00,0.197405254692207
08/25/2022 19:00:00,0.251377591627454
08/25/2022 20:00:00,0.241882338939883
08/25/2022 21:00:00,0.267673880249706
08/25/2022 22:00:00,0.245934545117493
08/25/2022 23:00:00,0.223246926801216
08/26/2022 00:00:00,0.242253286309121
08/26/2022 01:00:00,0.380219663663727
08/26/2022 02:00:00,0.416122635933129
08/26/2022 03:00:00,0.459796332569281
08/26/2022 04:00:00,0.400637652876046
08/26/2022 05:00:00,0.343454710882439
08/26/2022 06:00:00,0.324888873959629
08/26/2022 07:00:00,0.255546634181763
08/26/2022 08:00:00,0.270599090843315
08/26/2022 09:00:00,0.287999821151065
08/26/2022 10:00:00,0.3239840034589
08/26/2022 11:00:00,0.274359072162853
08/26/2022 12:00:00,0.259696195411531
08/26/2022 13:00:00,0.252969584613673
08/26/2022 14:00:00,0.224847472635499
08/26/2022 15:00:00,0.357601300696817
08/26/2022 16:00:00,0.323808581002528
08/26/2022 17:00:00,0.260423457435637
08/26/2022 18:00:00,0.297539250755221
08/26/2022 19:00:00,0.280822882725459
08/26/2022 20:00:00,0.304586133122315
08/26/2022 21:00:00,0.310432980620147
08/26/2022 22:00:00,0.311266881412638
08/26/2022 23:00:00,0.301799309743037
08/27/2022 00:00:00,0.314978112118739
08/27/2022 01:00:00,0.337109897452709
08/27/2022 02:00:00,0.331863249873577
08/27/2022 03:00:00,0.265751927188887
08/27/2022 04:00:00,0.374242524761285
08/27/2022 05:00:00,0.341835017727879
08/27/2022 06:00:00,0.459847882398132
08/27/2022 07:00:00,0.388059159961197
08/27/2022 08:00:00,0.426813717514244
08/27/2022 09:00:00,0.344665161948064
08/27/2022 10:00:00,0.369169923058145
08/27/2022 11:00:00,0.309633199607763
08/27/2022 12:00:00,0.292149013152151
08/27/2022 13:00:00,0.273151346706664
08/27/2022 14:00:00,0.360148525338602
08/27/2022 15:00:00,0.304485530363275
08/27/2022 16:00:00,0.303731530734569
08/27/2022 17:00:00,0.317360662808549
08/27/2022 18:00:00,0.368424783829786
08/27/2022 19:00:00,0.254330637876567
08/27/2022 20:00:00,0.262158405756072
08/27/2022 21:00:00,0.193144510119441
08/27/2022 22:00:00,0.355499936647211
08/27/2022 23:00:00,0.370890854876601
08/28/2022 00:00:00,0.363500345058261
08/28/2022 01:00:00,0.322026788827549
08/28/2022 02:00:00,0.323354257469408
08/28/2022 03:00:00,0.368644767859499
08/28/2022 04:00:00,0.411458398751003
08/28/2022 05:00:00,0.407090130098659
08/28/2022 06:00:00,0.359670422845976
08/28/2022 07:00:00,0.358463773509182
08/28/2022 08:00:00,0.440530033069892
08/28/2022 09:00:00,0.411382996359051
08/28/2022 10:00:00,0.485364879661063
08/28/2022 11:00:00,0.417113435859081
08/28/2022 12:00:00,0.429829993678965
08/28/2022 13:00:00,0.446198576781481
08/28/2022 14:00:00,0.328943612774109
08/28/2022 15:00:00,0.529209008822217
08/28/2022 16:00:00,0.334370276046778
08/28/2022 17:00:00,0.377357637618897
08/28/2022 18:00:00,0.444956677972835
08/28/2022 19:00:00,0.319815845563571
08/28/2022 20:00:00,0.380233620190664
08/28/2022 21:00:00,0.381512435009785
08/28/2022 22:00:00,0.325718225568028
08/28/2022 23:00:00,0.338065732245555
08/29/2022 00:00:00,0.378997884352249
08/29/2022 01:00:00,0.340668491182702
08/29/2022 02:00:00,0.377212375398704
08/29/2022 03:00:00,0.204061214759155
08/29/2022 04:00:00,0.270005111610324
08/29/2022 05:00:00,0.189123267874589
08/29/2022 06:00:00,0.297931604474786
08/29/2022 07:00:00,0.368569285192452
08/29/2022 08:00:00,0.416498279872354
08/29/2022 09:00:00,0.314509857623964
08/29/2022 10:00:00,0.452560819706956
08/29/2022 11:00:00,0.405188309642938
08/29/2022 12:00:00,0.325563523217389
08/29/2022 13:00:00,0.319901277745917
08/29/2022 14:00:00,0.194861714878162
08/29/2022 15:00:00,0.38229892074717
08/29/2022 16:00:00,0.248364609653574
08/29/2022 17:00:00,0.334054588334223
08/29/2022 18:00:00,0.412891938571873
08/29/2022 19:00:00,0.400395609024741
08/29/2022 20:00:00,0.406773629099349
08/29/2022 21:00:00,0.423148320820666
08/29/2022 22:00:00,0.455136945722554
08/29/2022 23:00:00,0.288572244356486
08/30/2022 00:00:00,0.375655101738131
08/30/2022 01:00:00,0.24304871312544
08/30/2022 02:00:00,0.244554326208516
08/30/2022 03:00:00,0.339688370292929
08/30/2022 04:00:00,0.268750530720332
08/30/2022 05:00:00,0.242000081593405
08/30/2022 06:00:00,0.279816603296395
08/30/2022 07:00:00,0.324262994010603
08/30/2022 08:00:00,0.296245263168164
08/30/2022 09:00:00,0.315067269210491
08/30/2022 10:00:00,0.337027039736903
08/30/2022 11:00:00,0.35747642269374
08/30/2022 12:00:00,0.29071192124927
08/30/2022 13:00:00,0.297906737663655
08/30/2022 14:00:00,0.379678712141093
08/30/2022 15:00:00,0.352345174069021
08/30/2022 16:00:00,0.427025268783934
08/30/2022 17:00:00,0.39935991932949
08/30/2022 18:00:00,0.392126599709476
08/30/2022 19:00:00,0.358869536933563
08/30/2022 20:00:00,0.279596005259542
08/30/2022 21:00:00,0.387513152465215
08/30/2022 22:00:00,0.328849990212129
08/30/2022 23:00:00,0.317447843719496
08/31/2022 00:00:00,0.255229225718045
08/31/2022 01:00:00,0.311842841100488
08/31/2022 02:00:00,0.208119152852752
08/31/2022 03:00:00,0.218385114177045
08/31/2022 04:00:00,0.248587771002542
08/31/2022 05:00:00,0.223610512221106
08/31/2022 06:00:00,0.197449475025803
08/31/2022 07:00:00,0.20558984521539
08/31/2022 08:00:00,0.184327184859126
08/31/2022 09:00:00,0.183875260238904
08/31/2022 10:00:00,0.197359679233947
08/31/2022 11:00:00,0.228255912886301
08/31/2022 12:00:00,0.221068278703267
08/31/2022 13:00:00,0.21502862494357
08/31/2022 14:00:00,0.208273250704901
08/31/2022 15:00:00,0.228320727714528
08/31/2022 16:00:00,0.24142340557392
08/31/2022 17:00:00,0.290784835310424
08/31/2022 18:00:00,0.294094790517934
08/31/2022 19:00:00,0.35476865306154
08/31/2022 20:00:00,0.351644691401531
08/31/2022 21:00:00,0.297803002983804
08/31/2022 22:00:00,0.242557931555105
08/31/2022 23:00:00,0.234076184408782
09/01/2022 00:00:00,0.235311173001504
09/01/2022 01:00:00,0.242241506899679
09/01/2022 02:00:00,0.232144991202352
09/01/2022 03:00:00,0.251451519314697
09/01/2022 04:00:00,0.22212571813815
09/01/2022 05:00:00,0.220082037008658
09/01/2022 06:00:00,0.211883770743322
09/01/2022 07:00:00,0.208443394463827
09/01/2022 08:00:00,0.188095794138877
09/01/2022 09:00:00,0.193378427669899
09/01/2022 10:00:00,0.201092898680178
09/01/2022 11:00:00,0.198335102626183
09/01/2022 12:00:00,0.207666159104761
09/01/2022 13:00:00,0.185686445133935
09/01/2022 14:00:00,0.212764160092543
09/01/2022 15:00:00,0.217821218073656
09/01/2022 16:00:00,0.229141785120631
09/01/2022 17:00:00,0.225891385295659
09/01/2022 18:00:00,0.229466252310957
09/01/2022 19:00:00,0.244426261393323
09/01/2022 20:00:00,0.243481491122122
09/01/2022 21:00:00,0.248076249716949
09/01/2022 22:00:00,0.294103042475915
09/01/2022 23:00:00,0.325440282238849
09/02/2022 00:00:00,0.306092019040812
09/02/2022 01:00:00,0.286634527763114
09/02/2022 02:00:00,0.264996802236327
09/02/2022 03:00:00,0.221218025647644
09/02/2022 04:00:00,0.196160732235251
09/02/2022 05:00:00,0.204323907710017
09/02/2022 06:00:00,0.183130490444019
09/02/2022 07:00:00,0.188673072868578
09/02/2022 08:00:00,0.187175725975319
09/02/2022 09:00:00,0.188837823260496
09/02/2022 10:00:00,0.168697864880371
09/02/2022 11:00:00,0.192044439697523
09/02/2022 12:00:00,0.203331599410977
09/02/2022 13:00:00,0.227959550435614
09/02/2022 14:00:00,0.257032733800963
09/02/2022 15:00:00,0.224678374380618
09/02/2022 16:00:00,0.240156616341307
09/02/2022 17:00:00,0.227286739322509
09/02/2022 18:00:00,0.233103768418084
09/02/2022 19:00:00,0.298958555360283
09/02/2022 20:00:00,0.234211234078962
09/02/2022 21:00:00,0.23965341360542
09/02/2022 22:00:00,0.251536186973171
09/02/2022 23:00:00,0.214096500311696
09/03/2022 00:00:00,0.223782085526869
09/03/2022 01:00:00,0.232588047049827
09/03/2022 02:00:00,0.250135706198088
09/03/2022 03:00:00,0.230882429552461
09/03/2022 04:00:00,0.231883636944016
09/03/2022 05:00:00,0.233467711888533
09/03/2022 06:00:00,0.274404723457106
09/03/2022 07:00:00,0.251530986765515
09/03/2022 08:00:00,0.246405544255345
09/03/2022 09:00:00,0.251607426728497
09/03/2022 10:00:00,0.245555577824855
09/03/2022 11:00:00,0.235720443024294
09/03/2022 12:00:00,0.234050659910072
09/03/2022 13:00:00,0.259110213135189
09/03/2022 14:00:00,0.255608915755992
09/03/2022 15:00:00,0.252000050816277
09/03/2022 16:00:00,0.244339991024461
09/03/2022 17:00:00,0.286498232009109
09/03/2022 18:00:00,0.298614189911832
09/03/2022 19:00:00,0.270476204744885
09/03/2022 20:00:00,0.23286882457236
09/03/2022 21:00:00,0.256170332942786
09/03/2022 22:00:00,0.310133766892632
09/03/2022 23:00:00,0.335291936218944
09/04/2022 00:00:00,0.29614766339684
09/04/2022 01:00:00,0.247960951844168
09/04/2022 02:00:00,0.251433983291299
09/04/2022 03:00:00,0.321817710049404
09/04/2022 04:00:00,0.267917564916522
09/04/2022 05:00:00,0.264891968154815
09/04/2022 06:00:00,0.441030956568735
09/04/2022 07:00:00,0.362417433189223
09/04/2022 08:00:00,0.351770980110863
09/04/2022 09:00:00,0.314367935555107
09/04/2022 10:00:00,0.332107553775417
09/04/2022 11:00:00,0.336435102917916
09/04/2022 12:00:00,0.319365976324397
09/04/2022 13:00:00,0.261299456328905
09/04/2022 14:00:00,0.224274877153953
09/04/2022 15:00:00,0.201537976227431
09/04/2022 16:00:00,0.257905604821301
09/04/2022 17:00:00,0.250469424362405
09/04/2022 18:00:00,0.243856686318865
09/04/2022 19:00:00,0.279398208924348
09/04/2022 20:00:00,0.298831447093504
09/04/2022 21:00:00,0.289883490790672
09/04/2022 22:00:00,0.281574803080036
09/04/2022 23:00:00,0.231263495765297
09/05/2022 00:00:00,0.221674722217531
09/05/2022 01:00:00,0.199834360657068
09/05/2022 02:00:00,0.25386661580684
09/05/2022 03:00:00,0.293658118329987
09/05/2022 04:00:00,0.275272588409484
09/05/2022 05:00:00,0.26251973625993
09/05/2022 06:00:00,0.276668861750748
09/05/2022 07:00:00,0.268160976957797
09/05/2022 08:00:00,0.283876714026786
09/05/2022 09:00:00,0.294216071842767
09/05/2022 10:00:00,0.280664353964094
09/05/2022 11:00:00,0.257011222388405
09/05/2022 12:00:00,0.250926870433857
09/05/2022 13:00:00,0.213663417338093
09/05/2022 14:00:00,0.203540433024869
09/05/2022 15:00:00,0.207670398907381
09/05/2022 16:00:00,0.248237517285068
09/05/2022 17:00:00,0.269837937653251
09/05/2022 18:00:00,0.211637563493093
09/05/2022 19:00:00,0.413320372648958
09/05/2022 20:00:00,0.536156379882242
09/05/2022 21:00:00,0.328458638836484
09/05/2022 22:00:00,0.223204849719249
09/05/2022 23:00:00,0.256825058331491
09/06/2022 00:00:00,0.293244674484231
09/06/2022 01:00:00,0.215851960861635
09/06/2022 02:00:00,0.222767187926393
09/06/2022 03:00:00,0.354316130810955
09/06/2022 04:00:00,0.457875215466886
09/06/2022 05:00:00,0.238953598429472
09/06/2022 06:00:00,0.216611525292503
09/06/2022 07:00:00,0.21646224088799
09/06/2022 08:00:00,0.199703435689821
09/06/2022 09:00:00,0.23621195501763
09/06/2022 10:00:00,0.188783341816971
09/06/2022 11:00:00,0.220633832893372
09/06/2022 12:00:00,0.18894943690395
09/06/2022 13:00:00,0.220361846292139
09/06/2022 14:00:00,0.25707830197369
09/06/2022 15:00:00,0.286074057651953
09/06/2022 16:00:00,0.262659795489307
09/06/2022 17:00:00,0.308195007410663
09/06/2022 18:00:00,0.279699960126789
09/06/2022 19:00:00,0.24897766000036
09/06/2022 20:00:00,0.247427967740521
09/06/2022 21:00:00,0.330508292628631
09/06/2022 22:00:00,0.300366145031721
09/06/2022 23:00:00,0.286812094869827
09/07/2022 00:00:00,0.311583265275724
09/07/2022 01:00:00,0.195583108446775
09/07/2022 02:00:00,0.273132124059394
09/07/2022 03:00:00,0.313662549874744
09/07/2022 04:00:00,0.264393715285859
09/07/2022 05:00:00,0.335914478899005
09/07/2022 06:00:00,0.381683370049888
09/07/2022 07:00:00,0.278888669657954
09/07/2022 08:00:00,0.276546872035529
09/07/2022 09:00:00,0.277553631258811
09/07/2022 10:00:00,0.27649344165751
09/07/2022 11:00:00,0.231900755342189
09/07/2022 12:00:00,0.200559278424513
09/07/2022 13:00:00,0.201939653793409
09/07/2022 14:00:00,0.242248439978986
09/07/2022 15:00:00,0.285036575490944
09/07/2022 16:00:00,0.224508444131015
09/07/2022 17:00:00,0.251927920681967
09/07/2022 18:00:00,0.277847534146082
09/07/2022 19:00:00,0.241798182198405
09/07/2022 20:00:00,0.240438466603491
09/07/2022 21:00:00,0.261208520856535
09/07/2022 22:00:00,0.214511235396471
09/07/2022 23:00:00,0.201790682611944
09/08/2022 00:00:00,0.170593880351878
09/08/2022 01:00:00,0.198379771582037
09/08/2022 02:00:00,0.302843308051785
09/08/2022 03:00:00,0.320149849330015
09/08/2022 04:00:00,0.296656890068203
09/08/2022 05:00:00,0.298780228589002
09/08/2022 06:00:00,0.27509101715948
09/08/2022 07:00:00,0.29460456665465
09/08/2022 08:00:00,0.236231086181692
09/08/2022 09:00:00,0.247163008487918
09/08/2022 10:00:00,0.235627271694837
09/08/2022 11:00:00,0.213648857139781
09/08/2022 12:00:00,0.186259492515644
09/08/2022 13:00:00,0.202473155028365
09/08/2022 14:00:00,0.211288522014095
09/08/2022 15:00:00,0.212466367564783
09/08/2022 16:00:00,0.232095631052812
09/08/2022 17:00:00,0.219399212755848
09/08/2022 18:00:00,0.229343589148345
09/08/2022 19:00:00,0.224628557113912
09/08/2022 20:00:00,0.229342237272894
09/08/2022 21:00:00,0.228711584891475
09/08/2022 22:00:00,0.212476527617179
09/08/2022 23:00:00,0.231874414945011
09/09/2022 00:00:00,0.221810717098077
09/09/2022 01:00:00,0.202049070421357
09/09/2022 02:00:00,0.218176115409441
09/09/2022 03:00:00,0.234153873324998
09/09/2022 04:00:00,0.238429557128761
09/09/2022 05:00:00,0.242462872263373
09/09/2022 06:00:00,0.256981839201417
09/09/2022 07:00:00,0.255813158449045
09/09/2022 08:00:00,0.258454473222866
09/09/2022 09:00:00,0.2516974754296
09/09/2022 10:00:00,0.257507679644892
09/09/2022 11:00:00,0.266232141815302
09/09/2022 12:00:00,0.276639302002858
09/09/2022 13:00:00,0.291481284556903
09/09/2022 14:00:00,0.263754435384699
09/09/2022 15:00:00,0.23160116461316
09/09/2022 16:00:00,0.246906731549155
09/09/2022 17:00:00,0.264094787520046
09/09/2022 18:00:00,0.230480519583096
09/09/2022 19:00:00,0.284358461265151
09/09/2022 20:00:00,0.272833808730002
09/09/2022 21:00:00,0.290781695288038
09/09/2022 22:00:00,0.294797697294483
09/09/2022 23:00:00,0.326791860690052
09/10/2022 00:00:00,0.331701066097593
09/10/2022 01:00:00,0.303704401055618
09/10/2022 02:00:00,0.28846087920827
09/10/2022 03:00:00,0.254716710005925
09/10/2022 04:00:00,0.256275955135526
09/10/2022 05:00:00,0.267481054392129
09/10/2022 06:00:00,0.265091955376916
09/10/2022 07:00:00,0.271395205519022
09/10/2022 08:00:00,0.274586322984525
09/10/2022 09:00:00,0.266049839175045
09/10/2022 10:00:00,0.260815486228415
09/10/2022 11:00:00,0.240574569708689
09/10/2022 12:00:00,0.267068466583242
09/10/2022 13:00:00,0.264842575252493
09/10/2022 14:00:00,0.239391271268664
09/10/2022 15:00:00,0.241578209383849
09/10/2022 16:00:00,0.228273679407582
09/10/2022 17:00:00,0.245236504230616
09/10/2022 18:00:00,0.252397824096247
09/10/2022 19:00:00,0.269245575397846
09/10/2022 20:00:00,0.260026162837384
09/10/2022 21:00:00,0.269080659196378
09/10/2022 22:00:00,0.269879724565995
09/10/2022 23:00:00,0.242276816743218
09/11/2022 00:00:00,0.221380692504629
09/11/2022 01:00:00,0.254308330327949
09/11/2022 02:00:00,0.249724348734215
09/11/2022 03:00:00,0.253618580851952
09/11/2022 04:00:00,0.310784723281935
09/11/2022 05:00:00,0.334753146054458
09/11/2022 06:00:00,0.262264689978212
09/11/2022 07:00:00,0.257549419458354
09/11/2022 08:00:00,0.252004354853529
09/11/2022 09:00:00,0.252440594912644
09/11/2022 10:00:00,0.268248685837088
09/11/2022 11:00:00,0.28201500635528
09/11/2022 12:00:00,0.295094542463142
09/11/2022 13:00:00,0.238700809474221
09/11/2022 14:00:00,0.263462469216882
09/11/2022 15:00:00,0.260296001373134
09/11/2022 16:00:00,0.251598023691289
09/11/2022 17:00:00,0.239550007981549
09/11/2022 18:00:00,0.258893084999046
09/11/2022 19:00:00,0.246312981900077
09/11/2022 20:00:00,0.245381847157479
09/11/2022 21:00:00,0.247966629180701
09/11/2022 22:00:00,0.245536668011958
09/11/2022 23:00:00,0.235626218037864
09/12/2022 00:00:00,0.231586958709577
09/12/2022 01:00:00,0.23201171985325
09/12/2022 02:00:00,0.209725869018728
09/12/2022 03:00:00,0.202219850779622
09/12/2022 04:00:00,0.231092963554204
09/12/2022 05:00:00,0.24494846457867
09/12/2022 06:00:00,0.262745167147074
09/12/2022 07:00:00,0.211662342584419
09/12/2022 08:00:00,0.196525638041792
09/12/2022 09:00:00,0.201897438399248
09/12/2022 10:00:00,0.216933670591581
09/12/2022 11:00:00,0.212185264469272
09/12/2022 12:00:00,0.210201713147433
09/12/2022 13:00:00,0.230594595430742
09/12/2022 14:00:00,0.229444374079089
09/12/2022 15:00:00,0.251000128990929
09/12/2022 16:00:00,0.212920616181178
09/12/2022 17:00:00,0.212175166296686
09/12/2022 18:00:00,0.207720524940162
09/12/2022 19:00:00,0.21468444765004
09/12/2022 20:00:00,0.20035804404512
09/12/2022 21:00:00,0.203400672074279
09/12/2022 22:00:00,0.189167619040737
09/12/2022 23:00:00,0.186385167851558
09/13/2022 00:00:00,0.19216400322051
09/13/2022 01:00:00,0.174510141060041
09/13/2022 02:00:00,0.182427924432717
09/13/2022 03:00:00,0.181538827977926
09/13/2022 04:00:00,0.170084130198479
09/13/2022 05:00:00,0.175946035642616
09/13/2022 06:00:00,0.167524443949513
09/13/2022 07:00:00,0.168012444566499
09/13/2022 08:00:00,0.175424129122275
09/13/2022 09:00:00,0.187090256462084
09/13/2022 10:00:00,0.187728552227115
09/13/2022 11:00:00,0.189960105238593
09/13/2022 12:00:00,0.216579160487724
09/13/2022 13:00:00,0.208219125143134
09/13/2022 14:00:00,0.206696525513858
09/13/2022 15:00:00,0.193048731635391
09/13/2022 16:00:00,0.204168298646271
09/13/2022 17:00:00,0.183803082054268
09/13/2022 18:00:00,0.207528146746651
09/13/2022 19:00:00,0.218355752849508
09/13/2022 20:00:00,0.231927418672521
09/13/2022 21:00:00,0.229471906150267
09/13/2022 22:00:00,0.219734367162963
09/13/2022 23:00:00,0.213977698295474
09/14/2022 00:00:00,0.201308339089789
09/14/2022 01:00:00,0.1902738711049
09/14/2022 02:00:00,0.216360596467063
09/14/2022 03:00:00,0.237581596807523
09/14/2022 04:00:00,0.240150495328507
09/14/2022 05:00:00,0.251568224345991
09/14/2022 06:00:00,0.24738028510204
09/14/2022 07:00:00,0.233236004722979
09/14/2022 08:00:00,0.20514382663541
09/14/2022 09:00:00,0.2781289144213
09/14/2022 10:00:00,0.25022380810212
09/14/2022 11:00:00,0.220125122379258
09/14/2022 12:00:00,0.209907637196151
09/14/2022 13:00:00,0.213917016925041
09/14/2022 14:00:00,0.216441503574491
09/14/2022 15:00:00,0.219549448584162
09/14/2022 16:00:00,0.220825622631546
09/14/2022 17:00:00,0.252392739660015
09/14/2022 18:00:00,0.252277228037261
09/14/2022 19:00:00,0.260451130432501
09/14/2022 20:00:00,0.250397874297953
09/14/2022 21:00:00,0.251254925600712
09/14/2022 22:00:00,0.249293384552829
09/14/2022 23:00:00,0.26319837917724
09/15/2022 00:00:00,0.230833596178783
09/15/2022 01:00:00,0.244286568079762
09/15/2022 02:00:00,0.273099691636544
09/15/2022 03:00:00,0.271339668720768
09/15/2022 04:00:00,0.23373917698461
09/15/2022 05:00:00,0.233473972799145
09/15/2022 06:00:00,0.233155335465481
09/15/2022 07:00:00,0.253298635945001
09/15/2022 08:00:00,0.234807656999956
09/15/2022 09:00:00,0.258271662425573
09/15/2022 10:00:00,0.251162150626887
09/15/2022 11:00:00,0.257407531685672
09/15/2022 12:00:00,0.237722525244954
09/15/2022 13:00:00,0.257333771718561
09/15/2022 14:00:00,0.245922732669463
09/15/2022 15:00:00,0.238201954141589
09/15/2022 16:00:00,0.235319231463638
09/15/2022 17:00:00,0.232282564565664
09/15/2022 18:00:00,0.23641904336289
09/15/2022 19:00:00,0.207554170238679
09/15/2022 20:00:00,0.213405095817169
09/15/2022 21:00:00,0.220771663181056
09/15/2022 22:00:00,0.246198952827316
09/15/2022 23:00:00,0.256692963058503
09/16/2022 00:00:00,0.248111727820504
09/16/2022 01:00:00,0.237117316937862
09/16/2022 02:00:00,0.230463245163336
09/16/2022 03:00:00,0.232055632144564
09/16/2022 04:00:00,0.247454653406035
09/16/2022 05:00:00,0.244419763596701
09/16/2022 06:00:00,0.282895002632628
09/16/2022 07:00:00,0.212643494822422
09/16/2022 08:00:00,0.261373072950319
09/16/2022 09:00:00,0.241000056423265
09/16/2022 10:00:00,0.24055399838405
09/16/2022 11:00:00,0.246742988379185
09/16/2022 12:00:00,0.218667886188169
09/16/2022 13:00:00,0.242942292460715
09/16/2022 14:00:00,0.329617640667692
09/16/2022 15:00:00,0.308764904606189
09/16/2022 16:00:00,0.292630791405878
09/16/2022 17:00:00,0.330465042095118
09/16/2022 18:00:00,0.299261140221461
09/16/2022 19:00:00,0.239756322339091
09/16/2022 20:00:00,0.199976365403886
09/16/2022 21:00:00,0.195329687133765
09/16/2022 22:00:00,0.243702114636787
09/16/2022 23:00:00,0.241738997164069
09/17/2022 00:00:00,0.280184275794923
09/17/2022 01:00:00,0.251598127621531
09/17/2022 02:00:00,0.275868057075613
09/17/2022 03:00:00,0.278454594849654
09/17/2022 04:00:00,0.278529214619349
09/17/2022 05:00:00,0.278732716065439
09/17/2022 06:00:00,0.326004332834478
09/17/2022 07:00:00,0.262171441991346
09/17/2022 08:00:00,0.27838505892572
09/17/2022 09:00:00,0.337583737877982
09/17/2022 10:00:00,0.284902095308253
09/17/2022 11:00:00,0.307591552787539
09/17/2022 12:00:00,0.276152931810791
09/17/2022 13:00:00,0.244175381902188
09/17/2022 14:00:00,0.282593893691007
09/17/2022 15:00:00,0.308701400273996
09/17/2022 16:00:00,0.24236526535591
09/17/2022 17:00:00,0.32027012607549
09/17/2022 18:00:00,0.293741472617617
09/17/2022 19:00:00,0.268133995694658
09/17/2022 20:00:00,0.275848420639582
09/17/2022 21:00:00,0.311133378827594
09/17/2022 22:00:00,0.288286237692034
09/17/2022 23:00:00,0.274617595417513
09/18/2022 00:00:00,0.266098210279767
09/18/2022 01:00:00,0.251400133783973
09/18/2022 02:00:00,0.233150045555212
09/18/2022 03:00:00,0.247487876094604
09/18/2022 04:00:00,0.260532876104753
09/18/2022 05:00:00,0.282740591609449
09/18/2022 06:00:00,0.275401641228262
09/18/2022 07:00:00,0.310841588394025
09/18/2022 08:00:00,0.297396967935555
09/18/2022 09:00:00,0.254190273980161
09/18/2022 10:00:00,0.272915531412519
09/18/2022 11:00:00,0.281463667143758
09/18/2022 12:00:00,0.286821259895526
09/18/2022 13:00:00,0.218839957561934
09/18/2022 14:00:00,0.22455212048974
09/18/2022 15:00:00,0.19983025755021
09/18/2022 16:00:00,0.30788831054622
09/18/2022 17:00:00,0.371483262390793
09/18/2022 18:00:00,0.521620158820565
09/18/2022 19:00:00,0.444890042765159
09/18/2022 20:00:00,0.333377518323647
09/18/2022 21:00:00,0.309129693990168
09/18/2022 22:00:00,0.35497845800136
09/18/2022 23:00:00,0.345595063645753
09/19/2022 00:00:00,0.291240990131871
09/19/2022 01:00:00,0.266899348925852
09/19/2022 02:00:00,0.349735054136875
09/19/2022 03:00:00,0.321516508504825
09/19/2022 04:00:00,0.359501794555711
09/19/2022 05:00:00,0.36085810387484
09/19/2022 06:00:00,0.318229963169914
09/19/2022 07:00:00,0.344486671250777
09/19/2022 08:00:00,0.343928581517303
09/19/2022 09:00:00,0.275013926150436
09/19/2022 10:00:00,0.349898604141092
09/19/2022 11:00:00,0.262067036504849
09/19/2022 12:00:00,0.273144592533504
09/19/2022 13:00:00,0.259163775067084
09/19/2022 14:00:00,0.212574582268559
09/19/2022 15:00:00,0.269069757505342
09/19/2022 16:00:00,0.315902812022461
09/19/2022 17:00:00,0.300103825852345
09/19/2022 18:00:00,0.36820311463049
09/19/2022 19:00:00,0.327769297100155
09/19/2022 20:00:00,0.375036992818919
09/19/2022 21:00:00,0.398761490717776
09/19/2022 22:00:00,0.411898833970677
09/19/2022 23:00:00,0.368254398495845
09/20/2022 00:00:00,0.383977112945608
09/20/2022 01:00:00,0.26963817037427
09/20/2022 02:00:00,0.406024076091164
09/20/2022 03:00:00,0.340970987355737
09/20/2022 04:00:00,0.332024376727024
09/20/2022 05:00:00,0.370889435378572
09/20/2022 06:00:00,0.283773964756234
09/20/2022 07:00:00,0.344514017798121
09/20/2022 08:00:00,0.257974032872529
09/20/2022 09:00:00,0.320519583560787
09/20/2022 10:00:00,0.323454369772989
09/20/2022 11:00:00,0.367849963945357
09/20/2022 12:00:00,0.290061856771398
09/20/2022 13:00:00,0.217102576591367
09/20/2022 14:00:00,0.245294201631364
09/20/2022 15:00:00,0.243535752704751
09/20/2022 16:00:00,0.266929963381811
09/20/2022 17:00:00,0.237569668443031
09/20/2022 18:00:00,0.252690733551848
09/20/2022 19:00:00,0.282934745526389
09/20/2022 20:00:00,0.306042557701243
09/20/2022 21:00:00,0.291720089268616
09/20/2022 22:00:00,0.258642117102448
09/20/2022 23:00:00,0.270159142090458
09/21/2022 00:00:00,0.282008343719243
09/21/2022 01:00:00,0.302002334630716
09/21/2022 02:00:00,0.303423081161514
09/21/2022 03:00:00,0.265313572928096
09/21/2022 04:00:00,0.271503256835943
09/21/2022 05:00:00,0.277590296896705
09/21/2022 06:00:00,0.242329808419804
09/21/2022 07:00:00,0.236073792249804
09/21/2022 08:00:00,0.273954821631392
09/21/2022 09:00:00,0.277162584435663
09/21/2022 10:00:00,0.263866062108723
09/21/2022 11:00:00,0.29480550986726
09/21/2022 12:00:00,0.253395182254305
09/21/2022 13:00:00,0.23151428425756
09/21/2022 14:00:00,0.234148160636887
09/21/2022 15:00:00,0.291438428413574
09/21/2022 16:00:00,0.26290676507722
09/21/2022 17:00:00,0.26417736373273
09/21/2022 18:00:00,0.268043315707361
09/21/2022 19:00:00,0.290134577139326
09/21/2022 20:00:00,0.279979892732061
09/21/2022 21:00:00,0.284222264846822
09/21/2022 22:00:00,0.293206862666729
09/21/2022 23:00:00,0.297455161520307
09/22/2022 00:00:00,0.296235795830124
09/22/2022 01:00:00,0.307851502131452
09/22/2022 02:00:00,0.273187478293637
09/22/2022 03:00:00,0.264504408450232
09/22/2022 04:00:00,0.245243039829268
09/22/2022 05:00:00,0.254207778973289
09/22/2022 06:00:00,0.230898978278724
09/22/2022 07:00:00,0.246557089755428
09/22/2022 08:00:00,0.239124792353514
09/22/2022 09:00:00,0.264603083442588
09/22/2022 10:00:00,0.236173399861144
09/22/2022 11:00:00,0.245589419087897
09/22/2022 12:00:00,0.317929175710249
09/22/2022 13:00:00,0.353380587613427
09/22/2022 14:00:00,0.280855013603913
09/22/2022 15:00:00,0.246086596276424
09/22/2022 16:00:00,0.275244894830399
09/22/2022 17:00:00,0.255673591750479
09/22/2022 18:00:00,0.261720408555122
09/22/2022 19:00:00,0.244768221448451
09/22/2022 20:00:00,0.221871579476466
09/22/2022 21:00:00,0.226403758197196
09/22/2022 22:00:00,0.228257431152292
09/22/2022 23:00:00,0.214968369591981
09/23/2022 00:00:00,0.20242766586677
09/23/2022 01:00:00,0.209202912685945
09/23/2022 02:00:00,0.265731717836435
09/23/2022 03:00:00,0.244725246017766
09/23/2022 04:00:00,0.238821755036753
09/23/2022 05:00:00,0.25135199566231
09/23/2022 06:00:00,0.237843447289156
09/23/2022 07:00:00,0.247309834422879
09/23/2022 08:00:00,0.256025059832507
09/23/2022 09:00:00,0.25883671458166
09/23/2022 10:00:00,0.261246052332342
09/23/2022 11:00:00,0.257920217816661
09/23/2022 12:00:00,0.247566726751635
09/23/2022 13:00:00,0.215972047907738
09/23/2022 14:00:00,0.209820683756766
09/23/2022 15:00:00,0.216202402788078
09/23/2022 16:00:00,0.263266493612211
09/23/2022 17:00:00,0.207307234836961
09/23/2022 18:00:00,0.208457919660036
09/23/2022 19:00:00,0.20231531701624
09/23/2022 20:00:00,0.208364044364531
09/23/2022 21:00:00,0.230144265440108
09/23/2022 22:00:00,0.219099585649555
09/23/2022 23:00:00,0.245884312479145
09/24/2022 00:00:00,0.249565741608633
09/24/2022 01:00:00,0.244334604013966
09/24/2022 02:00:00,0.241500670434948
09/24/2022 03:00:00,0.23608292756223
09/24/2022 04:00:00,0.248581942441132
09/24/2022 05:00:00,0.264782089157186
09/24/2022 06:00:00,0.249453555790092
09/24/2022 07:00:00,0.22396545870531
09/24/2022 08:00:00,0.242069420504969
09/24/2022 09:00:00,0.252171361042292
09/24/2022 10:00:00,0.277386472262895
09/24/2022 11:00:00,0.292909797925219
09/24/2022 12:00:00,0.288766616451577
09/24/2022 13:00:00,0.257037137298308
09/24/2022 14:00:00,0.228619412910479
09/24/2022 15:00:00,0.231862317760177
09/24/2022 16:00:00,0.256879420918524
09/24/2022 17:00:00,0.229144409692261
09/24/2022 18:00:00,0.222739725418164
09/24/2022 19:00:00,0.225699212525958
09/24/2022 20:00:00,0.229895505623907
09/24/2022 21:00:00,0.231952347648639
09/24/2022 22:00:00,0.23760236504846
09/24/2022 23:00:00,0.213134082701448
09/25/2022 00:00:00,0.231397618548352
09/25/2022 01:00:00,0.226339276191229
09/25/2022 02:00:00,0.248358049923168
09/25/2022 03:00:00,0.23837729570785
09/25/2022 04:00:00,0.265185318426801
09/25/2022 05:00:00,0.274904237890126
09/25/2022 06:00:00,0.275136810352645
09/25/2022 07:00:00,0.241110756589373
09/25/2022 08:00:00,0.246544657367593
09/25/2022 09:00:00,0.282916950464446
09/25/2022 10:00:00,0.267988075642664
09/25/2022 11:00:00,0.283715528065719
09/25/2022 12:00:00,0.280965667983153
09/25/2022 13:00:00,0.288250768075187
09/25/2022 14:00:00,0.284547223866021
09/25/2022 15:00:00,0.290226165443626
09/25/2022 16:00:00,0.317890971363709
09/25/2022 17:00:00,0.307169711177954
09/25/2022 18:00:00,0.268108125927781
09/25/2022 19:00:00,0.245678601205426
09/25/2022 20:00:00,0.255983341404107
09/25/2022 21:00:00,0.235261227416365
09/25/2022 22:00:00,0.248898351962453
09/25/2022 23:00:00,0.227810320954646
09/26/2022 00:00:00,0.255759445033002
09/26/2022 01:00:00,0.266426225703391
09/26/2022 02:00:00,0.254728154482613
09/26/2022 03:00:00,0.223381934261408
09/26/2022 04:00:00,0.211467405865212
09/26/2022 05:00:00,0.254740895178555
09/26/2022 06:00:00,0.245261031856614
09/26/2022 07:00:00,0.284793522807666
09/26/2022 08:00:00,0.238738152159385
09/26/2022 09:00:00,0.271771506433438
09/26/2022 10:00:00,0.293492045596004
09/26/2022 11:00:00,0.21447623535903
09/26/2022 12:00:00,0.241696044497284
09/26/2022 13:00:00,0.255630810754807
09/26/2022 14:00:00,0.257974338050489
09/26/2022 15:00:00,0.21801713497406
09/26/2022 16:00:00,0.215179737177452
09/26/2022 17:00:00,0.204062775182525
09/26/2022 18:00:00,0.184497905756713
09/26/2022 19:00:00,0.177535931001997
09/26/2022 20:00:00,0.168159255268473
09/26/2022 21:00:00,0.193187717163327
09/26/2022 22:00:00,0.199455819527516
09/26/2022 23:00:00,0.180896644514163
09/27/2022 00:00:00,0.199718535075277
09/27/2022 01:00:00,0.192390822977208
09/27/2022 02:00:00,0.207936882982296
09/27/2022 03:00:00,0.202354743294132
09/27/2022 04:00:00,0.186123273152143
09/27/2022 05:00:00,0.198124609902882
09/27/2022 06:00:00,0.225448889003772
09/27/2022 07:00:00,0.161652764483793
09/27/2022 08:00:00,0.192895313947732
09/27/2022 09:00:00,0.176451086026641
09/27/2022 10:00:00,0.182644106434737
09/27/2022 11:00:00,0.180840815527807
09/27/2022 12:00:00,0.184965792504475
09/27/2022 13:00:00,0.18469065525923
09/27/2022 14:00:00,0.162237276492545
09/27/2022 15:00:00,0.16429136917387
09/27/2022 16:00:00,NaN
09/27/2022 17:00:00,NaN
09/27/2022 18:00:00,NaN
09/27/2022 19:00:00,NaN
09/27/2022 20:00:00,NaN
09/27/2022 21:00:00,NaN
09/27/2022 22:00:00,NaN
09/27/2022 23:00:00,0.198649386718116
09/28/2022 00:00:00,0.180881810407121
09/28/2022 01:00:00,0.16049134662848
09/28/2022 02:00:00,0.214118458043531
09/28/2022 03:00:00,0.18465354227748
09/28/2022 04:00:00,0.165819562581592
09/28/2022 05:00:00,0.165091803596763
09/28/2022 06:00:00,0.179411696668527
09/28/2022 07:00:00,0.185434460818266
09/28/2022 08:00:00,0.169922301157337
09/28/2022 09:00:00,0.182790833636106
09/28/2022 10:00:00,0.198815548056835
09/28/2022 11:00:00,0.201309810587349
09/28/2022 12:00:00,0.181907365006059
09/28/2022 13:00:00,0.184975656855433
09/28/2022 14:00:00,0.20763175796681
09/28/2022 15:00:00,0.182938729108716
09/28/2022 16:00:00,0.246050328250054
09/28/2022 17:00:00,0.265084337678873
09/28/2022 18:00:00,0.242050232392079
09/28/2022 19:00:00,0.23113118039164
09/28/2022 20:00:00,0.208505301826579
09/28/2022 21:00:00,0.216742336848593
09/28/2022 22:00:00,0.183006392239978
09/28/2022 23:00:00,0.171932456223308
09/29/2022 00:00:00,0.177519930402853
09/29/2022 01:00:00,0.163796065439465
09/29/2022 02:00:00,0.168646580989605
09/29/2022 03:00:00,0.168164509109376
09/29/2022 04:00:00,0.160462905707934
09/29/2022 05:00:00,0.161957654897759
09/29/2022 06:00:00,0.180633022406606
09/29/2022 07:00:00,0.177913320122078
09/29/2022 08:00:00,0.193944278773434
09/29/2022 09:00:00,0.193174596830164
09/29/2022 10:00:00,0.188587089385291
09/29/2022 11:00:00,0.189591543686638
09/29/2022 12:00:00,0.190537433291418
09/29/2022 13:00:00,0.197167240957481
09/29/2022 14:00:00,0.179479997887934
09/29/2022 15:00:00,0.17124126649441
09/29/2022 16:00:00,0.224643929721406
09/29/2022 17:00:00,0.199504571853575
09/29/2022 18:00:00,0.201495606236704
09/29/2022 19:00:00,0.187361783253984
09/29/2022 20:00:00,0.193663028287514
09/29/2022 21:00:00,0.174041906522422
09/29/2022 22:00:00,0.168152682787367
09/29/2022 23:00:00,0.193411520409488
09/30/2022 00:00:00,0.197487014141759
09/30/2022 01:00:00,0.187595002525839
09/30/2022 02:00:00,0.191484311484674
09/30/2022 03:00:00,0.180681697173698
09/30/2022 04:00:00,0.183602743281934
09/30/2022 05:00:00,0.182368368619844
09/30/2022 06:00:00,0.200700605360689
09/30/2022 07:00:00,0.18276843912837
09/30/2022 08:00:00,0.200492083997144
09/30/2022 09:00:00,0.192294214345763
09/30/2022 10:00:00,0.187979352905102
09/30/2022 11:00:00,0.208211597890473
09/30/2022 12:00:00,0.19205622250162
09/30/2022 13:00:00,0.178104598236269
09/30/2022 14:00:00,0.185617829359692
09/30/2022 15:00:00,0.204741861223609
09/30/2022 16:00:00,0.205486591085506
09/30/2022 17:00:00,0.238033383726325
09/30/2022 18:00:00,0.205880549138801
09/30/2022 19:00:00,0.180576115604034
09/30/2022 20:00:00,0.17814399530242
09/30/2022 21:00:00,0.164323445948524
09/30/2022 22:00:00,0.192707507096782
09/30/2022 23:00:00,0.175516268626509
10/01/2022 00:00:00,0.160392293319449
10/01/2022 01:00:00,0.192855793522769
10/01/2022 02:00:00,0.220568969177578
10/01/2022 03:00:00,NaN
10/01/2022 04:00:00,NaN
10/01/2022 05:00:00,NaN
10/01/2022 06:00:00,NaN
10/01/2022 07:00:00,NaN
10/01/2022 08:00:00,NaN
10/01/2022 09:00:00,NaN
10/01/2022 10:00:00,NaN
10/01/2022 11:00:00,NaN
10/01/2022 12:00:00,NaN
10/01/2022 13:00:00,NaN
10/01/2022 14:00:00,NaN
10/01/2022 15:00:00,NaN
10/01/2022 16:00:00,NaN
10/01/2022 17:00:00,NaN
10/01/2022 18:00:00,NaN
10/01/2022 19:00:00,NaN
10/01/2022 20:00:00,NaN
10/01/2022 21:00:00,NaN
10/01/2022 22:00:00,NaN
10/01/2022 23:00:00,NaN
10/02/2022 00:00:00,NaN
10/02/2022 01:00:00,NaN
10/02/2022 02:00:00,NaN
10/02/2022 03:00:00,NaN
10/02/2022 04:00:00,NaN
10/02/2022 05:00:00,NaN
10/02/2022 06:00:00,NaN
10/02/2022 07:00:00,NaN
10/02/2022 08:00:00,NaN
10/02/2022 09:00:00,NaN
10/02/2022 10:00:00,NaN
10/02/2022 11:00:00,NaN
10/02/2022 12:00:00,NaN
10/02/2022 13:00:00,NaN
10/02/2022 14:00:00,NaN
10/02/2022 15:00:00,NaN
10/02/2022 16:00:00,NaN
10/02/2022 17:00:00,NaN
10/02/2022 18:00:00,NaN
10/02/2022 19:00:00,NaN
10/02/2022 20:00:00,NaN
10/02/2022 21:00:00,NaN
