SPOT TIME VALUES FOR SOUNDING "TRACER_20_2"
===========================================

Station Name             : MOBILE
.       WMO Number       : /////
.       ICAO Number      : TAMU
.       Mobile Call Sign : /////
.       Latitude         : 30.08829°N
.       Longitude        : 095.99365°W
.       Altitude (MSL)   : 75m

Sonde   Type             : iMet-4
.       Serial Number    : 56624

Surface Pressure         : 1003.40hPa
.       Temperature      : +32.8°C
.       Humidity         : 57%
.       Wind Speed       : 1.2kts
.       Wind Direction   : 234.0°
.       Cloud Code       : /////

Launched (UTC)           : 8/26/2022 9:34:24 PM

--------------------------------------------------------------------------------

        FltTime          Press           Temp         RelHum         WSpeed          WDirn        GPM_AGL        Alt_AGL        Alt_MSL         Long/E          Lat/N          North           East          VTemp             DP           Dens             VP         WNorth          WEast        GrndRng        Mix_Rat        GPM_MSL       UTC_Date       UTC_Time        FltTime        FltTime    Frost_Point
              s            hPa             °C              %            m/s              °              m              m              m                                           km             km             °C             °C           g/m³            hPa            m/s            m/s             km           g/kg              m                      hr:min:s       hr:min:s          min s             °C
---------------------------------------------------------------------------------------------------------------------------------------------------------------------------------------------------------------------------------------------------------------------------------------------------------------------------------------------------------------------------------------------------------------------
            0.0        1003.40         +32.80          57.00            0.6            234            0.0            0.0           75.0     -095.99364      +30.08821         -0.009          0.001         +36.11          +23.2         1130.4          28.38            0.4            0.5          0.009           18.1           75.0      8/26/2022     9:34:24 PM       00:00:00           0  0          +20.0
            5.0         999.65         +32.44          49.15            4.3            142           33.8           33.9          108.9     -095.99377      +30.08826         -0.004         -0.011         +35.24          +20.4         1129.3          23.98            3.4           -2.7          0.012           15.3          108.8      8/26/2022     9:34:29 PM       00:00:05           0  5          +17.7
           10.0         996.32         +32.15          49.77            4.4            141           63.9           64.0          139.0     -095.99391      +30.08837          0.009         -0.025         +34.95          +20.3         1126.6          23.89            3.4           -2.8          0.027           15.3          138.9      8/26/2022     9:34:34 PM       00:00:10           0 10          +17.6
           15.0         993.16         +31.91          49.97            4.3            140           92.6           92.7          167.7     -095.99405      +30.08855          0.028         -0.039         +34.68          +20.2         1124.0          23.67            3.3           -2.7          0.048           15.2          167.6      8/26/2022     9:34:39 PM       00:00:15           0 15          +17.5
           20.0         990.07         +31.49          50.87            4.2            139          120.6          120.8          195.8     -095.99419      +30.08877          0.054         -0.052         +34.25          +20.1         1122.1          23.53            3.2           -2.8          0.075           15.1          195.6      8/26/2022     9:34:44 PM       00:00:20           0 20          +17.4
           25.0         987.16         +31.06          51.40            4.3            141          147.1          147.3          222.3     -095.99433      +30.08897          0.076         -0.066         +33.79          +19.9         1120.5          23.20            3.4           -2.7          0.101           15.0          222.1      8/26/2022     9:34:49 PM       00:00:25           0 25          +17.2
           30.0         984.32         +30.81          52.23            4.2            141          173.0          173.2          248.2     -095.99450      +30.08912          0.092         -0.082         +33.55          +19.9         1118.1          23.23            3.3           -2.7          0.123           15.0          248.0      8/26/2022     9:34:54 PM       00:00:30           0 30          +17.3
           35.0         981.51         +30.54          53.12            4.0            139          198.6          198.9          273.9     -095.99463      +30.08923          0.105         -0.095         +33.29          +19.9         1115.9          23.27            3.0           -2.6          0.141           15.1          273.6      8/26/2022     9:34:59 PM       00:00:35           0 35          +17.3
           40.0         978.69         +30.31          53.63            3.7            135          224.4          224.7          299.7     -095.99479      +30.08935          0.118         -0.110         +33.05          +19.9         1113.5          23.18            2.6           -2.6          0.161           15.1          299.4      8/26/2022     9:35:04 PM       00:00:40           0 40          +17.2
           45.0         975.90         +30.05          54.26            3.4            132          250.0          250.3          325.3     -095.99490      +30.08947          0.131         -0.120         +32.79          +19.8         1111.3          23.11            2.3           -2.5          0.178           15.1          325.0      8/26/2022     9:35:09 PM       00:00:45           0 45          +17.2
           50.0         973.11         +29.79          54.77            3.2            132          275.7          276.0          351.0     -095.99503      +30.08955          0.140         -0.133         +32.52          +19.7         1109.1          22.98            2.1           -2.4          0.194           15.0          350.7      8/26/2022     9:35:14 PM       00:00:50           0 50          +17.1
           55.0         970.30         +29.56          55.46            3.1            133          301.4          301.9          376.9     -095.99513      +30.08962          0.148         -0.143         +32.29          +19.7         1106.7          22.96            2.1           -2.3          0.206           15.1          376.4      8/26/2022     9:35:19 PM       00:00:55           0 55          +17.1
           60.0         967.46         +29.30          56.36            3.1            135          327.7          328.1          403.1     -095.99526      +30.08970          0.157         -0.155         +32.04          +19.7         1104.4          22.99            2.2           -2.2          0.221           15.1          402.7      8/26/2022     9:35:24 PM       00:01:00           1  0          +17.1
           65.0         964.58         +29.09          56.74            3.1            135          354.3          354.8          429.8     -095.99538      +30.08980          0.168         -0.167         +31.82          +19.6         1101.9          22.87            2.2           -2.2          0.237           15.1          429.3      8/26/2022     9:35:29 PM       00:01:05           1  5          +17.0
           70.0         961.65         +28.80          57.58            3.1            136          381.4          382.0          457.0     -095.99548      +30.08989          0.178         -0.177         +31.53          +19.6         1099.6          22.82            2.2           -2.1          0.250           15.1          456.4      8/26/2022     9:35:34 PM       00:01:10           1 10          +17.0
           75.0         958.67         +28.51          58.19            3.0            137          409.1          409.7          484.7     -095.99558      +30.09000          0.191         -0.186         +31.23          +19.5         1097.3          22.67            2.2           -2.1          0.266           15.1          484.1      8/26/2022     9:35:39 PM       00:01:15           1 15          +16.9
           80.0         955.73         +28.30          58.49            3.0            137          436.5          437.1          512.1     -095.99569      +30.09013          0.205         -0.197         +31.00          +19.4         1094.7          22.51            2.2           -2.0          0.284           15.0          511.5      8/26/2022     9:35:44 PM       00:01:20           1 20          +16.8
           85.0         952.82         +28.03          59.33            3.0            136          463.6          464.3          539.3     -095.99581      +30.09025          0.218         -0.208         +30.74          +19.4         1092.3          22.48            2.1           -2.1          0.301           15.0          538.6      8/26/2022     9:35:49 PM       00:01:25           1 25          +16.8
           90.0         949.99         +27.77          60.16            3.1            135          490.0          490.7          565.7     -095.99592      +30.09034          0.228         -0.218         +30.49          +19.3         1090.0          22.46            2.2           -2.2          0.316           15.1          565.0      8/26/2022     9:35:54 PM       00:01:30           1 30          +16.8
           95.0         947.21         +27.48          61.11            3.1            135          516.1          516.9          591.9     -095.99599      +30.09042          0.237         -0.225         +30.20          +19.3         1087.8          22.43            2.2           -2.2          0.327           15.1          591.1      8/26/2022     9:35:59 PM       00:01:35           1 35          +16.8
          100.0         944.53         +27.28          61.74            3.0            134          541.2          542.0          617.0     -095.99610      +30.09048          0.243         -0.236         +30.00          +19.3         1085.5          22.40            2.1           -2.1          0.339           15.1          616.2      8/26/2022     9:36:04 PM       00:01:40           1 40          +16.7
          105.0         941.89         +27.05          62.48            3.1            135          566.0          566.8          641.8     -095.99625      +30.09057          0.254         -0.250         +29.77          +19.3         1083.2          22.36            2.2           -2.2          0.357           15.1          641.0      8/26/2022     9:36:09 PM       00:01:45           1 45          +16.7
          110.0         939.24         +26.83          63.19            3.2            138          591.0          591.9          666.9     -095.99638      +30.09067          0.264         -0.263         +29.55          +19.2         1081.0          22.32            2.4           -2.1          0.373           15.1          666.0      8/26/2022     9:36:14 PM       00:01:50           1 50          +16.7
          115.0         936.46         +26.60          63.52            3.4            140          617.3          618.2          693.2     -095.99649      +30.09078          0.277         -0.273         +29.31          +19.1         1078.7          22.14            2.6           -2.2          0.389           15.1          692.3      8/26/2022     9:36:19 PM       00:01:55           1 55          +16.6
          120.0         933.64         +26.37          64.04            3.4            141          643.9          644.9          719.9     -095.99658      +30.09089          0.289         -0.283         +29.07          +19.0         1076.3          22.02            2.7           -2.1          0.404           15.0          718.9      8/26/2022     9:36:24 PM       00:02:00           2  0          +16.5
          125.0         930.64         +26.04          65.24            3.4            142          672.4          673.4          748.4     -095.99671      +30.09104          0.306         -0.295         +28.74          +19.0         1074.0          22.00            2.7           -2.1          0.425           15.1          747.4      8/26/2022     9:36:29 PM       00:02:05           2  5          +16.5
          130.0         927.50         +25.77          65.95            3.4            143          702.3          703.3          778.3     -095.99681      +30.09120          0.324         -0.304         +28.46          +18.9         1071.3          21.88            2.7           -2.0          0.444           15.0          777.3      8/26/2022     9:36:34 PM       00:02:10           2 10          +16.4
          135.0         924.27         +25.51          66.50            3.4            142          733.0          734.1          809.1     -095.99690      +30.09135          0.341         -0.313         +28.19          +18.8         1068.6          21.73            2.7           -2.1          0.462           15.0          808.0      8/26/2022     9:36:39 PM       00:02:15           2 15          +16.3
          140.0         921.12         +25.17          68.48            3.3            140          763.1          764.3          839.3     -095.99698      +30.09144          0.351         -0.321         +27.88          +19.0         1066.0          21.93            2.6           -2.2          0.475           15.2          838.1      8/26/2022     9:36:44 PM       00:02:20           2 20          +16.5
          145.0         917.91         +24.85          69.91            3.1            139          793.8          795.0          870.0     -095.99712      +30.09155          0.363         -0.334         +27.57          +19.0         1063.4          21.96            2.4           -2.1          0.493           15.2          868.8      8/26/2022     9:36:49 PM       00:02:25           2 25          +16.5
          150.0         914.78         +24.60          69.40            3.0            134          823.9          825.2          900.2     -095.99723      +30.09164          0.373         -0.345         +27.26          +18.6         1060.8          21.48            2.1           -2.2          0.508           15.0          898.9      8/26/2022     9:36:54 PM       00:02:30           2 30          +16.2
          155.0         911.69         +24.31          70.93            3.0            129          853.6          854.9          929.9     -095.99735      +30.09174          0.384         -0.357         +26.99          +18.7         1058.2          21.57            1.9           -2.3          0.524           15.1          928.6      8/26/2022     9:36:59 PM       00:02:35           2 35          +16.2
          160.0         908.73         +24.01          72.20            3.2            125          882.2          883.5          958.5     -095.99748      +30.09181          0.391         -0.369         +26.70          +18.7         1055.8          21.57            1.8           -2.6          0.537           15.1          957.2      8/26/2022     9:37:04 PM       00:02:40           2 40          +16.2
          165.0         905.78         +23.70          73.53            3.2            122          910.8          912.2          987.2     -095.99758      +30.09188          0.400         -0.378         +26.39          +18.7         1053.5          21.56            1.7           -2.8          0.550           15.2          985.8      8/26/2022     9:37:09 PM       00:02:45           2 45          +16.2
          170.0         902.91         +23.41          74.96            3.3            117          938.5          939.9         1014.9     -095.99771      +30.09196          0.408         -0.391         +26.11          +18.7         1051.1          21.59            1.5           -2.9          0.565           15.2         1013.5      8/26/2022     9:37:14 PM       00:02:50           2 50          +16.2
          175.0         900.17         +23.16          75.46            3.2            114          965.2          966.6         1041.6     -095.99785      +30.09204          0.417         -0.405         +25.84          +18.6         1048.9          21.41            1.3           -2.9          0.581           15.2         1040.2      8/26/2022     9:37:19 PM       00:02:55           2 55          +16.1
          180.0         897.45         +22.97          75.88            3.1            109          991.6          993.1         1068.1     -095.99806      +30.09210          0.424         -0.424         +25.66          +18.5         1046.4          21.30            1.0           -2.9          0.600           15.1         1066.6      8/26/2022     9:37:24 PM       00:03:00           3  0          +16.1
          185.0         894.77         +22.76          76.52            3.3            103         1017.8         1019.3         1094.3     -095.99826      +30.09217          0.431         -0.444         +25.44          +18.4         1044.0          21.21            0.7           -3.2          0.619           15.1         1092.8      8/26/2022     9:37:29 PM       00:03:05           3  5          +16.0
          190.0         892.08         +22.58          75.41            3.2             98         1044.1         1045.7         1120.7     -095.99844      +30.09218          0.433         -0.462         +25.20          +18.0         1041.7          20.67            0.4           -3.1          0.633           14.8         1119.1      8/26/2022     9:37:34 PM       00:03:10           3 10          +15.7
          195.0         889.34         +22.40          74.96            3.0             95         1071.0         1072.6         1147.6     -095.99858      +30.09221          0.436         -0.474         +24.98          +17.7         1039.3          20.32            0.3           -3.0          0.644           14.5         1146.0      8/26/2022     9:37:39 PM       00:03:15           3 15          +15.4
          200.0         886.48         +22.27          73.55            2.7             93         1099.1         1100.7         1175.7     -095.99870      +30.09218          0.432         -0.486         +24.79          +17.3         1036.6          19.78            0.1           -2.7          0.651           14.2         1174.1      8/26/2022     9:37:44 PM       00:03:20           3 20          +15.1
          205.0         883.62         +21.85          76.64            2.3             91         1127.3         1129.0         1204.0     -095.99890      +30.09215          0.429         -0.506         +24.41          +17.6         1034.5          20.09            0.0           -2.3          0.663           14.5         1202.3      8/26/2022     9:37:49 PM       00:03:25           3 25          +15.3
          210.0         880.70         +21.65          75.76            2.1             91         1156.1         1157.9         1232.9     -095.99901      +30.09211          0.425         -0.516         +24.15          +17.2         1032.0          19.62            0.0           -2.1          0.669           14.2         1231.1      8/26/2022     9:37:54 PM       00:03:30           3 30          +14.9
          215.0         877.74         +21.51          75.29            2.0             91         1185.3         1187.2         1262.2     -095.99909      +30.09214          0.428         -0.524         +23.98          +17.0         1029.1          19.33            0.0           -2.0          0.677           14.0         1260.3      8/26/2022     9:37:59 PM       00:03:35           3 35          +14.7
          220.0         874.80         +21.17          75.76            2.0             94         1214.5         1216.4         1291.4     -095.99916      +30.09215          0.430         -0.531         +23.61          +16.7         1027.0          19.05            0.1           -2.0          0.683           13.8         1289.5      8/26/2022     9:38:04 PM       00:03:40           3 40          +14.5
          225.0         871.90         +21.03          73.13            1.8             95         1243.3         1245.3         1320.3     -095.99924      +30.09218          0.433         -0.538         +23.37          +16.0         1024.4          18.23            0.2           -1.8          0.691           13.3         1318.3      8/26/2022     9:38:09 PM       00:03:45           3 45          +14.0
          230.0         868.95         +20.92          72.28            1.8             94         1272.7         1274.7         1349.7     -095.99933      +30.09220          0.434         -0.547         +23.23          +15.7         1021.4          17.90            0.1           -1.8          0.699           13.1         1347.7      8/26/2022     9:38:14 PM       00:03:50           3 50          +13.7
          235.0         866.01         +20.65          73.61            1.8             86         1302.1         1304.1         1379.1     -095.99940      +30.09222          0.438         -0.554         +22.97          +15.8         1018.9          17.92           -0.1           -1.8          0.706           13.1         1377.1      8/26/2022     9:38:19 PM       00:03:55           3 55          +13.7
          240.0         863.07         +20.31          75.88            1.9             79         1331.6         1333.7         1408.7     -095.99953      +30.09222          0.438         -0.566         +22.65          +15.9         1016.5          18.09           -0.4           -1.9          0.716           13.3         1406.6      8/26/2022     9:38:24 PM       00:04:00           4  0          +13.9
          245.0         860.08         +20.09          76.77            2.1             73         1361.6         1363.7         1438.7     -095.99964      +30.09221          0.435         -0.577         +22.43          +15.9         1013.7          18.06           -0.6           -2.0          0.723           13.3         1436.6      8/26/2022     9:38:29 PM       00:04:05           4  5          +13.8
          250.0         857.02         +19.83          76.69            2.2             67         1392.4         1394.6         1469.6     -095.99974      +30.09215          0.430         -0.587         +22.14          +15.6         1011.1          17.75           -0.8           -2.0          0.727           13.2         1467.4      8/26/2022     9:38:34 PM       00:04:10           4 10          +13.6
          255.0         853.94         +19.65          76.89            2.3             62         1423.5         1425.7         1500.7     -095.99984      +30.09210          0.423         -0.596         +21.94          +15.5         1008.2          17.60           -1.1           -2.0          0.731           13.1         1498.5      8/26/2022     9:38:39 PM       00:04:15           4 15          +13.5
          260.0         850.82         +19.28          78.94            2.3             55         1455.1         1457.5         1532.5     -095.99995      +30.09202          0.415         -0.607         +21.59          +15.5         1005.7          17.65           -1.3           -1.9          0.735           13.2         1530.1      8/26/2022     9:38:44 PM       00:04:20           4 20          +13.5
          265.0         847.67         +18.98          79.37            2.3             50         1487.1         1489.5         1564.5     -096.00006      +30.09196          0.408         -0.617         +21.27          +15.3         1003.0          17.43           -1.5           -1.8          0.740           13.1         1562.1      8/26/2022     9:38:49 PM       00:04:25           4 25          +13.4
          270.0         844.54         +18.75          78.07            2.1             45         1519.0         1521.4         1596.4     -096.00015      +30.09189          0.401         -0.626         +20.98          +14.9         1000.3          16.90           -1.5           -1.5          0.743           12.7         1594.0      8/26/2022     9:38:54 PM       00:04:30           4 30          +12.9
          275.0         841.47         +18.50          79.18            1.9             38         1550.3         1552.8         1627.8     -096.00025      +30.09183          0.393         -0.635         +20.73          +14.8          997.5          16.87           -1.5           -1.1          0.747           12.7         1625.3      8/26/2022     9:38:59 PM       00:04:35           4 35          +12.9
          280.0         838.37         +18.18          80.82            1.6             31         1582.0         1584.6         1659.6     -096.00032      +30.09174          0.384         -0.642         +20.42          +14.8          994.9          16.88           -1.4           -0.8          0.748           12.8         1657.0      8/26/2022     9:39:04 PM       00:04:40           4 40          +12.9
          285.0         835.26         +18.07          76.79            1.5             22         1613.9         1616.5         1691.5     -096.00037      +30.09167          0.376         -0.647         +20.19          +13.9          992.0          15.93           -1.4           -0.6          0.748           12.1         1688.9      8/26/2022     9:39:09 PM       00:04:45           4 45          +12.2
          290.0         832.10         +17.93          73.90            1.4             11         1646.5         1649.1         1724.1     -096.00036      +30.09163          0.371         -0.646         +19.95          +13.2          989.0          15.19           -1.4           -0.3          0.745           11.6         1721.5      8/26/2022     9:39:14 PM       00:04:50           4 50          +11.5
          295.0         828.93         +17.82          73.09            1.3            357         1679.3         1682.0         1757.0     -096.00031      +30.09156          0.364         -0.642         +19.81          +12.9          985.7          14.92           -1.3            0.1          0.738           11.4         1754.3      8/26/2022     9:39:19 PM       00:04:55           4 55          +11.3
          300.0         825.78         +17.45          75.23            1.3            341         1711.9         1714.7         1789.7     -096.00029      +30.09153          0.360         -0.640         +19.46          +13.0          983.2          15.00           -1.2            0.4          0.734           11.5         1786.9      8/26/2022     9:39:24 PM       00:05:00           5  0          +11.4
          305.0         822.67         +17.25          76.53            1.3            332         1744.2         1747.0         1822.0     -096.00029      +30.09146          0.353         -0.640         +19.27          +13.1          980.1          15.07           -1.1            0.6          0.730           11.6         1819.2      8/26/2022     9:39:29 PM       00:05:05           5  5          +11.4
          310.0         819.67         +17.04          76.48            1.4            330         1775.4         1778.4         1853.4     -096.00027      +30.09140          0.346         -0.637         +19.05          +12.9          977.3          14.87           -1.2            0.7          0.725           11.5         1850.4      8/26/2022     9:39:34 PM       00:05:10           5 10          +11.2
          315.0         816.75         +16.81          77.00            1.5            333         1805.9         1808.9         1883.9     -096.00022      +30.09136          0.341         -0.632         +18.80          +12.8          974.6          14.74           -1.3            0.7          0.719           11.4         1880.9      8/26/2022     9:39:39 PM       00:05:15           5 15          +11.1
          320.0         813.84         +16.58          76.91            1.7            331         1836.4         1839.4         1914.4     -096.00015      +30.09131          0.336         -0.626         +18.55          +12.5          972.0          14.52           -1.5            0.8          0.710           11.3         1911.4      8/26/2022     9:39:44 PM       00:05:20           5 20          +10.9
          325.0         810.87         +16.30          77.59            1.9            326         1867.6         1870.7         1945.7     -096.00011      +30.09126          0.331         -0.623         +18.25          +12.4          969.4          14.38           -1.6            1.1          0.705           11.2         1942.6      8/26/2022     9:39:49 PM       00:05:25           5 25          +10.8
          330.0         807.83         +16.02          78.08            2.0            322         1899.6         1902.8         1977.8     -096.00007      +30.09119          0.323         -0.618         +17.95          +12.2          966.8          14.21           -1.6            1.3          0.697           11.1         1974.6      8/26/2022     9:39:54 PM       00:05:30           5 30          +10.7
          335.0         804.73         +15.68          79.20            2.2            320         1932.4         1935.6         2010.6     -096.00003      +30.09108          0.311         -0.614         +17.61          +12.1          964.2          14.12           -1.7            1.4          0.688           11.1         2007.4      8/26/2022     9:39:59 PM       00:05:35           5 35          +10.6
          340.0         801.66         +15.41          79.66            2.3            319         1964.9         1968.2         2043.2     -095.99994      +30.09099          0.300         -0.606         +17.33          +11.9          961.5          13.95           -1.8            1.5          0.676           11.0         2039.9      8/26/2022     9:40:04 PM       00:05:40           5 40          +10.4
          345.0         798.66         +15.24          78.76            2.5            319         1996.7         2000.1         2075.1     -095.99985      +30.09089          0.290         -0.597         +17.12          +11.6          958.6          13.65           -1.9            1.7          0.664           10.8         2071.7      8/26/2022     9:40:09 PM       00:05:45           5 45          +10.1
          350.0         795.75         +15.05          78.81            2.7            318         2027.7         2031.1         2106.1     -095.99974      +30.09083          0.282         -0.587         +16.91          +11.4          955.8          13.49           -2.0            1.8          0.651           10.7         2102.7      8/26/2022     9:40:14 PM       00:05:50           5 50          +10.0
          355.0         792.88         +14.79          79.57            2.7            317         2058.5         2062.0         2137.0     -095.99964      +30.09076          0.275         -0.577         +16.64          +11.3          953.2          13.39           -2.0            1.9          0.639           10.7         2133.5      8/26/2022     9:40:19 PM       00:05:55           5 55           +9.9
          360.0         790.05         +14.62          79.95            2.7            318         2088.8         2092.3         2167.3     -095.99952      +30.09067          0.265         -0.565         +16.47          +11.2          950.4          13.31           -2.0            1.8          0.624           10.7         2163.8      8/26/2022     9:40:24 PM       00:06:00           6  0           +9.8
          365.0         787.25         +14.42          80.91            2.6            320         2118.8         2122.4         2197.4     -095.99942      +30.09058          0.254         -0.555         +16.26          +11.2          947.7          13.29           -2.0            1.7          0.611           10.7         2193.8      8/26/2022     9:40:29 PM       00:06:05           6  5           +9.8
          370.0         784.49         +14.20          81.11            2.7            322         2148.6         2152.2         2227.2     -095.99931      +30.09047          0.242         -0.546         +16.03          +11.0          945.1          13.14           -2.1            1.6          0.597           10.6         2223.6      8/26/2022     9:40:34 PM       00:06:10           6 10           +9.6
          375.0         781.75         +13.97          81.02            2.7            324         2178.2         2181.9         2256.9     -095.99925      +30.09037          0.231         -0.539         +15.78          +10.8          942.6          12.93           -2.2            1.6          0.587           10.5         2253.2      8/26/2022     9:40:39 PM       00:06:15           6 15           +9.4
          380.0         779.07         +14.05          75.73            2.7            326         2207.2         2211.0         2286.0     -095.99920      +30.09026          0.220         -0.535         +15.75           +9.8          939.5          12.15           -2.2            1.5          0.578            9.9         2282.2      8/26/2022     9:40:44 PM       00:06:20           6 20           +8.6
          385.0         776.42         +13.94          76.28            2.7            328         2236.1         2239.9         2314.9     -095.99914      +30.09017          0.209         -0.529         +15.65           +9.8          936.6          12.15           -2.3            1.4          0.569            9.9         2311.1      8/26/2022     9:40:49 PM       00:06:25           6 25           +8.6
          390.0         773.77         +13.75          77.11            2.7            329         2264.9         2268.8         2343.8     -095.99907      +30.09007          0.198         -0.522         +15.46           +9.8          934.0          12.13           -2.3            1.4          0.558            9.9         2339.9      8/26/2022     9:40:54 PM       00:06:30           6 30           +8.6
          395.0         771.18         +13.69          74.41            2.7            329         2293.3         2297.2         2372.2     -095.99899      +30.08997          0.187         -0.514         +15.34           +9.2          931.3          11.66           -2.3            1.4          0.547            9.6         2368.3      8/26/2022     9:40:59 PM       00:06:35           6 35           +8.1
          400.0         768.63         +13.57          73.95            2.7            329         2321.2         2325.2         2400.2     -095.99891      +30.08987          0.176         -0.506         +15.20           +9.0          928.7          11.50           -2.3            1.4          0.536            9.4         2396.2      8/26/2022     9:41:04 PM       00:06:40           6 40           +7.9
          405.0         766.09         +13.55          70.52            2.5            329         2349.2         2353.3         2428.3     -095.99883      +30.08976          0.164         -0.499         +15.10           +8.3          925.9          10.95           -2.2            1.3          0.525            9.0         2424.2      8/26/2022     9:41:09 PM       00:06:45           6 45           +7.3
          410.0         763.53         +13.31          71.80            2.3            328         2377.4         2381.5         2456.5     -095.99875      +30.08964          0.150         -0.491         +14.87           +8.3          923.6          10.97           -2.0            1.2          0.514            9.1         2452.4      8/26/2022     9:41:14 PM       00:06:50           6 50           +7.3
          415.0         761.00         +13.08          72.17            2.1            327         2405.3         2409.5         2484.5     -095.99868      +30.08953          0.138         -0.484         +14.64           +8.2          921.2          10.87           -1.8            1.1          0.504            9.0         2480.3      8/26/2022     9:41:19 PM       00:06:55           6 55           +7.2
          420.0         758.50         +12.92          72.06            1.9            327         2433.0         2437.3         2512.3     -095.99863      +30.08945          0.129         -0.479         +14.46           +8.0          918.8          10.74           -1.6            1.1          0.496            8.9         2508.0      8/26/2022     9:41:24 PM       00:07:00           7  0           +7.0
          425.0         756.04         +12.92          68.05            1.8            324         2460.4         2464.7         2539.7     -095.99860      +30.08939          0.122         -0.476         +14.38           +7.2          916.0          10.14           -1.4            1.0          0.492            8.5         2535.4      8/26/2022     9:41:29 PM       00:07:05           7  5           +6.3
          430.0         753.59         +12.79          66.64            1.6            321         2487.6         2492.0         2567.0     -095.99857      +30.08937          0.120         -0.474         +14.21           +6.7          913.6           9.85           -1.2            1.0          0.489            8.2         2562.6      8/26/2022     9:41:34 PM       00:07:10           7 10           +5.9
          435.0         751.16         +12.84          62.29            1.5            319         2514.8         2519.2         2594.2     -095.99852      +30.08934          0.117         -0.469         +14.18           +5.8          910.8           9.23           -1.1            1.0          0.483            7.7         2589.8      8/26/2022     9:41:39 PM       00:07:15           7 15           +5.1
          440.0         748.78         +12.67          62.42            1.4            318         2541.5         2546.0         2621.0     -095.99847      +30.08930          0.112         -0.464         +14.00           +5.7          908.5           9.15           -1.1            1.0          0.478            7.7         2616.5      8/26/2022     9:41:44 PM       00:07:20           7 20           +5.0
          445.0         746.39         +12.59          60.85            1.5            317         2568.4         2573.0         2648.0     -095.99840      +30.08926          0.107         -0.458         +13.88           +5.2          905.9           8.87           -1.1            1.0          0.470            7.5         2643.4      8/26/2022     9:41:49 PM       00:07:25           7 25           +4.6
          450.0         744.00         +12.44          60.25            1.7            320         2595.3         2599.9         2674.9     -095.99834      +30.08920          0.101         -0.451         +13.71           +5.0          903.6           8.70           -1.3            1.1          0.463            7.4         2670.3      8/26/2022     9:41:54 PM       00:07:30           7 30           +4.4
          455.0         741.64         +12.44          57.57            1.8            324         2622.0         2626.7         2701.7     -095.99828      +30.08913          0.094         -0.446         +13.65           +4.3          900.9           8.31           -1.5            1.1          0.456            7.1         2697.0      8/26/2022     9:41:59 PM       00:07:35           7 35           +3.8
          460.0         739.26         +12.42          56.98            1.9            325         2649.0         2653.7         2728.7     -095.99823      +30.08906          0.086         -0.441         +13.62           +4.1          898.1           8.22           -1.6            1.1          0.449            7.0         2724.0      8/26/2022     9:42:04 PM       00:07:40           7 40           +3.6
          465.0         736.84         +12.22          58.03            2.1            328         2676.5         2681.3         2756.3     -095.99817      +30.08899          0.078         -0.435         +13.43           +4.2          895.7           8.26           -1.8            1.1          0.442            7.0         2751.5      8/26/2022     9:42:09 PM       00:07:45           7 45           +3.7
          470.0         734.39         +11.96          59.00            2.2            327         2704.5         2709.3         2784.3     -095.99811      +30.08890          0.068         -0.430         +13.17           +4.2          893.6           8.25           -1.9            1.2          0.435            7.1         2779.5      8/26/2022     9:42:14 PM       00:07:50           7 50           +3.7
          475.0         731.89         +11.81          60.42            2.3            325         2733.0         2737.9         2812.9     -095.99807      +30.08881          0.058         -0.426         +13.04           +4.4          890.9           8.37           -1.9            1.3          0.430            7.2         2808.0      8/26/2022     9:42:19 PM       00:07:55           7 55           +3.9
          480.0         729.39         +11.54          64.49            2.3            320         2761.6         2766.6         2841.6     -095.99801      +30.08872          0.048         -0.420         +12.84           +5.1          888.5           8.77           -1.8            1.5          0.423            7.6         2836.6      8/26/2022     9:42:24 PM       00:08:00           8  0           +4.5
          485.0         726.84         +11.34          65.47            2.4            316         2791.0         2796.0         2871.0     -095.99794      +30.08862          0.037         -0.413         +12.64           +5.1          886.0           8.79           -1.7            1.6          0.415            7.6         2866.0      8/26/2022     9:42:29 PM       00:08:05           8  5           +4.5
          490.0         724.29         +11.21          63.73            2.4            313         2820.4         2825.4         2900.4     -095.99783      +30.08852          0.026         -0.403         +12.48           +4.6          883.4           8.49           -1.6            1.7          0.404            7.4         2895.4      8/26/2022     9:42:34 PM       00:08:10           8 10           +4.0
          495.0         721.72         +11.06          61.64            2.5            310         2850.1         2855.2         2930.2     -095.99774      +30.08845          0.018         -0.393         +12.28           +4.0          880.9           8.13           -1.6            1.9          0.394            7.1         2925.1      8/26/2022     9:42:39 PM       00:08:15           8 15           +3.5
          500.0         719.09         +10.83          62.09            2.6            307         2880.5         2885.7         2960.7     -095.99761      +30.08842          0.014         -0.382         +12.04           +3.9          878.4           8.06           -1.6            2.1          0.382            7.1         2955.5      8/26/2022     9:42:44 PM       00:08:20           8 20           +3.4
          505.0         716.48         +10.79          57.67            2.7            304         2910.9         2916.2         2991.2     -095.99749      +30.08838          0.010         -0.370         +11.92           +2.8          875.6           7.47           -1.5            2.3          0.370            6.6         2985.9      8/26/2022     9:42:49 PM       00:08:25           8 25           +2.5
          510.0         713.84         +10.54          60.28            2.8            303         2941.6         2947.0         3022.0     -095.99739      +30.08831          0.002         -0.360         +11.70           +3.2          873.1           7.68           -1.5            2.3          0.360            6.8         3016.6      8/26/2022     9:42:54 PM       00:08:30           8 30           +2.8
          515.0         711.24         +10.23          64.10            2.8            303         2972.1         2977.6         3052.6     -095.99728      +30.08824         -0.005         -0.349         +11.44           +3.8          870.7           7.99           -1.5            2.3          0.349            7.1         3047.1      8/26/2022     9:42:59 PM       00:08:35           8 35           +3.3
          520.0         708.61         +10.07          64.30            2.7            305         3002.9         3008.5         3083.5     -095.99714      +30.08815         -0.016         -0.336         +11.27           +3.6          868.0           7.93           -1.6            2.2          0.337            7.0         3077.9      8/26/2022     9:43:04 PM       00:08:40           8 40           +3.2
          525.0         706.00          +9.86          65.57            2.8            306         3033.6         3039.2         3114.2     -095.99699      +30.08806         -0.025         -0.322         +11.07           +3.7          865.4           7.98           -1.7            2.2          0.323            7.1         3108.6      8/26/2022     9:43:09 PM       00:08:45           8 45           +3.3
          530.0         703.44          +9.68          65.78            2.8            306         3063.8         3069.5         3144.5     -095.99687      +30.08797         -0.035         -0.310         +10.88           +3.6          862.8           7.91           -1.6            2.3          0.312            7.1         3138.8      8/26/2022     9:43:14 PM       00:08:50           8 50           +3.2
          535.0         700.85          +9.65          59.39            2.9            305         3094.5         3100.2         3175.2     -095.99677      +30.08791         -0.042         -0.301         +10.74           +2.1          860.1           7.12           -1.7            2.4          0.304            6.4         3169.5      8/26/2022     9:43:19 PM       00:08:55           8 55           +1.9
          540.0         698.25          +9.35          62.76            3.0            303         3125.3         3131.1         3206.1     -095.99668      +30.08785         -0.049         -0.292         +10.48           +2.6          857.7           7.38           -1.6            2.5          0.296            6.6         3200.3      8/26/2022     9:43:24 PM       00:09:00           9  0           +2.3
          545.0         695.65          +9.12          55.00            3.1            302         3156.3         3162.2         3237.2     -095.99656      +30.08779         -0.056         -0.280         +10.10           +0.6          855.6           6.36           -1.7            2.6          0.286            5.7         3231.3      8/26/2022     9:43:29 PM       00:09:05           9  5           +0.5
          550.0         693.06          +8.98          55.28            3.3            301         3187.3         3193.2         3268.2     -095.99643      +30.08772         -0.063         -0.268          +9.96           +0.5          852.8           6.34           -1.7            2.8          0.275            5.7         3262.3      8/26/2022     9:43:34 PM       00:09:10           9 10           +0.4
          555.0         690.46          +8.74          59.66            3.7            300         3218.4         3224.4         3299.4     -095.99628      +30.08764         -0.072         -0.253          +9.78           +1.3          850.2           6.73           -1.8            3.2          0.263            6.1         3293.4      8/26/2022     9:43:39 PM       00:09:15           9 15           +1.2
          560.0         687.84          +8.42          61.31            4.1            299         3249.9         3256.0         3331.0     -095.99610      +30.08755         -0.082         -0.236          +9.47           +1.4          847.9           6.77           -2.0            3.6          0.250            6.2         3324.9      8/26/2022     9:43:44 PM       00:09:20           9 20           +1.2
          565.0         685.22          +8.20          62.01            4.4            297         3281.4         3287.6         3362.6     -095.99591      +30.08747         -0.091         -0.217          +9.25           +1.4          845.3           6.75           -2.0            4.0          0.236            6.2         3356.4      8/26/2022     9:43:49 PM       00:09:25           9 25           +1.2
          570.0         682.60          +8.32          55.34            4.8            295         3313.1         3319.3         3394.3     -095.99569      +30.08736         -0.104         -0.196          +9.27           -0.1          842.0           6.07           -2.0            4.3          0.222            5.6         3388.1      8/26/2022     9:43:54 PM       00:09:30           9 30           -0.1
          575.0         680.00          +8.17          58.34            5.1            293         3344.6         3350.9         3425.9     -095.99545      +30.08725         -0.116         -0.173          +9.16           +0.5          839.1           6.33           -2.0            4.7          0.208            5.8         3419.6      8/26/2022     9:43:59 PM       00:09:35           9 35           +0.4
          580.0         677.41          +7.88          61.41            5.4            292         3376.1         3382.5         3457.5     -095.99518      +30.08714         -0.128         -0.147          +8.91           +0.9          836.7           6.54           -2.0            5.0          0.195            6.1         3451.1      8/26/2022     9:44:04 PM       00:09:40           9 40           +0.8
          585.0         674.89          +7.63          61.08            5.7            290         3406.9         3413.4         3488.4     -095.99491      +30.08707         -0.136         -0.121          +8.64           +0.6          834.4           6.39           -2.0            5.4          0.182            5.9         3481.9      8/26/2022     9:44:09 PM       00:09:45           9 45           +0.5
          590.0         672.43          +7.35          64.99            5.9            288         3437.0         3443.5         3518.5     -095.99463      +30.08699         -0.144         -0.094          +8.40           +1.2          832.0           6.67           -1.8            5.6          0.172            6.2         3512.0      8/26/2022     9:44:14 PM       00:09:50           9 50           +1.1
          595.0         670.03          +7.13          67.95            6.0            286         3466.5         3473.1         3548.1     -095.99433      +30.08692         -0.153         -0.066          +8.22           +1.6          829.6           6.87           -1.7            5.8          0.166            6.4         3541.5      8/26/2022     9:44:19 PM       00:09:55           9 55           +1.4
          600.0         667.62          +6.91          69.51            6.0            284         3496.2         3502.9         3577.9     -095.99401      +30.08683         -0.163         -0.034          +8.01           +1.7          827.2           6.92           -1.4            5.9          0.166            6.5         3571.2      8/26/2022     9:44:24 PM       00:10:00          10  0           +1.5
          605.0         665.18          +6.58          71.70            6.0            282         3526.3         3533.0         3608.0     -095.99367      +30.08675         -0.171         -0.002          +7.69           +1.8          825.2           6.98           -1.3            5.9          0.171            6.6         3601.3      8/26/2022     9:44:29 PM       00:10:05          10  5           +1.6
          610.0         662.74          +6.22          73.65            5.9            279         3556.5         3563.3         3638.3     -095.99336      +30.08670         -0.177          0.028          +7.34           +1.9          823.1           7.00           -1.0            5.8          0.179            6.6         3631.5      8/26/2022     9:44:34 PM       00:10:10          10 10           +1.7
          615.0         660.27          +5.99          76.00            5.8            277         3587.0         3593.9         3668.9     -095.99304      +30.08665         -0.183          0.059          +7.13           +2.1          820.7           7.11           -0.7            5.7          0.192            6.8         3662.0      8/26/2022     9:44:39 PM       00:10:15          10 15           +1.8
          620.0         657.81          +5.80          73.92            5.6            274         3617.7         3624.7         3699.7     -095.99275      +30.08663         -0.185          0.087          +6.90           +1.5          818.3           6.82           -0.4            5.6          0.204            6.5         3692.7      8/26/2022     9:44:44 PM       00:10:20          10 20           +1.3
          625.0         655.42          +5.63          72.99            5.4            271         3647.5         3654.5         3729.5     -095.99247      +30.08661         -0.187          0.114          +6.71           +1.2          815.9           6.66           -0.1            5.4          0.219            6.4         3722.5      8/26/2022     9:44:49 PM       00:10:25          10 25           +1.0
          630.0         653.08          +5.51          82.55            5.2            269         3676.8         3683.9         3758.9     -095.99221      +30.08664         -0.183          0.139          +6.72           +2.8          813.0           7.46            0.1            5.2          0.230            7.2         3751.8      8/26/2022     9:44:54 PM       00:10:30          10 30           +2.4
          635.0         650.82          +5.26          83.57            5.1            267         3705.2         3712.4         3787.4     -095.99194      +30.08667         -0.180          0.164          +6.47           +2.7          810.9           7.43            0.3            5.1          0.244            7.2         3780.2      8/26/2022     9:44:59 PM       00:10:35          10 35           +2.4
          640.0         648.60          +4.99          84.21            5.2            265         3733.1         3740.4         3815.4     -095.99169      +30.08669         -0.177          0.189          +6.19           +2.6          808.9           7.34            0.5            5.1          0.259            7.1         3808.1      8/26/2022     9:45:04 PM       00:10:40          10 40           +2.2
          645.0         646.43          +4.70          85.51            5.3            262         3760.5         3767.9         3842.9     -095.99145      +30.08671         -0.176          0.212          +5.89           +2.5          807.1           7.31            0.8            5.3          0.276            7.1         3835.5      8/26/2022     9:45:09 PM       00:10:45          10 45           +2.2
          650.0         644.26          +4.46          86.96            5.5            260         3788.0         3795.4         3870.4     -095.99120      +30.08672         -0.174          0.236          +5.65           +2.5          805.0           7.31            0.9            5.4          0.293            7.1         3863.0      8/26/2022     9:45:14 PM       00:10:50          10 50           +2.2
          655.0         642.07          +4.28          89.31            5.6            259         3815.8         3823.3         3898.3     -095.99092      +30.08676         -0.171          0.263          +5.49           +2.7          802.8           7.41            1.1            5.5          0.313            7.3         3890.8      8/26/2022     9:45:19 PM       00:10:55          10 55           +2.4
          660.0         639.82          +4.30          85.20            5.8            258         3844.4         3851.9         3926.9     -095.99061      +30.08680         -0.165          0.293          +5.46           +2.0          800.1           7.08            1.2            5.6          0.336            7.0         3919.4      8/26/2022     9:45:24 PM       00:11:00          11  0           +1.8
          665.0         637.61          +4.07          89.03            6.1            257         3872.6         3880.2         3955.2     -095.99027      +30.08689         -0.156          0.325          +5.27           +2.4          797.8           7.28            1.4            5.9          0.361            7.2         3947.6      8/26/2022     9:45:29 PM       00:11:05          11  5           +2.1
          670.0         635.40          +3.80          90.42            6.2            255         3901.0         3908.7         3983.7     -095.98997      +30.08697         -0.146          0.354          +4.99           +2.4          795.8           7.25            1.6            6.0          0.383            7.2         3976.0      8/26/2022     9:45:34 PM       00:11:10          11 10           +2.1
          675.0         633.14          +3.56          90.42            6.3            255         3929.9         3937.7         4012.7     -095.98966      +30.08706         -0.136          0.384          +4.75           +2.1          793.7           7.13            1.7            6.1          0.408            7.1         4004.9      8/26/2022     9:45:39 PM       00:11:15          11 15           +1.9
          680.0         630.96          +3.28          90.00            6.0            254         3958.0         3965.8         4040.8     -095.98935      +30.08714         -0.128          0.415          +4.44           +1.8          791.9           6.96            1.6            5.8          0.434            6.9         4033.0      8/26/2022     9:45:44 PM       00:11:20          11 20           +1.6
          685.0         628.78          +3.02          92.69            5.7            255         3986.1         3994.0         4069.0     -095.98899      +30.08721         -0.120          0.449          +4.20           +2.0          789.8           7.04            1.4            5.5          0.465            7.0         4061.1      8/26/2022     9:45:49 PM       00:11:25          11 25           +1.7
          690.0         626.59          +2.75          91.62            5.6            258         4014.3         4022.3         4097.3     -095.98869      +30.08729         -0.111          0.477          +3.89           +1.5          787.9           6.82            1.1            5.4          0.490            6.8         4089.3      8/26/2022     9:45:54 PM       00:11:30          11 30           +1.3
          695.0         624.43          +2.99          67.21            5.4            260         4042.4         4050.4         4125.4     -095.98841      +30.08736         -0.104          0.505          +3.85           -2.5          785.4           5.09            0.9            5.3          0.515            5.1         4117.4      8/26/2022     9:45:59 PM       00:11:35          11 35           -2.2
          700.0         622.30          +3.16          64.71            5.1            262         4070.0         4078.2         4153.2     -095.98821      +30.08739         -0.100          0.524          +4.00           -2.8          782.3           4.96            0.7            5.1          0.533            5.0         4145.0      8/26/2022     9:46:04 PM       00:11:40          11 40           -2.5
          705.0         620.15          +3.23          53.07            4.6            264         4098.1         4106.3         4181.3     -095.98799      +30.08740         -0.099          0.546          +3.92           -5.4          779.8           4.09            0.5            4.6          0.554            4.1         4173.1      8/26/2022     9:46:09 PM       00:11:45          11 45           -4.8
          710.0         618.05          +3.61          36.01            4.2            266         4125.7         4134.0         4209.0     -095.98771      +30.08738         -0.101          0.572          +4.09          -10.1          776.6           2.85            0.3            4.2          0.581            2.9         4200.7      8/26/2022     9:46:14 PM       00:11:50          11 50           -9.0
          715.0         615.96          +4.47          11.43            3.8            268         4153.1         4161.5         4236.5     -095.98747      +30.08738         -0.101          0.595          +4.63          -23.1          772.5           0.96            0.1            3.8          0.604            1.0         4228.1      8/26/2022     9:46:19 PM       00:11:55          11 55          -20.7
          720.0         613.89          +5.31           2.01            3.6            267         4180.6         4189.0         4264.0     -095.98725      +30.08739         -0.100          0.617          +5.34          -40.6          768.0           0.18            0.2            3.6          0.625            0.2         4255.6      8/26/2022     9:46:24 PM       00:12:00          12  0          -37.0
          725.0         611.78          +5.40           7.39            3.3            265         4208.6         4217.1         4292.1     -095.98709      +30.08739         -0.100          0.632          +5.51          -27.2          764.9           0.66            0.3            3.3          0.640            0.7         4283.6      8/26/2022     9:46:29 PM       00:12:05          12  5          -24.5
          730.0         609.74          +5.49           5.53            3.0            259         4235.9         4244.5         4319.5     -095.98696      +30.08739         -0.101          0.644          +5.57          -30.2          762.1           0.50            0.6            2.9          0.652            0.5         4310.9      8/26/2022     9:46:34 PM       00:12:10          12 10          -27.4
          735.0         607.74          +5.55           5.88            2.8            252         4262.7         4271.4         4346.4     -095.98684      +30.08740         -0.099          0.656          +5.65          -29.5          759.4           0.53            0.9            2.6          0.664            0.5         4337.7      8/26/2022     9:46:39 PM       00:12:15          12 15          -26.7
          740.0         605.66          +5.66           5.49            2.6            246         4290.6         4299.4         4374.4     -095.98673      +30.08746         -0.092          0.666          +5.75          -30.2          756.6           0.50            1.0            2.4          0.673            0.5         4365.6      8/26/2022     9:46:44 PM       00:12:20          12 20          -27.3
          745.0         603.60          +5.53           4.94            2.6            242         4318.4         4327.3         4402.3     -095.98662      +30.08751         -0.087          0.677          +5.61          -31.4          754.4           0.45            1.2            2.3          0.682            0.5         4393.4      8/26/2022     9:46:49 PM       00:12:25          12 25          -28.4
          750.0         601.51          +5.47           7.45            2.6            238         4346.8         4355.7         4430.7     -095.98651      +30.08759         -0.078          0.688          +5.59          -27.0          751.8           0.67            1.4            2.2          0.692            0.7         4421.8      8/26/2022     9:46:54 PM       00:12:30          12 30          -24.4
          755.0         599.39          +5.18          12.11            2.5            237         4375.6         4384.6         4459.6     -095.98637      +30.08770         -0.066          0.701          +5.37          -21.8          749.7           1.07            1.3            2.1          0.704            1.1         4450.6      8/26/2022     9:46:59 PM       00:12:35          12 35          -19.6
          760.0         597.21          +4.92          11.66            2.4            239         4405.2         4414.3         4489.3     -095.98626      +30.08777         -0.058          0.712          +5.10          -22.5          747.7           1.01            1.3            2.1          0.715            1.1         4480.2      8/26/2022     9:47:04 PM       00:12:40          12 40          -20.2
          765.0         594.98          +4.80           7.65            2.4            240         4435.8         4444.9         4519.9     -095.98614      +30.08782         -0.052          0.723          +4.92          -27.3          745.4           0.66            1.2            2.1          0.725            0.7         4510.8      8/26/2022     9:47:09 PM       00:12:45          12 45          -24.6
          770.0         592.79          +4.61           7.52            2.3            242         4465.7         4474.9         4549.9     -095.98605      +30.08787         -0.046          0.732          +4.72          -27.6          743.2           0.64            1.1            2.1          0.733            0.7         4540.7      8/26/2022     9:47:14 PM       00:12:50          12 50          -24.9
          775.0         590.66          +4.37          14.25            2.2            245         4495.0         4504.3         4579.3     -095.98597      +30.08789         -0.045          0.740          +4.58          -20.6          740.9           1.19            1.0            2.0          0.741            1.3         4570.0      8/26/2022     9:47:19 PM       00:12:55          12 55          -18.5
          780.0         588.50          +4.09          15.13            2.2            245         4524.8         4534.2         4609.2     -095.98586      +30.08792         -0.042          0.750          +4.31          -20.2          738.9           1.24            0.9            2.0          0.751            1.3         4599.8      8/26/2022     9:47:24 PM       00:13:00          13  0          -18.1
          785.0         586.33          +3.94          11.71            2.1            242         4554.7         4564.2         4639.2     -095.98576      +30.08795         -0.038          0.760          +4.11          -23.2          736.7           0.95            1.0            1.9          0.761            1.0         4629.7      8/26/2022     9:47:29 PM       00:13:05          13  5          -20.9
          790.0         584.18          +3.79          14.66            2.2            239         4584.5         4594.1         4669.1     -095.98565      +30.08799         -0.033          0.771          +4.00          -20.8          734.3           1.17            1.1            1.9          0.771            1.3         4659.5      8/26/2022     9:47:34 PM       00:13:10          13 10          -18.6
          795.0         582.09          +3.52          13.17            2.3            235         4613.6         4623.3         4698.3     -095.98554      +30.08804         -0.028          0.781          +3.70          -22.2          732.5           1.04            1.3            1.9          0.782            1.1         4688.6      8/26/2022     9:47:39 PM       00:13:15          13 15          -20.0
          800.0         580.00          +3.25          12.46            2.3            232         4642.8         4652.5         4727.5     -095.98544      +30.08809         -0.022          0.791          +3.43          -23.1          730.6           0.96            1.4            1.8          0.791            1.0         4717.8      8/26/2022     9:47:44 PM       00:13:20          13 20          -20.7
          805.0         577.86          +2.96          12.92            2.4            231         4672.7         4682.5         4757.5     -095.98536      +30.08818         -0.012          0.798          +3.14          -22.9          728.7           0.98            1.5            1.8          0.798            1.1         4747.7      8/26/2022     9:47:49 PM       00:13:25          13 25          -20.6
          810.0         575.70          +2.72          13.71            2.3            229         4703.0         4712.9         4787.9     -095.98528      +30.08827         -0.002          0.806          +2.91          -22.4          726.5           1.02            1.5            1.7          0.806            1.1         4778.0      8/26/2022     9:47:54 PM       00:13:30          13 30          -20.1
          815.0         573.57          +2.48          14.49            2.2            227         4732.9         4742.9         4817.9     -095.98518      +30.08837          0.009          0.815          +2.67          -22.0          724.5           1.06            1.5            1.6          0.816            1.2         4807.9      8/26/2022     9:47:59 PM       00:13:35          13 35          -19.7
          820.0         571.47          +2.16          15.23            2.1            223         4762.5         4772.5         4847.5     -095.98510      +30.08844          0.016          0.823          +2.36          -21.7          722.6           1.09            1.6            1.5          0.824            1.2         4837.5      8/26/2022     9:48:04 PM       00:13:40          13 40          -19.5
          825.0         569.42          +1.89          15.77            2.1            221         4791.4         4801.5         4876.5     -095.98500      +30.08848          0.021          0.833          +2.09          -21.5          720.7           1.10            1.6            1.4          0.833            1.2         4866.4      8/26/2022     9:48:09 PM       00:13:45          13 45          -19.3
          830.0         567.29          +1.62          18.01            2.2            220         4821.6         4831.9         4906.9     -095.98493      +30.08853          0.027          0.840          +1.85          -20.2          718.7           1.24            1.7            1.4          0.840            1.4         4896.6      8/26/2022     9:48:14 PM       00:13:50          13 50          -18.1
          835.0         565.15          +1.45          18.37            2.3            220         4852.0         4862.4         4937.4     -095.98486      +30.08859          0.033          0.847          +1.68          -20.1          716.4           1.25            1.7            1.5          0.847            1.4         4927.0      8/26/2022     9:48:19 PM       00:13:55          13 55          -18.0
          840.0         563.04          +1.34          18.09            2.3            219         4882.1         4892.5         4967.5     -095.98483      +30.08866          0.041          0.850          +1.56          -20.4          714.0           1.22            1.8            1.4          0.851            1.3         4957.1      8/26/2022     9:48:24 PM       00:14:00          14  0          -18.3
          845.0         560.89          +1.06          17.38            2.3            217         4912.8         4923.4         4998.4     -095.98478      +30.08875          0.051          0.854          +1.27          -21.1          712.1           1.15            1.8            1.4          0.856            1.3         4987.8      8/26/2022     9:48:29 PM       00:14:05          14  5          -18.9
          850.0         558.63          +0.75          17.13            2.3            218         4945.2         4955.8         5030.8     -095.98469      +30.08887          0.065          0.863          +0.96          -21.5          710.0           1.11            1.8            1.4          0.866            1.2         5020.2      8/26/2022     9:48:34 PM       00:14:10          14 10          -19.3
          855.0         556.30          +0.48          19.01            2.2            220         4978.8         4989.5         5064.5     -095.98458      +30.08899          0.078          0.874          +0.71          -20.5          707.7           1.20            1.7            1.4          0.877            1.3         5053.8      8/26/2022     9:48:39 PM       00:14:15          14 15          -18.4
          860.0         554.02          +0.14          18.96            2.3            225         5011.7         5022.5         5097.5     -095.98450      +30.08908          0.088          0.881          +0.36          -20.8          705.7           1.17            1.6            1.6          0.885            1.3         5086.7      8/26/2022     9:48:44 PM       00:14:20          14 20          -18.7
          865.0         551.78          -0.12          18.36            2.3            231         5044.0         5054.9         5129.9     -095.98443      +30.08914          0.095          0.888          +0.09          -21.4          703.5           1.11            1.5            1.8          0.893            1.3         5119.0      8/26/2022     9:48:49 PM       00:14:25          14 25          -19.2
          870.0         549.65          -0.40          18.78            2.3            236         5075.0         5086.0         5161.0     -095.98434      +30.08918          0.099          0.896          -0.19          -21.4          701.5           1.11            1.3            1.9          0.902            1.3         5150.0      8/26/2022     9:48:54 PM       00:14:30          14 30          -19.2
          875.0         547.63          -0.66          19.29            2.2            241         5104.4         5115.4         5190.4     -095.98426      +30.08920          0.101          0.904          -0.45          -21.3          699.6           1.12            1.1            1.9          0.910            1.3         5179.4      8/26/2022     9:48:59 PM       00:14:35          14 35          -19.1
          880.0         545.58          -0.91          19.58            2.1            244         5134.4         5145.5         5220.5     -095.98416      +30.08924          0.105          0.914          -0.70          -21.3          697.6           1.12            0.9            1.9          0.920            1.3         5209.4      8/26/2022     9:49:04 PM       00:14:40          14 40          -19.1
          885.0         543.54          -1.17          20.06            2.1            241         5164.1         5175.4         5250.4     -095.98405      +30.08928          0.110          0.925          -0.96          -21.3          695.7           1.13            1.0            1.8          0.932            1.3         5239.1      8/26/2022     9:49:09 PM       00:14:45          14 45          -19.1
          890.0         541.47          -1.47          20.00            2.2            238         5194.5         5205.9         5280.9     -095.98391      +30.08932          0.115          0.939          -1.26          -21.6          693.8           1.10            1.2            1.8          0.946            1.3         5269.5      8/26/2022     9:49:14 PM       00:14:50          14 50          -19.4
          895.0         539.32          -1.81          21.61            2.2            236         5226.2         5237.6         5312.6     -095.98379      +30.08937          0.120          0.949          -1.59          -20.9          691.9           1.16            1.3            1.8          0.957            1.3         5301.2      8/26/2022     9:49:19 PM       00:14:55          14 55          -18.8
          900.0         537.09          -2.13          25.24            2.2            236         5259.2         5270.7         5345.7     -095.98371      +30.08942          0.125          0.958          -1.88          -19.4          689.8           1.32            1.2            1.9          0.966            1.5         5334.2      8/26/2022     9:49:24 PM       00:15:00          15  0          -17.4
          905.0         534.82          -2.05           8.69            2.0            236         5292.8         5304.4         5379.4     -095.98366      +30.08951          0.136          0.962          -1.96          -31.2          687.1           0.46            1.1            1.7          0.972            0.5         5367.8      8/26/2022     9:49:29 PM       00:15:05          15  5          -28.2
          910.0         532.60          -1.98           8.36            1.7            237         5325.8         5337.6         5412.6     -095.98359      +30.08959          0.145          0.969          -1.90          -31.5          684.0           0.44            1.0            1.5          0.980            0.5         5400.8      8/26/2022     9:49:34 PM       00:15:10          15 10          -28.5
          915.0         530.40          -2.07           8.52            1.4            242         5358.6         5370.5         5445.5     -095.98349      +30.08965          0.151          0.978          -1.99          -31.4          681.4           0.45            0.7            1.2          0.990            0.5         5433.6      8/26/2022     9:49:39 PM       00:15:15          15 15          -28.4
          920.0         528.13          -2.19           9.30            1.1            254         5392.6         5404.6         5479.6     -095.98339      +30.08968          0.154          0.988          -2.10          -30.6          678.8           0.48            0.3            1.1          1.000            0.6         5467.6      8/26/2022     9:49:44 PM       00:15:20          15 20          -27.6
          925.0         525.87          -2.32           8.53            0.9            285         5426.6         5438.7         5513.7     -095.98335      +30.08969          0.155          0.993          -2.24          -31.6          676.3           0.44           -0.2            0.9          1.005            0.5         5501.6      8/26/2022     9:49:49 PM       00:15:25          15 25          -28.6
          930.0         523.68          -2.52           8.05            0.9            322         5459.8         5471.9         5546.9     -095.98330      +30.08967          0.153          0.997          -2.44          -32.3          673.9           0.41           -0.7            0.6          1.009            0.5         5534.8      8/26/2022     9:49:54 PM       00:15:30          15 30          -29.3
          935.0         521.48          -2.62           6.18            1.1            348         5493.0         5505.3         5580.3     -095.98328      +30.08961          0.147          0.999          -2.55          -35.1          671.4           0.31           -1.1            0.2          1.010            0.4         5568.0      8/26/2022     9:49:59 PM       00:15:35          15 35          -31.9
          940.0         519.32          -2.72           5.21            1.4              6         5526.0         5538.4         5613.4     -095.98326      +30.08952          0.137          1.000          -2.67          -36.9          668.9           0.26           -1.4           -0.2          1.010            0.3         5601.0      8/26/2022     9:50:04 PM       00:15:40          15 40          -33.6
          945.0         517.25          -2.68           3.97            1.7             13         5557.6         5570.1         5645.1     -095.98330      +30.08943          0.126          0.997          -2.64          -39.5          666.1           0.20           -1.7           -0.4          1.005            0.2         5632.6      8/26/2022     9:50:09 PM       00:15:45          15 45          -36.0
          950.0         515.16          -2.91           5.54            1.9             22         5589.7         5602.2         5677.2     -095.98335      +30.08933          0.115          0.992          -2.85          -36.4          664.0           0.27           -1.8           -0.7          0.999            0.3         5664.7      8/26/2022     9:50:14 PM       00:15:50          15 50          -33.1
          955.0         513.03          -3.17           5.75            2.0             28         5622.4         5635.0         5710.0     -095.98340      +30.08926          0.108          0.988          -3.11          -36.3          661.9           0.28           -1.8           -0.9          0.994            0.3         5697.4      8/26/2022     9:50:19 PM       00:15:55          15 55          -33.0
          960.0         510.97          -3.36           5.65            2.1             31         5654.2         5666.9         5741.9     -095.98346      +30.08919          0.100          0.982          -3.30          -36.6          659.7           0.27           -1.8           -1.0          0.987            0.3         5729.2      8/26/2022     9:50:24 PM       00:16:00          16  0          -33.3
          965.0         508.99          -3.67           6.35            2.0             28         5684.8         5697.6         5772.6     -095.98351      +30.08909          0.089          0.977          -3.61          -35.6          657.9           0.30           -1.8           -0.9          0.981            0.4         5759.8      8/26/2022     9:50:29 PM       00:16:05          16  5          -32.4
          970.0         506.94          -3.73           5.17            1.9             25         5716.7         5729.6         5804.6     -095.98360      +30.08902          0.082          0.968          -3.68          -37.7          655.4           0.24           -1.7           -0.8          0.971            0.3         5791.7      8/26/2022     9:50:34 PM       00:16:10          16 10          -34.3
          975.0         504.89          -3.56           5.23            1.8             20         5748.6         5761.6         5836.6     -095.98367      +30.08896          0.074          0.961          -3.51          -37.5          652.3           0.25           -1.7           -0.6          0.964            0.3         5823.6      8/26/2022     9:50:39 PM       00:16:15          16 15          -34.1
          980.0         502.95          -3.65           5.05            1.7             12         5779.1         5792.2         5867.2     -095.98370      +30.08889          0.066          0.958          -3.60          -37.9          650.0           0.24           -1.6           -0.4          0.961            0.3         5854.1      8/26/2022     9:50:44 PM       00:16:20          16 20          -34.5
          985.0         501.02          -3.87           5.12            1.6              2         5809.3         5822.6         5897.6     -095.98369      +30.08879          0.056          0.959          -3.82          -37.9          648.1           0.24           -1.6           -0.1          0.961            0.3         5884.3      8/26/2022     9:50:49 PM       00:16:25          16 25          -34.5
          990.0         499.06          -4.04           5.21            1.7            349         5840.2         5853.6         5928.6     -095.98367      +30.08872          0.047          0.961          -3.99          -37.9          646.0           0.24           -1.7            0.3          0.962            0.3         5915.2      8/26/2022     9:50:54 PM       00:16:30          16 30          -34.5
          995.0         497.06          -4.32           5.00            2.0            340         5871.9         5885.4         5960.4     -095.98366      +30.08866          0.041          0.963          -4.28          -38.5          644.0           0.22           -1.9            0.7          0.964            0.3         5946.9      8/26/2022     9:50:59 PM       00:16:35          16 35          -35.1
         1000.0         495.03          -4.54           4.87            2.1            336         5904.0         5917.6         5992.6     -095.98361      +30.08860          0.035          0.967          -4.50          -38.9          642.0           0.21           -2.0            0.9          0.968            0.3         5979.0      8/26/2022     9:51:04 PM       00:16:40          16 40          -35.4
         1005.0         492.89          -4.78           4.62            2.3            333         5938.1         5951.8         6026.8     -095.98353      +30.08851          0.025          0.975          -4.74          -39.6          639.8           0.20           -2.0            1.0          0.975            0.3         6013.1      8/26/2022     9:51:09 PM       00:16:45          16 45          -36.1
         1010.0         490.74          -4.98           5.30            2.4            332         5972.4         5986.1         6061.1     -095.98346      +30.08841          0.013          0.982          -4.94          -38.4          637.4           0.22           -2.1            1.1          0.982            0.3         6047.4      8/26/2022     9:51:14 PM       00:16:50          16 50          -35.0
         1015.0         488.60          -5.24           5.29            2.5            331         6006.7         6020.5         6095.5     -095.98339      +30.08829          0.000          0.988          -5.20          -38.6          635.3           0.22           -2.2            1.2          0.988            0.3         6081.7      8/26/2022     9:51:19 PM       00:16:55          16 55          -35.2
         1020.0         486.47          -5.58           5.24            2.7            332         6040.9         6054.9         6129.9     -095.98333      +30.08818         -0.012          0.994          -5.53          -39.0          633.3           0.21           -2.4            1.3          0.994            0.3         6115.9      8/26/2022     9:51:24 PM       00:17:00          17  0          -35.5
         1025.0         484.34          -5.91           5.50            2.9            334         6075.3         6089.5         6164.5     -095.98327      +30.08807         -0.024          1.000          -5.86          -38.7          631.3           0.22           -2.6            1.3          1.000            0.3         6150.3      8/26/2022     9:51:29 PM       00:17:05          17  5          -35.3
         1030.0         482.18          -6.23           5.78            3.1            334         6110.3         6124.6         6199.6     -095.98321      +30.08797         -0.036          1.006          -6.18          -38.5          629.2           0.22           -2.8            1.3          1.006            0.3         6185.3      8/26/2022     9:51:34 PM       00:17:10          17 10          -35.1
         1035.0         479.98          -6.55           5.74            3.3            336         6145.9         6160.3         6235.3     -095.98314      +30.08786         -0.048          1.012          -6.50          -38.8          627.1           0.22           -3.0            1.4          1.013            0.3         6220.9      8/26/2022     9:51:39 PM       00:17:15          17 15          -35.3
         1040.0         477.92          -6.83           6.10            3.6            336         6179.6         6194.0         6269.0     -095.98308      +30.08774         -0.061          1.018          -6.78          -38.4          625.1           0.22           -3.2            1.4          1.020            0.3         6254.6      8/26/2022     9:51:44 PM       00:17:20          17 20          -35.0
         1045.0         475.96          -7.17           6.51            3.7            337         6211.5         6226.1         6301.1     -095.98300      +30.08758         -0.079          1.026          -7.12          -38.0          623.3           0.23           -3.4            1.5          1.029            0.3         6286.5      8/26/2022     9:51:49 PM       00:17:25          17 25          -34.6
         1050.0         474.09          -7.44           6.27            3.8            338         6242.3         6256.9         6331.9     -095.98291      +30.08741         -0.098          1.035          -7.40          -38.6          621.5           0.22           -3.6            1.5          1.039            0.3         6317.3      8/26/2022     9:51:54 PM       00:17:30          17 30          -35.2
         1055.0         472.38          -7.64           6.83            3.9            338         6270.2         6285.0         6360.0     -095.98282      +30.08721         -0.120          1.043          -7.59          -37.9          619.7           0.24           -3.6            1.4          1.050            0.3         6345.2      8/26/2022     9:51:59 PM       00:17:35          17 35          -34.5
         1060.0         470.85          -7.53           6.74            4.0            339         6295.5         6310.3         6385.3     -095.98273      +30.08701         -0.142          1.051          -7.48          -38.0          617.4           0.23           -3.7            1.5          1.061            0.3         6370.5      8/26/2022     9:52:04 PM       00:17:40          17 40          -34.6
         1065.0         469.35          -7.71           6.94            3.9            339         6320.3         6335.2         6410.2     -095.98266      +30.08685         -0.161          1.059          -7.66          -37.8          615.9           0.24           -3.6            1.4          1.071            0.3         6395.3      8/26/2022     9:52:09 PM       00:17:45          17 45          -34.4
         1070.0         467.80          -7.87           6.80            3.7            338         6346.0         6361.0         6436.0     -095.98260      +30.08669         -0.178          1.064          -7.82          -38.1          614.2           0.23           -3.4            1.4          1.079            0.3         6421.0      8/26/2022     9:52:14 PM       00:17:50          17 50          -34.7
         1075.0         466.34          -8.07           6.71            3.4            337         6370.2         6385.3         6460.3     -095.98255      +30.08655         -0.193          1.069          -8.03          -38.4          612.8           0.22           -3.2            1.3          1.087            0.3         6445.2      8/26/2022     9:52:19 PM       00:17:55          17 55          -35.0
         1080.0         464.87          -8.28           6.67            3.2            337         6394.8         6410.0         6485.0     -095.98248      +30.08641         -0.209          1.076          -8.24          -38.7          611.3           0.22           -2.9            1.3          1.096            0.3         6469.8      8/26/2022     9:52:24 PM       00:18:00          18  0          -35.2
         1085.0         463.40          -8.50           6.38            3.1            324         6419.3         6434.6         6509.6     -095.98241      +30.08629         -0.222          1.082          -8.45          -39.2          609.9           0.21           -2.5            1.8          1.105            0.3         6494.3      8/26/2022     9:52:29 PM       00:18:05          18  5          -35.8
         1090.0         461.95          -8.72           6.62            3.1            317         6443.6         6458.9         6533.9     -095.98235      +30.08618         -0.234          1.089          -8.68          -39.1          608.5           0.21           -2.3            2.1          1.114            0.3         6518.6      8/26/2022     9:52:34 PM       00:18:10          18 10          -35.6
         1095.0         460.47          -8.90           6.87            3.2            310         6468.4         6483.8         6558.8     -095.98228      +30.08607         -0.247          1.095          -8.86          -38.8          607.0           0.21           -2.1            2.4          1.123            0.3         6543.4      8/26/2022     9:52:39 PM       00:18:15          18 15          -35.4
         1100.0         459.01          -9.05           7.05            3.3            304         6493.1         6508.6         6583.6     -095.98221      +30.08596         -0.259          1.102          -9.00          -38.7          605.4           0.22           -1.8            2.7          1.132            0.3         6568.1      8/26/2022     9:52:44 PM       00:18:20          18 20          -35.2
         1105.0         457.59          -9.22           6.76            3.4            300         6516.9         6532.5         6607.5     -095.98191      +30.08594         -0.261          1.131          -9.18          -39.2          603.9           0.21           -1.7            3.0          1.161            0.3         6591.9      8/26/2022     9:52:49 PM       00:18:25          18 25          -35.8
         1110.0         456.12          -9.35           6.68            3.7            298         6541.8         6557.5         6632.5     -095.98173      +30.08588         -0.268          1.148          -9.31          -39.5          602.3           0.20           -1.7            3.3          1.179            0.3         6616.8      8/26/2022     9:52:54 PM       00:18:30          18 30          -36.0
         1115.0         454.60          -9.32           6.19            3.9            295         6567.6         6583.4         6658.4     -095.98154      +30.08581         -0.276          1.166          -9.28          -40.2          600.2           0.19           -1.7            3.6          1.198            0.3         6642.6      8/26/2022     9:52:59 PM       00:18:35          18 35          -36.6
         1120.0         453.15          -9.34           5.23            4.2            294         6592.2         6608.1         6683.1     -095.98136      +30.08575         -0.283          1.184          -9.31          -41.8          598.4           0.16           -1.7            3.9          1.217            0.2         6667.2      8/26/2022     9:53:04 PM       00:18:40          18 40          -38.2
         1125.0         451.59          -9.40           4.73            4.1            304         6618.9         6634.8         6709.8     -095.98118      +30.08568         -0.290          1.201          -9.37          -42.8          596.4           0.14           -2.3            3.4          1.236            0.2         6693.9      8/26/2022     9:53:09 PM       00:18:45          18 45          -39.1
         1130.0         450.03          -9.54           4.23            4.2            308         6645.7         6661.7         6736.7     -095.98098      +30.08556         -0.304          1.220          -9.51          -43.9          594.7           0.13           -2.6            3.3          1.258            0.2         6720.7      8/26/2022     9:53:14 PM       00:18:50          18 50          -40.2
         1135.0         448.43          -9.71           3.66            4.4            314         6673.1         6689.2         6764.2     -095.98079      +30.08548         -0.313          1.238          -9.69          -45.4          593.0           0.11           -3.0            3.1          1.277            0.1         6748.1      8/26/2022     9:53:19 PM       00:18:55          18 55          -41.6
         1140.0         446.82          -9.83           2.36            4.7            326         6700.8         6717.0         6792.0     -095.98060      +30.08533         -0.329          1.257          -9.81          -49.4          591.1           0.07           -3.8            2.6          1.299            0.1         6775.8      8/26/2022     9:53:24 PM       00:19:00          19  0          -45.4
         1145.0         445.22          -9.72           1.74            5.0            334         6728.4         6744.8         6819.8     -095.98050      +30.08512         -0.353          1.266          -9.71          -52.0          588.8           0.05           -4.5            2.2          1.315            0.1         6803.4      8/26/2022     9:53:29 PM       00:19:05          19  5          -47.9
         1150.0         443.75          -9.66           1.45            5.3            342         6753.9         6770.4         6845.4     -095.98034      +30.08495         -0.372          1.282          -9.65          -53.6          586.7           0.04           -5.1            1.6          1.335            0.1         6828.9      8/26/2022     9:53:34 PM       00:19:10          19 10          -49.3
         1155.0         442.07          -9.61           1.62            5.7            349         6783.2         6799.7         6874.7     -095.98024      +30.08472         -0.397          1.291          -9.60          -52.6          584.4           0.05           -5.6            1.1          1.351            0.1         6858.2      8/26/2022     9:53:39 PM       00:19:15          19 15          -48.4
         1160.0         440.36          -9.70           2.30            5.9            354         6813.0         6829.6         6904.6     -095.98026      +30.08436         -0.437          1.289          -9.68          -49.6          582.3           0.07           -5.9            0.6          1.361            0.1         6888.0      8/26/2022     9:53:44 PM       00:19:20          19 20          -45.5
         1165.0         438.54          -9.93           2.17            6.1            357         6845.0         6861.7         6936.7     -095.98026      +30.08406         -0.471          1.290          -9.91          -50.3          580.4           0.06           -6.1            0.3          1.373            0.1         6920.0      8/26/2022     9:53:49 PM       00:19:25          19 25          -46.2
         1170.0         436.85         -10.06           1.93            6.4              0         6874.8         6891.7         6966.7     -095.98029      +30.08374         -0.506          1.286         -10.05          -51.4          578.4           0.05           -6.4            0.0          1.382            0.1         6949.8      8/26/2022     9:53:54 PM       00:19:30          19 30          -47.3
         1175.0         435.03         -10.31           2.10            6.8              0         6906.9         6923.8         6998.8     -095.98034      +30.08348         -0.535          1.282         -10.30          -50.8          576.6           0.06           -6.8            0.0          1.389            0.1         6981.9      8/26/2022     9:53:59 PM       00:19:35          19 35          -46.7
         1180.0         433.27         -10.43           2.27            6.8            358         6938.1         6955.1         7030.1     -095.98036      +30.08322         -0.564          1.280         -10.42          -50.2          574.5           0.06           -6.8            0.3          1.399            0.1         7013.1      8/26/2022     9:54:04 PM       00:19:40          19 40          -46.2
         1185.0         431.48         -10.53           2.79            6.9            355         6969.9         6987.1         7062.1     -095.98036      +30.08293         -0.596          1.280         -10.51          -48.5          572.3           0.08           -6.8            0.6          1.412            0.1         7044.9      8/26/2022     9:54:09 PM       00:19:45          19 45          -44.5
         1190.0         429.84         -10.72           3.04            6.9            352         6999.2         7016.5         7091.5     -095.98035      +30.08266         -0.627          1.281         -10.70          -47.8          570.6           0.08           -6.8            1.0          1.426            0.1         7074.2      8/26/2022     9:54:14 PM       00:19:50          19 50          -43.9
         1195.0         428.22         -10.86           2.71            7.2            349         7028.1         7045.5         7120.5     -095.98025      +30.08228         -0.669          1.290         -10.85          -48.9          568.8           0.07           -7.0            1.3          1.453            0.1         7103.1      8/26/2022     9:54:19 PM       00:19:55          19 55          -44.9
         1200.0         426.82         -10.92           3.08            7.4            347         7053.3         7070.8         7145.8     -095.98016      +30.08193         -0.708          1.300         -10.90          -47.9          567.0           0.08           -7.2            1.6          1.480            0.1         7128.3      8/26/2022     9:54:24 PM       00:20:00          20  0          -43.9
         1205.0         425.46         -11.03           2.88            7.5            346         7077.9         7095.4         7170.4     -095.98002      +30.08160         -0.744          1.313         -11.02          -48.5          565.4           0.08           -7.3            1.9          1.509            0.1         7152.9      8/26/2022     9:54:29 PM       00:20:05          20  5          -44.6
         1210.0         424.11         -11.20           3.25            7.7            344         7102.2         7119.9         7194.9     -095.97990      +30.08128         -0.780          1.325         -11.18          -47.6          564.0           0.08           -7.4            2.1          1.537            0.1         7177.2      8/26/2022     9:54:34 PM       00:20:10          20 10          -43.6
         1215.0         422.69         -11.30           4.84            7.5            344         7127.8         7145.6         7220.6     -095.97979      +30.08095         -0.816          1.335         -11.27          -44.0          562.3           0.13           -7.2            2.1          1.565            0.2         7202.8      8/26/2022     9:54:39 PM       00:20:15          20 15          -40.2
         1220.0         421.20         -11.48           5.74            7.5            343         7154.9         7172.7         7247.7     -095.97969      +30.08063         -0.852          1.345         -11.44          -42.5          560.7           0.15           -7.1            2.2          1.592            0.2         7229.9      8/26/2022     9:54:44 PM       00:20:20          20 20          -38.8
         1225.0         419.70         -11.70           6.78            7.5            343         7182.3         7200.2         7275.2     -095.97958      +30.08032         -0.886          1.355         -11.66          -41.1          559.2           0.17           -7.1            2.2          1.619            0.3         7257.3      8/26/2022     9:54:49 PM       00:20:25          20 25          -37.5
         1230.0         418.16         -11.95           8.33            7.6            344         7210.4         7228.4         7303.4     -095.97948      +30.08000         -0.922          1.365         -11.90          -39.3          557.6           0.20           -7.3            2.1          1.647            0.3         7285.4      8/26/2022     9:54:54 PM       00:20:30          20 30          -35.8
         1235.0         416.64         -12.19           9.32            7.6            343         7238.2         7256.4         7331.4     -095.97937      +30.07968         -0.958          1.376         -12.14          -38.4          556.1           0.22           -7.3            2.2          1.676            0.3         7313.2      8/26/2022     9:54:59 PM       00:20:35          20 35          -35.0
         1240.0         415.09         -12.44           9.63            7.8            343         7266.7         7285.0         7360.0     -095.97924      +30.07936         -0.993          1.388         -12.38          -38.3          554.6           0.23           -7.4            2.3          1.707            0.3         7341.7      8/26/2022     9:55:04 PM       00:20:40          20 40          -34.9
         1245.0         413.55         -12.69           9.50            7.9            342         7295.1         7313.4         7388.4     -095.97913      +30.07903         -1.030          1.399         -12.64          -38.6          553.0           0.22           -7.5            2.4          1.737            0.3         7370.1      8/26/2022     9:55:09 PM       00:20:45          20 45          -35.2
         1250.0         412.02         -13.02           9.47            8.0            342         7323.2         7341.7         7416.7     -095.97902      +30.07867         -1.070          1.409         -12.97          -38.9          551.7           0.21           -7.6            2.5          1.770            0.3         7398.2      8/26/2022     9:55:14 PM       00:20:50          20 50          -35.4
         1255.0         410.54         -13.21           9.66            8.0            341         7350.7         7369.2         7444.2     -095.97889      +30.07831         -1.109          1.422         -13.16          -38.9          550.1           0.21           -7.6            2.7          1.804            0.3         7425.7      8/26/2022     9:55:19 PM       00:20:55          20 55          -35.4
         1260.0         409.01         -13.44           9.96            8.1            340         7379.1         7397.8         7472.8     -095.97873      +30.07797         -1.148          1.437         -13.39          -38.7          548.6           0.22           -7.6            2.8          1.840            0.3         7454.1      8/26/2022     9:55:24 PM       00:21:00          21  0          -35.3
         1265.0         407.46         -13.64          10.12            8.1            339         7408.0         7426.7         7501.7     -095.97858      +30.07762         -1.187          1.451         -13.59          -38.7          546.9           0.22           -7.5            2.9          1.875            0.3         7483.0      8/26/2022     9:55:29 PM       00:21:05          21  5          -35.3
         1270.0         405.94         -13.89          10.50            8.0            337         7436.4         7455.3         7530.3     -095.97843      +30.07728         -1.225          1.466         -13.84          -38.6          545.4           0.22           -7.3            3.1          1.910            0.3         7511.4      8/26/2022     9:55:34 PM       00:21:10          21 10          -35.1
         1275.0         404.48         -14.17          10.64            7.9            336         7463.6         7482.5         7557.5     -095.97826      +30.07696         -1.260          1.482         -14.12          -38.7          544.0           0.22           -7.2            3.2          1.945            0.3         7538.6      8/26/2022     9:55:39 PM       00:21:15          21 15          -35.2
         1280.0         403.03         -14.51          10.94            7.9            334         7490.9         7510.0         7585.0     -095.97809      +30.07664         -1.296          1.499         -14.46          -38.7          542.8           0.22           -7.1            3.4          1.981            0.3         7565.9      8/26/2022     9:55:44 PM       00:21:20          21 20          -35.2
         1285.0         401.54         -14.82          11.18            7.9            333         7518.8         7538.0         7613.0     -095.97792      +30.07632         -1.331          1.515         -14.77          -38.7          541.4           0.22           -7.0            3.6          2.017            0.3         7593.8      8/26/2022     9:55:49 PM       00:21:25          21 25          -35.3
         1290.0         400.04         -15.13          11.10            7.9            332         7547.1         7566.4         7641.4     -095.97773      +30.07603         -1.363          1.533         -15.08          -39.0          540.0           0.21           -7.0            3.7          2.052            0.3         7622.1      8/26/2022     9:55:54 PM       00:21:30          21 30          -35.6
         1295.0         398.31         -15.35          11.32            8.0            332         7579.9         7599.3         7674.3     -095.97756      +30.07573         -1.397          1.550         -15.30          -39.0          538.2           0.21           -7.1            3.8          2.087            0.3         7654.9      8/26/2022     9:55:59 PM       00:21:35          21 35          -35.5
         1300.0         396.85         -15.57          11.32            8.2            331         7607.6         7627.1         7702.1     -095.97732      +30.07542         -1.432          1.573         -15.52          -39.2          536.7           0.21           -7.1            4.0          2.127            0.3         7682.6      8/26/2022     9:56:04 PM       00:21:40          21 40          -35.7
         1305.0         395.58         -15.84          11.82            8.3            330         7631.7         7651.3         7726.3     -095.97711      +30.07510         -1.467          1.594         -15.78          -39.0          535.5           0.21           -7.2            4.2          2.166            0.3         7706.7      8/26/2022     9:56:09 PM       00:21:45          21 45          -35.5
         1310.0         394.24         -16.07          11.64            8.5            329         7657.3         7677.0         7752.0     -095.97690      +30.07476         -1.505          1.614         -16.02          -39.3          534.1           0.20           -7.3            4.4          2.207            0.3         7732.3      8/26/2022     9:56:14 PM       00:21:50          21 50          -35.8
         1315.0         392.97         -16.30          11.67            8.8            328         7681.6         7701.4         7776.4     -095.97668      +30.07442         -1.543          1.635         -16.25          -39.5          532.9           0.20           -7.4            4.7          2.248            0.3         7756.6      8/26/2022     9:56:19 PM       00:21:55          21 55          -36.0
         1320.0         391.87         -16.50          11.83            8.9            327         7702.8         7722.6         7797.6     -095.97643      +30.07407         -1.582          1.658         -16.45          -39.5          531.8           0.20           -7.5            4.9          2.292            0.3         7777.8      8/26/2022     9:56:24 PM       00:22:00          22  0          -36.0
         1325.0         390.50         -16.76          11.84            9.1            326         7729.0         7749.0         7824.0     -095.97618      +30.07373         -1.619          1.683         -16.71          -39.7          530.5           0.20           -7.5            5.1          2.335            0.3         7804.0      8/26/2022     9:56:29 PM       00:22:05          22  5          -36.2
         1330.0         389.10         -17.01          12.00            9.2            324         7755.9         7776.0         7851.0     -095.97591      +30.07340         -1.656          1.709         -16.96          -39.8          529.1           0.19           -7.4            5.5          2.380            0.3         7830.9      8/26/2022     9:56:34 PM       00:22:10          22 10          -36.3
         1335.0         387.90         -17.23          12.31            9.3            322         7779.0         7799.2         7874.2     -095.97562      +30.07306         -1.694          1.737         -17.18          -39.7          528.0           0.20           -7.3            5.8          2.426            0.3         7854.0      8/26/2022     9:56:39 PM       00:22:15          22 15          -36.2
         1340.0         386.56         -17.46          12.94            9.4            321         7805.0         7825.3         7900.3     -095.97529      +30.07273         -1.731          1.768         -17.41          -39.4          526.6           0.20           -7.2            6.0          2.474            0.3         7880.0      8/26/2022     9:56:44 PM       00:22:20          22 20          -35.9
         1345.0         384.98         -17.77          13.13            9.5            319         7835.6         7856.0         7931.0     -095.97497      +30.07241         -1.767          1.799         -17.72          -39.5          525.1           0.20           -7.2            6.2          2.521            0.3         7910.6      8/26/2022     9:56:49 PM       00:22:25          22 25          -36.0
         1350.0         383.39         -18.07          14.38            9.6            319         7866.6         7887.1         7962.1     -095.97463      +30.07209         -1.802          1.832         -18.02          -38.9          523.5           0.21           -7.2            6.3          2.570            0.3         7941.6      8/26/2022     9:56:54 PM       00:22:30          22 30          -35.4
         1355.0         381.64         -18.37          13.93            9.7            318         7900.7         7921.3         7996.3     -095.97429      +30.07178         -1.837          1.865         -18.32          -39.5          521.8           0.20           -7.3            6.4          2.618            0.3         7975.7      8/26/2022     9:56:59 PM       00:22:35          22 35          -36.0
         1360.0         379.78         -18.70          15.30            9.7            318         7937.2         7958.0         8033.0     -095.97396      +30.07147         -1.871          1.897         -18.65          -38.8          519.9           0.21           -7.2            6.4          2.664            0.4         8012.2      8/26/2022     9:57:04 PM       00:22:40          22 40          -35.4
         1365.0         378.07         -19.05          14.98            9.7            318         7970.7         7991.6         8066.6     -095.97362      +30.07114         -1.908          1.929         -18.99          -39.3          518.2           0.20           -7.2            6.5          2.713            0.3         8045.7      8/26/2022     9:57:09 PM       00:22:45          22 45          -35.8
         1370.0         376.65         -19.34          16.43            9.6            318         7998.8         8019.8         8094.8     -095.97328      +30.07080         -1.946          1.962         -19.28          -38.7          516.9           0.22           -7.1            6.4          2.763            0.4         8073.8      8/26/2022     9:57:14 PM       00:22:50          22 50          -35.2
         1375.0         375.51         -19.53          15.26            9.6            318         8021.3         8042.4         8117.4     -095.97295      +30.07044         -1.985          1.994         -19.48          -39.5          515.7           0.20           -7.1            6.5          2.814            0.3         8096.3      8/26/2022     9:57:19 PM       00:22:55          22 55          -36.0
         1380.0         374.29         -19.78          16.01            9.7            317         8045.4         8066.6         8141.6     -095.97262      +30.07012         -2.021          2.026         -19.72          -39.3          514.5           0.20           -7.1            6.5          2.861            0.3         8120.4      8/26/2022     9:57:24 PM       00:23:00          23  0          -35.8
         1385.0         372.99         -20.04          15.73            9.6            317         8071.1         8092.4         8167.4     -095.97229      +30.06982         -2.054          2.057         -19.99          -39.7          513.3           0.20           -7.0            6.6          2.908            0.3         8146.1      8/26/2022     9:57:29 PM       00:23:05          23  5          -36.2
         1390.0         371.74         -20.24          14.36            9.7            316         8096.0         8117.4         8192.4     -095.97195      +30.06952         -2.088          2.090         -20.19          -40.7          512.0           0.18           -6.9            6.7          2.954            0.3         8171.0      8/26/2022     9:57:34 PM       00:23:10          23 10          -37.1
         1395.0         370.47         -20.47          13.69            9.7            314         8121.3         8142.8         8217.8     -095.97160      +30.06921         -2.122          2.124         -20.43          -41.4          510.7           0.17           -6.8            6.9          3.003            0.3         8196.3      8/26/2022     9:57:39 PM       00:23:15          23 15          -37.8
         1400.0         368.95         -20.75          13.28            9.8            313         8151.8         8173.4         8248.4     -095.97124      +30.06891         -2.155          2.158         -20.71          -41.9          509.2           0.16           -6.7            7.2          3.050            0.3         8226.8      8/26/2022     9:57:44 PM       00:23:20          23 20          -38.2
         1405.0         367.43         -21.01          14.03           10.0            312         8182.3         8204.0         8279.0     -095.97088      +30.06861         -2.189          2.194         -20.97          -41.6          507.6           0.16           -6.6            7.4          3.099            0.3         8257.3      8/26/2022     9:57:49 PM       00:23:25          23 25          -38.0
         1410.0         366.22         -21.19          14.05           10.2            311         8206.6         8228.4         8303.4     -095.97048      +30.06831         -2.223          2.232         -21.15          -41.7          506.3           0.16           -6.6            7.7          3.150            0.3         8281.6      8/26/2022     9:57:54 PM       00:23:30          23 30          -38.1
         1415.0         365.03         -21.37          13.97           10.3            309         8230.7         8252.6         8327.6     -095.97006      +30.06801         -2.256          2.272         -21.33          -41.9          505.0           0.16           -6.5            8.0          3.202            0.3         8305.7      8/26/2022     9:57:59 PM       00:23:35          23 35          -38.3
         1420.0         363.84         -21.53          13.80           10.6            308         8254.6         8276.6         8351.6     -095.96964      +30.06773         -2.287          2.312         -21.49          -42.2          503.7           0.15           -6.5            8.3          3.252            0.3         8329.6      8/26/2022     9:58:04 PM       00:23:40          23 40          -38.5
         1425.0         362.72         -21.71          12.70           10.8            307         8277.3         8299.4         8374.4     -095.96921      +30.06743         -2.320          2.355         -21.68          -43.1          502.5           0.14           -6.5            8.7          3.306            0.2         8352.3      8/26/2022     9:58:09 PM       00:23:45          23 45          -39.4
         1430.0         361.66         -21.91          12.61           11.0            307         8299.0         8321.2         8396.2     -095.96875      +30.06714         -2.352          2.399         -21.88          -43.3          501.4           0.13           -6.6            8.8          3.360            0.2         8374.0      8/26/2022     9:58:14 PM       00:23:50          23 50          -39.6
         1435.0         360.49         -22.04          11.54           11.1            307         8322.7         8345.0         8420.0     -095.96827      +30.06686         -2.384          2.444         -22.01          -44.3          500.1           0.12           -6.6            8.9          3.414            0.2         8397.7      8/26/2022     9:58:19 PM       00:23:55          23 55          -40.5
         1440.0         359.34         -22.18           9.66           11.1            307         8346.2         8368.6         8443.6     -095.96778      +30.06656         -2.417          2.492         -22.16          -46.0          498.8           0.10           -6.7            8.9          3.472            0.2         8421.2      8/26/2022     9:58:24 PM       00:24:00          24  0          -42.2
         1445.0         358.21         -22.31          10.60           11.1            308         8369.3         8391.8         8466.8     -095.96728      +30.06626         -2.451          2.540         -22.29          -45.3          497.5           0.11           -6.8            8.8          3.529            0.2         8444.3      8/26/2022     9:58:29 PM       00:24:05          24  5          -41.4
         1450.0         357.09         -22.49          10.29           11.1            309         8392.2         8414.8         8489.8     -095.96682      +30.06595         -2.485          2.585         -22.47          -45.7          496.3           0.10           -7.0            8.7          3.586            0.2         8467.2      8/26/2022     9:58:34 PM       00:24:10          24 10          -41.8
         1455.0         355.93         -22.70          10.82           11.1            310         8416.1         8438.8         8513.8     -095.96638      +30.06564         -2.519          2.627         -22.67          -45.4          495.0           0.11           -7.1            8.5          3.640            0.2         8491.1      8/26/2022     9:58:39 PM       00:24:15          24 15          -41.6
         1460.0         354.89         -22.85           9.49           11.0            311         8437.6         8460.4         8535.4     -095.96596      +30.06532         -2.555          2.667         -22.82          -46.7          493.9           0.09           -7.2            8.3          3.693            0.2         8512.6      8/26/2022     9:58:44 PM       00:24:20          24 20          -42.8
         1465.0         353.86         -22.97           9.26           10.9            313         8459.0         8481.8         8556.8     -095.96556      +30.06498         -2.593          2.706         -22.94          -47.0          492.7           0.09           -7.4            8.0          3.748            0.2         8534.0      8/26/2022     9:58:49 PM       00:24:25          24 25          -43.1
         1470.0         352.69         -23.19           9.60           10.8            315         8483.3         8506.2         8581.2     -095.96515      +30.06463         -2.632          2.746         -23.16          -46.9          491.5           0.09           -7.6            7.7          3.803            0.2         8558.3      8/26/2022     9:58:54 PM       00:24:30          24 30          -43.0
         1475.0         351.53         -23.39           9.73           10.9            317         8507.4         8530.4         8605.4     -095.96474      +30.06429         -2.669          2.785         -23.36          -46.9          490.3           0.09           -8.0            7.4          3.857            0.2         8582.4      8/26/2022     9:58:59 PM       00:24:35          24 35          -43.0
         1480.0         350.04         -23.70          10.89           10.9            320         8538.2         8561.4         8636.4     -095.96435      +30.06396         -2.706          2.823         -23.67          -46.1          488.8           0.10           -8.3            7.0          3.910            0.2         8613.2      8/26/2022     9:59:04 PM       00:24:40          24 40          -42.3
         1485.0         348.50         -23.99          10.74           10.8            322         8570.4         8593.7         8668.7     -095.96397      +30.06360         -2.746          2.859         -23.96          -46.5          487.2           0.10           -8.6            6.6          3.964            0.2         8645.4      8/26/2022     9:59:09 PM       00:24:45          24 45          -42.6
         1490.0         347.05         -24.26          10.87           10.9            326         8601.0         8624.4         8699.4     -095.96362      +30.06320         -2.790          2.893         -24.23          -46.6          485.7           0.09           -9.0            6.1          4.019            0.2         8676.0      8/26/2022     9:59:14 PM       00:24:50          24 50          -42.7
         1495.0         345.59         -24.39          10.03           11.0            329         8631.7         8655.2         8730.2     -095.96329      +30.06277         -2.838          2.925         -24.37          -47.5          483.9           0.09           -9.4            5.6          4.076            0.2         8706.7      8/26/2022     9:59:19 PM       00:24:55          24 55          -43.5
         1500.0         344.16         -24.59           9.18           11.1            333         8661.9         8685.5         8760.5     -095.96305      +30.06234         -2.886          2.948         -24.57          -48.4          482.3           0.08           -9.9            5.0          4.125            0.1         8736.9      8/26/2022     9:59:24 PM       00:25:00          25  0          -44.4
         1505.0         343.02         -24.76           8.03           11.3            337         8686.0         8709.8         8784.8     -095.96282      +30.06188         -2.937          2.970         -24.74          -49.7          481.1           0.07          -10.3            4.5          4.177            0.1         8761.0      8/26/2022     9:59:29 PM       00:25:05          25  5          -45.7
         1510.0         341.93         -24.80           7.51           11.4            340         8709.1         8733.0         8808.0     -095.96263      +30.06137         -2.994          2.988         -24.78          -50.4          479.6           0.06          -10.7            4.0          4.230            0.1         8784.1      8/26/2022     9:59:34 PM       00:25:10          25 10          -46.3
         1515.0         340.78         -24.95           7.44           11.7            342         8733.6         8757.6         8832.6     -095.96243      +30.06090         -3.047          3.008         -24.94          -50.6          478.3           0.06          -11.1            3.6          4.281            0.1         8808.6      8/26/2022     9:59:39 PM       00:25:15          25 15          -46.5
         1520.0         339.66         -25.07           6.34           12.0            344         8757.5         8781.6         8856.6     -095.96227      +30.06039         -3.103          3.023         -25.06          -52.0          477.0           0.05          -11.6            3.4          4.332            0.1         8832.5      8/26/2022     9:59:44 PM       00:25:20          25 20          -47.9
         1525.0         338.52         -25.09           4.24           12.4            345         8781.8         8806.0         8881.0     -095.96212      +30.05988         -3.160          3.037         -25.08          -55.5          475.4           0.03          -12.0            3.2          4.383            0.1         8856.8      8/26/2022     9:59:49 PM       00:25:25          25 25          -51.2
         1530.0         337.38         -25.15           5.50           12.7            346         8806.3         8830.6         8905.6     -095.96197      +30.05935         -3.219          3.052         -25.14          -53.3          473.9           0.04          -12.4            3.1          4.436            0.1         8881.3      8/26/2022     9:59:54 PM       00:25:30          25 30          -49.1
         1535.0         336.17         -25.30           6.45           13.1            347         8832.5         8856.9         8931.9     -095.96181      +30.05878         -3.283          3.068         -25.29          -52.1          472.5           0.05          -12.7            3.0          4.493            0.1         8907.5      8/26/2022     9:59:59 PM       00:25:35          25 35          -47.9
         1540.0         334.98         -25.46           7.80           13.4            348         8858.1         8882.6         8957.6     -095.96165      +30.05818         -3.349          3.083         -25.44          -50.5          471.1           0.06          -13.1            2.8          4.552            0.1         8933.1      8/26/2022    10:00:04 PM       00:25:40          25 40          -46.5
         1545.0         333.83         -25.62          10.48           13.7            348         8883.0         8907.6         8982.6     -095.96148      +30.05756         -3.418          3.099         -25.59          -48.1          469.8           0.08          -13.4            2.7          4.614            0.1         8958.0      8/26/2022    10:00:09 PM       00:25:45          25 45          -44.1
         1550.0         332.72         -25.72           9.18           14.0            349         8907.3         8932.0         9007.0     -095.96134      +30.05693         -3.488          3.113         -25.70          -49.3          468.4           0.07          -13.7            2.6          4.675            0.1         8982.3      8/26/2022    10:00:14 PM       00:25:50          25 50          -45.3
         1555.0         331.55         -25.90           9.40           14.1            350         8932.8         8957.6         9032.6     -095.96120      +30.05631         -3.557          3.126         -25.88          -49.2          467.1           0.07          -13.9            2.4          4.735            0.1         9007.8      8/26/2022    10:00:19 PM       00:25:55          25 55          -45.2
         1560.0         330.39         -26.05           8.45           14.3            351         8958.1         8983.0         9058.0     -095.96109      +30.05569         -3.626          3.137         -26.03          -50.3          465.8           0.06          -14.1            2.3          4.794            0.1         9033.1      8/26/2022    10:00:24 PM       00:26:00          26  0          -46.2
         1565.0         329.26         -26.20           8.32           14.4            351         8982.8         9007.8         9082.8     -095.96099      +30.05506         -3.696          3.147         -26.18          -50.6          464.5           0.06          -14.3            2.2          4.854            0.1         9057.8      8/26/2022    10:00:29 PM       00:26:05          26  5          -46.5
         1570.0         328.18         -26.32           6.16           14.5            351         9006.7         9031.8         9106.8     -095.96090      +30.05442         -3.768          3.155         -26.31          -53.2          463.2           0.04          -14.4            2.2          4.914            0.1         9081.7      8/26/2022    10:00:34 PM       00:26:10          26 10          -49.0
         1575.0         327.04         -26.40           7.33           14.7            351         9031.8         9057.0         9132.0     -095.96082      +30.05376         -3.840          3.163         -26.38          -51.8          461.7           0.05          -14.6            2.2          4.975            0.1         9106.8      8/26/2022    10:00:39 PM       00:26:15          26 15          -47.7
         1580.0         325.89         -26.56           5.62           15.0            351         9057.3         9082.6         9157.6     -095.96071      +30.05310         -3.914          3.174         -26.55          -54.2          460.4           0.04          -14.8            2.3          5.039            0.1         9132.3      8/26/2022    10:00:44 PM       00:26:20          26 20          -50.0
         1585.0         324.69         -26.67           5.35           15.3            351         9083.8         9109.2         9184.2     -095.96058      +30.05243         -3.988          3.186         -26.66          -54.7          458.9           0.04          -15.1            2.5          5.104            0.1         9158.8      8/26/2022    10:00:49 PM       00:26:25          26 25          -50.5
         1590.0         323.63         -26.78           4.75           15.5            350         9107.5         9133.0         9208.0     -095.96044      +30.05176         -4.063          3.199         -26.77          -55.8          457.6           0.03          -15.3            2.7          5.172            0.1         9182.5      8/26/2022    10:00:54 PM       00:26:30          26 30          -51.5
         1595.0         322.53         -26.81           4.69           15.6            349         9132.0         9157.6         9232.6     -095.96028      +30.05107         -4.140          3.214         -26.80          -55.9          456.1           0.03          -15.3            2.9          5.241            0.1         9207.0      8/26/2022    10:00:59 PM       00:26:35          26 35          -51.6
         1600.0         321.41         -27.00           5.78           15.5            349         9157.1         9182.8         9257.8     -095.96013      +30.05036         -4.218          3.230         -26.99          -54.3          454.9           0.04          -15.2            3.0          5.313            0.1         9232.1      8/26/2022    10:01:04 PM       00:26:40          26 40          -50.1
         1605.0         320.29         -27.18           5.53           15.3            348         9182.2         9208.0         9283.0     -095.95995      +30.04963         -4.299          3.247         -27.17          -54.8          453.6           0.04          -15.0            3.1          5.388            0.1         9257.2      8/26/2022    10:01:09 PM       00:26:45          26 45          -50.6
         1610.0         319.03         -27.44           5.08           15.0            348         9210.6         9236.6         9311.6     -095.95978      +30.04893         -4.378          3.263         -27.43          -55.7          452.3           0.03          -14.7            3.0          5.460            0.1         9285.6      8/26/2022    10:01:14 PM       00:26:50          26 50          -51.4
         1615.0         317.54         -27.67           4.18           14.5            348         9244.1         9270.2         9345.2     -095.95961      +30.04825         -4.453          3.280         -27.67          -57.5          450.7           0.03          -14.2            2.9          5.531            0.1         9319.1      8/26/2022    10:01:19 PM       00:26:55          26 55          -53.2
         1620.0         316.05         -27.96           3.84           14.1            348         9277.9         9304.2         9379.2     -095.95945      +30.04762         -4.524          3.295         -27.96          -58.4          449.1           0.02          -13.8            2.9          5.597            0.0         9352.9      8/26/2022    10:01:24 PM       00:27:00          27  0          -54.0
         1625.0         314.47         -28.20           3.31           13.5            348         9314.0         9340.4         9415.4     -095.95931      +30.04704         -4.588          3.309         -28.19          -59.8          447.2           0.02          -13.3            2.7          5.657            0.0         9389.0      8/26/2022    10:01:29 PM       00:27:05          27  5          -55.4
         1630.0         313.29         -28.05           1.41           13.1            348         9340.9         9367.4         9442.4     -095.95918      +30.04649         -4.649          3.321         -28.04          -66.3          445.3           0.01          -12.8            2.6          5.713            0.0         9415.9      8/26/2022    10:01:34 PM       00:27:10          27 10          -61.7
         1635.0         312.19         -28.09           1.45           12.7            349         9366.2         9392.8         9467.8     -095.95906      +30.04595         -4.710          3.332         -28.08          -66.1          443.8           0.01          -12.5            2.5          5.769            0.0         9441.2      8/26/2022    10:01:39 PM       00:27:15          27 15          -61.5
         1640.0         311.07         -28.19           1.95           12.5            349         9391.9         9418.6         9493.6     -095.95894      +30.04539         -4.772          3.344         -28.18          -63.9          442.4           0.01          -12.3            2.4          5.827            0.0         9466.9      8/26/2022    10:01:44 PM       00:27:20          27 20          -59.3
         1645.0         309.97         -28.27           1.07           12.5            349         9417.3         9444.2         9519.2     -095.95881      +30.04486         -4.830          3.357         -28.27          -68.5          441.0           0.01          -12.3            2.4          5.882            0.0         9492.3      8/26/2022    10:01:49 PM       00:27:25          27 25          -63.8
         1650.0         308.94         -28.42           1.64           12.6            349         9441.2         9468.2         9543.2     -095.95868      +30.04432         -4.890          3.369         -28.42          -65.4          439.8           0.01          -12.4            2.4          5.938            0.0         9516.2      8/26/2022    10:01:54 PM       00:27:30          27 30          -60.8
         1655.0         307.80         -28.54           1.85           12.8            349         9467.7         9494.8         9569.8     -095.95856      +30.04377         -4.952          3.380         -28.54          -64.6          438.4           0.01          -12.6            2.4          5.996            0.0         9542.7      8/26/2022    10:01:59 PM       00:27:35          27 35          -60.0
         1660.0         306.71         -28.67           2.24           13.0            350         9493.0         9520.2         9595.2     -095.95844      +30.04320         -5.015          3.393         -28.67          -63.2          437.1           0.01          -12.8            2.4          6.054            0.0         9568.0      8/26/2022    10:02:04 PM       00:27:40          27 40          -58.7
         1665.0         305.61         -28.90           1.92           13.2            350         9518.7         9546.0         9621.0     -095.95831      +30.04262         -5.079          3.405         -28.90          -64.5          435.9           0.01          -13.0            2.3          6.115            0.0         9593.7      8/26/2022    10:02:09 PM       00:27:45          27 45          -60.0
         1670.0         304.49         -29.13           1.97           13.5            350         9545.0         9572.4         9647.4     -095.95819      +30.04203         -5.145          3.417         -29.13          -64.5          434.7           0.01          -13.3            2.2          6.176            0.0         9620.0      8/26/2022    10:02:14 PM       00:27:50          27 50          -59.9
         1675.0         303.40         -29.38           2.35           13.7            351         9570.7         9598.2         9673.2     -095.95807      +30.04141         -5.214          3.428         -29.38          -63.4          433.6           0.01          -13.5            2.1          6.240            0.0         9645.7      8/26/2022    10:02:19 PM       00:27:55          27 55          -58.8
         1680.0         302.27         -29.61           1.45           13.9            352         9597.2         9624.8         9699.8     -095.95796      +30.04079         -5.284          3.439         -29.61          -67.2          432.4           0.01          -13.8            1.9          6.304            0.0         9672.2      8/26/2022    10:02:24 PM       00:28:00          28  0          -62.5
         1685.0         301.11         -29.84           2.54           14.2            353         9624.6         9652.4         9727.4     -095.95785      +30.04017         -5.352          3.449         -29.84          -63.1          431.1           0.01          -14.1            1.7          6.367            0.0         9699.6      8/26/2022    10:02:29 PM       00:28:05          28  5          -58.5
         1690.0         300.01         -30.03           1.90           14.4            354         9650.7         9678.6         9753.6     -095.95776      +30.03955         -5.421          3.458         -30.03          -65.4          429.9           0.01          -14.3            1.4          6.430            0.0         9725.7      8/26/2022    10:02:34 PM       00:28:10          28 10          -60.8
         1695.0         298.72         -30.32           2.80           14.6            356         9681.2         9709.2         9784.2     -095.95770      +30.03891         -5.492          3.464         -30.32          -62.7          428.6           0.01          -14.6            1.0          6.494            0.0         9756.2      8/26/2022    10:02:39 PM       00:28:15          28 15          -58.1
         1700.0         297.51         -30.59           3.28           14.9            357         9710.1         9738.2         9813.2     -095.95764      +30.03825         -5.566          3.469         -30.58          -61.6          427.3           0.02          -14.9            0.7          6.559            0.0         9785.1      8/26/2022    10:02:44 PM       00:28:20          28 20          -57.1
         1705.0         296.41         -30.80           2.89           15.2            359         9736.3         9764.6         9839.6     -095.95761      +30.03756         -5.642          3.472         -30.79          -62.8          426.1           0.01          -15.2            0.3          6.625            0.0         9811.3      8/26/2022    10:02:49 PM       00:28:25          28 25          -58.3
         1710.0         295.35         -30.97           4.15           15.5              0         9761.8         9790.2         9865.2     -095.95761      +30.03688         -5.719          3.473         -30.96          -60.1          424.9           0.02          -15.5            0.0          6.690            0.0         9836.8      8/26/2022    10:02:54 PM       00:28:30          28 30          -55.6
         1715.0         294.26         -31.12           5.42           15.7              1         9788.1         9816.6         9891.6     -095.95764      +30.03616         -5.798          3.469         -31.11          -58.0          423.5           0.02          -15.7           -0.3          6.757            0.1         9863.1      8/26/2022    10:02:59 PM       00:28:35          28 35          -53.7
         1720.0         293.17         -31.30           6.54           15.9              2         9814.4         9843.0         9918.0     -095.95768      +30.03544         -5.878          3.466         -31.29          -56.6          422.3           0.03          -15.9           -0.5          6.824            0.1         9889.4      8/26/2022    10:03:04 PM       00:28:40          28 40          -52.3
         1725.0         292.18         -31.45           7.93           15.9              2         9838.3         9867.0         9942.0     -095.95772      +30.03471         -5.959          3.462         -31.44          -55.2          421.1           0.04          -15.9           -0.6          6.891            0.1         9913.3      8/26/2022    10:03:09 PM       00:28:45          28 45          -50.9
         1730.0         291.17         -31.59          10.64           16.0              2         9862.8         9891.6         9966.6     -095.95776      +30.03398         -6.040          3.457         -31.57          -52.8          419.9           0.05          -15.9           -0.5          6.960            0.1         9937.8      8/26/2022    10:03:14 PM       00:28:50          28 50          -48.6
         1735.0         290.10         -31.81          10.65           15.9              1         9888.7         9917.6         9992.6     -095.95782      +30.03326         -6.120          3.452         -31.80          -53.0          418.8           0.05          -15.9           -0.4          7.027            0.1         9963.7      8/26/2022    10:03:19 PM       00:28:55          28 55          -48.8
         1740.0         289.05         -32.02           9.26           15.9              1         9914.3         9943.4        10018.4     -095.95784      +30.03255         -6.200          3.451         -32.01          -54.3          417.6           0.04          -15.9           -0.2          7.096            0.1         9989.3      8/26/2022    10:03:24 PM       00:29:00          29  0          -50.1
         1745.0         287.98         -32.18           7.82           15.8              0         9940.6         9969.8        10044.8     -095.95784      +30.03185         -6.278          3.450         -32.17          -55.9          416.3           0.03          -15.8           -0.1          7.163            0.1        10015.6      8/26/2022    10:03:29 PM       00:29:05          29  5          -51.6
         1750.0         286.92         -32.30           7.31           15.7            359         9966.5         9995.8        10070.8     -095.95782      +30.03114         -6.356          3.452         -32.29          -56.5          415.0           0.03          -15.7            0.1          7.233            0.1        10041.5      8/26/2022    10:03:34 PM       00:29:10          29 10          -52.2
         1755.0         285.85         -32.52           7.21           15.7            359         9992.8        10022.2        10097.2     -095.95780      +30.03044         -6.434          3.454         -32.51          -56.8          413.8           0.03          -15.7            0.4          7.303            0.1        10067.8      8/26/2022    10:03:39 PM       00:29:15          29 15          -52.5
         1760.0         284.78         -32.75           7.00           15.7            358        10019.3        10048.8        10123.8     -095.95777      +30.02974         -6.512          3.457         -32.74          -57.2          412.7           0.03          -15.7            0.6          7.373            0.1        10094.3      8/26/2022    10:03:44 PM       00:29:20          29 20          -52.9
         1765.0         283.72         -32.98           7.06           15.8            358        10045.6        10075.2        10150.2     -095.95775      +30.02904         -6.590          3.459         -32.97          -57.3          411.5           0.03          -15.7            0.7          7.443            0.1        10120.6      8/26/2022    10:03:49 PM       00:29:25          29 25          -53.0
         1770.0         282.66         -33.25           7.00           15.7            358        10071.8        10101.6        10176.6     -095.95770      +30.02833         -6.669          3.463         -33.25          -57.6          410.5           0.03          -15.7            0.7          7.514            0.1        10146.8      8/26/2022    10:03:54 PM       00:29:30          29 30          -53.3
         1775.0         281.61         -33.46           7.02           15.7            358        10097.9        10127.8        10202.8     -095.95766      +30.02762         -6.748          3.468         -33.46          -57.8          409.3           0.03          -15.7            0.7          7.587            0.1        10172.9      8/26/2022    10:03:59 PM       00:29:35          29 35          -53.4
         1780.0         280.61         -33.72           7.09           15.6            358        10122.8        10152.8        10227.8     -095.95761      +30.02690         -6.829          3.473         -33.71          -57.9          408.3           0.03          -15.6            0.6          7.661            0.1        10197.8      8/26/2022    10:04:04 PM       00:29:40          29 40          -53.5
         1785.0         279.57         -33.96           7.57           15.5            358        10148.9        10179.0        10254.0     -095.95756      +30.02618         -6.908          3.477         -33.95          -57.5          407.2           0.03          -15.5            0.6          7.734            0.1        10223.9      8/26/2022    10:04:09 PM       00:29:45          29 45          -53.2
         1790.0         278.46         -34.21           7.69           15.4            358        10176.8        10207.0        10282.0     -095.95754      +30.02549         -6.985          3.480         -34.20          -57.6          406.0           0.03          -15.4            0.5          7.804            0.1        10251.8      8/26/2022    10:04:14 PM       00:29:50          29 50          -53.2
         1795.0         277.41         -34.47           7.35           15.2            359        10203.0        10233.4        10308.4     -095.95752      +30.02480         -7.062          3.481         -34.46          -58.2          404.9           0.02          -15.2            0.4          7.873            0.1        10278.0      8/26/2022    10:04:19 PM       00:29:55          29 55          -53.8
         1800.0         276.30         -34.74           7.28           14.9            359        10231.1        10261.6        10336.6     -095.95751      +30.02413         -7.137          3.482         -34.73          -58.5          403.7           0.02          -14.9            0.2          7.941            0.1        10306.1      8/26/2022    10:04:24 PM       00:30:00          30  0          -54.1
         1805.0         275.18         -35.03           8.14           14.7            359        10259.6        10290.2        10365.2     -095.95750      +30.02346         -7.211          3.483         -35.02          -57.8          402.6           0.03          -14.7            0.1          8.008            0.1        10334.6      8/26/2022    10:04:29 PM       00:30:05          30  5          -53.4
         1810.0         274.12         -35.24           7.71           14.5            360        10286.2        10317.0        10392.0     -095.95750      +30.02281         -7.284          3.483         -35.23          -58.4          401.4           0.02          -14.5            0.1          8.074            0.1        10361.2      8/26/2022    10:04:34 PM       00:30:10          30 10          -54.0
         1815.0         273.01         -35.52           8.15           14.3            360        10314.7        10345.6        10420.6     -095.95751      +30.02216         -7.355          3.482         -35.51          -58.2          400.2           0.02          -14.3            0.1          8.138            0.1        10389.7      8/26/2022    10:04:39 PM       00:30:15          30 15          -53.8
         1820.0         271.98         -35.69           8.08           14.1            359        10341.0        10372.0        10447.0     -095.95751      +30.02153         -7.426          3.482         -35.68          -58.4          399.0           0.02          -14.1            0.1          8.202            0.1        10416.0      8/26/2022    10:04:44 PM       00:30:20          30 20          -54.0
         1825.0         270.98         -35.93           9.02           13.9            359        10366.5        10397.6        10472.6     -095.95750      +30.02090         -7.496          3.483         -35.92          -57.7          398.0           0.03          -13.9            0.2          8.265            0.1        10441.5      8/26/2022    10:04:49 PM       00:30:25          30 25          -53.3
         1830.0         269.91         -36.16           9.68           13.7            359        10393.9        10425.2        10500.2     -095.95749      +30.02027         -7.566          3.484         -36.15          -57.3          396.8           0.03          -13.7            0.2          8.329            0.1        10468.9      8/26/2022    10:04:54 PM       00:30:30          30 30          -53.0
         1835.0         268.84         -36.44          10.45           13.5            359        10421.6        10453.0        10528.0     -095.95748      +30.01965         -7.634          3.485         -36.43          -56.9          395.7           0.03          -13.5            0.3          8.392            0.1        10496.6      8/26/2022    10:04:59 PM       00:30:35          30 35          -52.6
         1840.0         267.79         -36.64          11.13           13.3            358        10448.7        10480.2        10555.2     -095.95746      +30.01905         -7.702          3.487         -36.63          -56.6          394.4           0.03          -13.3            0.4          8.454            0.1        10523.7      8/26/2022    10:05:04 PM       00:30:40          30 40          -52.2
         1845.0         266.72         -36.85          11.14           13.1            358        10476.4        10508.0        10583.0     -095.95743      +30.01845         -7.768          3.490         -36.84          -56.7          393.2           0.03          -13.1            0.4          8.516            0.1        10551.4      8/26/2022    10:05:09 PM       00:30:45          30 45          -52.4
         1850.0         265.71         -37.02          10.73           12.9            358        10502.6        10534.4        10609.4     -095.95740      +30.01786         -7.833          3.493         -37.01          -57.2          392.0           0.03          -12.9            0.5          8.577            0.1        10577.6      8/26/2022    10:05:14 PM       00:30:50          30 50          -52.8
         1855.0         264.63         -37.26          10.08           12.7            358        10530.7        10562.6        10637.6     -095.95737      +30.01729         -7.897          3.496         -37.26          -57.9          390.8           0.03          -12.7            0.6          8.636            0.1        10605.7      8/26/2022    10:05:19 PM       00:30:55          30 55          -53.5
         1860.0         263.57         -37.39           9.80           12.6            357        10558.4        10590.4        10665.4     -095.95734      +30.01674         -7.958          3.499         -37.38          -58.2          389.5           0.02          -12.6            0.6          8.694            0.1        10633.4      8/26/2022    10:05:24 PM       00:31:00          31  0          -53.8
         1865.0         262.56         -37.59           9.13           12.5            357        10584.9        10617.0        10692.0     -095.95732      +30.01618         -8.021          3.500         -37.58          -58.9          388.3           0.02          -12.5            0.7          8.751            0.1        10659.9      8/26/2022    10:05:29 PM       00:31:05          31  5          -54.5
         1870.0         261.49         -37.83           9.10           12.4            356        10613.1        10645.4        10720.4     -095.95729      +30.01563         -8.082          3.503         -37.82          -59.2          387.1           0.02          -12.4            0.8          8.808            0.1        10688.1      8/26/2022    10:05:34 PM       00:31:10          31 10          -54.7
         1875.0         260.41         -38.09           8.72           12.3            355        10641.6        10674.0        10749.0     -095.95725      +30.01507         -8.144          3.507         -38.08          -59.7          385.9           0.02          -12.3            1.0          8.867            0.0        10716.6      8/26/2022    10:05:39 PM       00:31:15          31 15          -55.3
         1880.0         259.39         -38.27           8.55           12.3            355        10668.5        10701.0        10776.0     -095.95719      +30.01453         -8.204          3.513         -38.26          -60.0          384.7           0.02          -12.3            1.1          8.924            0.0        10743.5      8/26/2022    10:05:44 PM       00:31:20          31 20          -55.6
         1885.0         258.36         -38.46           8.92           12.3            354        10695.7        10728.4        10803.4     -095.95713      +30.01397         -8.266          3.518         -38.45          -59.8          383.5           0.02          -12.2            1.4          8.984            0.0        10770.7      8/26/2022    10:05:49 PM       00:31:25          31 25          -55.4
         1890.0         257.33         -38.74           8.85           12.3            353        10723.2        10756.0        10831.0     -095.95705      +30.01342         -8.328          3.526         -38.73          -60.1          382.4           0.02          -12.2            1.6          9.043            0.0        10798.2      8/26/2022    10:05:54 PM       00:31:30          31 30          -55.7
         1895.0         256.25         -39.03           9.20           12.3            351        10752.1        10785.0        10860.0     -095.95697      +30.01287         -8.389          3.535         -39.02          -60.1          381.3           0.02          -12.2            1.8          9.103            0.0        10827.1      8/26/2022    10:05:59 PM       00:31:35          31 35          -55.6
         1900.0         255.20         -39.26           9.06           12.3            351        10780.3        10813.4        10888.4     -095.95687      +30.01232         -8.450          3.544         -39.25          -60.4          380.1           0.02          -12.1            2.0          9.163            0.0        10855.3      8/26/2022    10:06:04 PM       00:31:40          31 40          -55.9
         1905.0         254.22         -39.37           8.93           12.2            350        10806.6        10839.8        10914.8     -095.95676      +30.01178         -8.510          3.555         -39.37          -60.6          378.8           0.02          -12.1            2.1          9.223            0.0        10881.6      8/26/2022    10:06:09 PM       00:31:45          31 45          -56.1
         1910.0         253.27         -39.57           8.48           12.2            350        10832.1        10865.4        10940.4     -095.95664      +30.01123         -8.571          3.566         -39.57          -61.1          377.8           0.02          -12.0            2.2          9.283            0.0        10907.1      8/26/2022    10:06:14 PM       00:31:50          31 50          -56.7
         1915.0         252.27         -39.84           9.05           12.0            349        10859.3        10892.8        10967.8     -095.95650      +30.01070         -8.630          3.580         -39.84          -60.8          376.7           0.02          -11.8            2.2          9.343            0.0        10934.3      8/26/2022    10:06:19 PM       00:31:55          31 55          -56.4
         1920.0         251.23         -40.10           8.73           11.9            349        10887.4        10921.0        10996.0     -095.95637      +30.01017         -8.689          3.592         -40.10          -61.3          375.6           0.02          -11.7            2.2          9.403            0.0        10962.4      8/26/2022    10:06:24 PM       00:32:00          32  0          -56.9
         1925.0         250.21         -40.30           8.36           11.8            349        10915.1        10948.8        11023.8     -095.95626      +30.00963         -8.749          3.603         -40.30          -61.8          374.4           0.02          -11.6            2.2          9.462            0.0        10990.1      8/26/2022    10:06:29 PM       00:32:05          32  5          -57.3
         1930.0         249.19         -40.58           8.27           11.7            349        10942.9        10976.8        11051.8     -095.95616      +30.00912         -8.806          3.613         -40.58          -62.2          373.3           0.01          -11.5            2.2          9.518            0.0        11017.9      8/26/2022    10:06:34 PM       00:32:10          32 10          -57.6
         1935.0         248.18         -40.86           8.70           11.6            349        10970.6        11004.6        11079.6     -095.95606      +30.00861         -8.863          3.623         -40.85          -62.0          372.2           0.02          -11.4            2.2          9.574            0.0        11045.6      8/26/2022    10:06:39 PM       00:32:15          32 15          -57.5
         1940.0         247.17         -41.06           8.70           11.6            349        10998.5        11032.6        11107.6     -095.95595      +30.00811         -8.918          3.632         -41.05          -62.1          371.0           0.01          -11.4            2.2          9.629            0.0        11073.5      8/26/2022    10:06:44 PM       00:32:20          32 20          -57.6
         1945.0         246.11         -41.28           9.18           11.6            348        11027.5        11061.8        11136.8     -095.95584      +30.00761         -8.974          3.643         -41.27          -61.9          369.8           0.02          -11.3            2.4          9.685            0.0        11102.5      8/26/2022    10:06:49 PM       00:32:25          32 25          -57.4
         1950.0         245.01         -41.56           8.69           11.6            347        11057.8        11092.2        11167.2     -095.95572      +30.00711         -9.030          3.655         -41.55          -62.6          368.6           0.01          -11.3            2.6          9.741            0.0        11132.8      8/26/2022    10:06:54 PM       00:32:30          32 30          -58.0
         1955.0         243.99         -41.84           9.21           11.5            346        11086.1        11120.6        11195.6     -095.95559      +30.00659         -9.087          3.668         -41.83          -62.3          367.5           0.01          -11.2            2.9          9.799            0.0        11161.1      8/26/2022    10:06:59 PM       00:32:35          32 35          -57.8
         1960.0         242.99         -42.02           8.96           11.6            344        11113.9        11148.6        11223.6     -095.95544      +30.00607         -9.145          3.682         -42.01          -62.7          366.3           0.01          -11.1            3.1          9.858            0.0        11188.9      8/26/2022    10:07:04 PM       00:32:40          32 40          -58.2
         1965.0         242.01         -42.27           8.54           11.5            343        11141.4        11176.2        11251.2     -095.95526      +30.00557         -9.201          3.700         -42.26          -63.3          365.2           0.01          -11.0            3.4          9.917            0.0        11216.4      8/26/2022    10:07:09 PM       00:32:45          32 45          -58.7
         1970.0         241.03         -42.49           8.44           11.5            342        11168.6        11203.6        11278.6     -095.95507      +30.00507         -9.257          3.718         -42.49          -63.5          364.0           0.01          -10.9            3.6          9.975            0.0        11243.6      8/26/2022    10:07:14 PM       00:32:50          32 50          -59.0
         1975.0         240.08         -42.68           8.00           11.4            340        11195.3        11230.4        11305.4     -095.95487      +30.00459         -9.310          3.737         -42.68          -64.1          362.9           0.01          -10.7            3.8         10.032            0.0        11270.3      8/26/2022    10:07:19 PM       00:32:55          32 55          -59.5
         1980.0         239.17         -42.87           7.75           11.3            339        11221.0        11256.2        11331.2     -095.95466      +30.00411         -9.363          3.757         -42.87          -64.5          361.8           0.01          -10.6            4.0         10.089            0.0        11296.0      8/26/2022    10:07:24 PM       00:33:00          33  0          -59.9
         1985.0         238.23         -43.01           7.69           11.2            339        11247.5        11282.8        11357.8     -095.95444      +30.00365         -9.414          3.779         -43.01          -64.7          360.6           0.01          -10.5            4.0         10.144            0.0        11322.5      8/26/2022    10:07:29 PM       00:33:05          33  5          -60.1
         1990.0         237.28         -43.30           8.01           11.2            338        11274.5        11310.0        11385.0     -095.95422      +30.00319         -9.465          3.799         -43.30          -64.6          359.6           0.01          -10.4            4.1         10.199            0.0        11349.5      8/26/2022    10:07:34 PM       00:33:10          33 10          -60.0
         1995.0         236.37         -43.48           7.94           11.2            338        11300.4        11336.0        11411.0     -095.95401      +30.00274         -9.516          3.820         -43.48          -64.8          358.5           0.01          -10.4            4.2         10.254            0.0        11375.4      8/26/2022    10:07:39 PM       00:33:15          33 15          -60.2
         2000.0         235.44         -43.71           8.61           11.3            337        11326.9        11362.6        11437.6     -095.95379      +30.00227         -9.567          3.841         -43.71          -64.4          357.5           0.01          -10.4            4.4         10.309            0.0        11401.9      8/26/2022    10:07:44 PM       00:33:20          33 20          -59.8
         2005.0         234.45         -43.94           8.65           11.4            337        11355.1        11391.0        11466.0     -095.95358      +30.00180         -9.619          3.861         -43.94          -64.5          356.3           0.01          -10.5            4.5         10.365            0.0        11430.1      8/26/2022    10:07:49 PM       00:33:25          33 25          -60.0
         2010.0         233.52         -44.18           8.73           11.6            337        11381.6        11417.6        11492.6     -095.95336      +30.00133         -9.673          3.883         -44.18          -64.7          355.3           0.01          -10.6            4.6         10.423            0.0        11456.6      8/26/2022    10:07:54 PM       00:33:30          33 30          -60.1
         2015.0         232.63         -44.43           9.22           11.7            337        11407.3        11443.4        11518.4     -095.95311      +30.00084         -9.727          3.906         -44.42          -64.4          354.3           0.01          -10.7            4.6         10.482            0.0        11482.3      8/26/2022    10:07:59 PM       00:33:35          33 35          -59.9
         2020.0         231.76         -44.63           9.67           11.8            336        11432.3        11468.6        11543.6     -095.95284      +30.00035         -9.781          3.932         -44.62          -64.2          353.3           0.01          -10.8            4.7         10.542            0.0        11507.3      8/26/2022    10:08:04 PM       00:33:40          33 40          -59.7
         2025.0         230.89         -44.93           9.79           11.8            336        11457.4        11493.8        11568.8     -095.95259      +29.99986         -9.835          3.957         -44.92          -64.4          352.5           0.01          -10.8            4.8         10.602            0.0        11532.4      8/26/2022    10:08:09 PM       00:33:45          33 45          -59.8
         2030.0         230.00         -45.11           9.84           11.8            336        11483.3        11519.8        11594.8     -095.95233      +29.99937         -9.890          3.982         -45.10          -64.5          351.4           0.01          -10.8            4.8         10.661            0.0        11558.3      8/26/2022    10:08:14 PM       00:33:50          33 50          -59.9
         2035.0         229.14         -45.32          10.35           11.8            336        11508.2        11544.8        11619.8     -095.95208      +29.99889         -9.944          4.006         -45.31          -64.3          350.4           0.01          -10.7            4.8         10.720            0.0        11583.2      8/26/2022    10:08:19 PM       00:33:55          33 55          -59.7
         2040.0         228.28         -45.56          10.85           11.7            336        11533.2        11570.0        11645.0     -095.95183      +29.99840         -9.998          4.030         -45.55          -64.1          349.4           0.01          -10.6            4.7         10.779            0.0        11608.2      8/26/2022    10:08:24 PM       00:34:00          34  0          -59.6
         2045.0         227.44         -45.78          10.69           11.5            336        11557.9        11594.8        11669.8     -095.95160      +29.99792        -10.051          4.053         -45.77          -64.4          348.5           0.01          -10.5            4.7         10.838            0.0        11632.9      8/26/2022    10:08:29 PM       00:34:05          34  5          -59.9
         2050.0         226.64         -46.01          11.31           11.4            336        11581.4        11618.4        11693.4     -095.95135      +29.99745        -10.104          4.076         -46.00          -64.2          347.6           0.01          -10.4            4.7         10.895            0.0        11656.4      8/26/2022    10:08:34 PM       00:34:10          34 10          -59.6
         2055.0         225.77         -46.24          10.69           11.3            335        11606.9        11644.0        11719.0     -095.95112      +29.99698        -10.156          4.099         -46.24          -64.8          346.6           0.01          -10.2            4.7         10.952            0.0        11681.9      8/26/2022    10:08:39 PM       00:34:15          34 15          -60.2
         2060.0         224.89         -46.43          10.71           11.1            334        11632.7        11670.0        11745.0     -095.95088      +29.99653        -10.207          4.122         -46.43          -65.0          345.6           0.01          -10.0            4.8         11.007            0.0        11707.7      8/26/2022    10:08:44 PM       00:34:20          34 20          -60.4
         2065.0         224.05         -46.66           9.86           11.0            333        11657.8        11695.2        11770.2     -095.95064      +29.99607        -10.257          4.144         -46.66          -65.8          344.6           0.01           -9.8            5.0         11.063            0.0        11732.8      8/26/2022    10:08:49 PM       00:34:25          34 25          -61.2
         2070.0         223.17         -46.88           9.35           10.9            332        11683.7        11721.2        11796.2     -095.95040      +29.99563        -10.306          4.168         -46.88          -66.4          343.6           0.01           -9.6            5.1         11.117            0.0        11758.7      8/26/2022    10:08:54 PM       00:34:30          34 30          -61.7
         2075.0         222.33         -47.09           8.32           10.8            331        11708.8        11746.4        11821.4     -095.95011      +29.99521        -10.353          4.195         -47.09          -67.4          342.6           0.01           -9.4            5.2         11.170            0.0        11783.8      8/26/2022    10:08:59 PM       00:34:35          34 35          -62.7
         2080.0         221.49         -47.29           8.14           10.6            331        11733.6        11771.4        11846.4     -095.94982      +29.99480        -10.398          4.223         -47.29          -67.7          341.6           0.01           -9.2            5.2         11.223            0.0        11808.6      8/26/2022    10:09:04 PM       00:34:40          34 40          -63.1
         2085.0         220.68         -47.50           8.56           10.5            330        11758.1        11796.0        11871.0     -095.94952      +29.99439        -10.444          4.252         -47.50          -67.5          340.7           0.01           -9.1            5.2         11.276            0.0        11833.1      8/26/2022    10:09:09 PM       00:34:45          34 45          -62.9
         2090.0         219.81         -47.76           7.97           10.3            330        11784.2        11822.2        11897.2     -095.94923      +29.99400        -10.488          4.281         -47.76          -68.3          339.8           0.01           -9.0            5.2         11.328            0.0        11859.2      8/26/2022    10:09:14 PM       00:34:50          34 50          -63.6
         2095.0         218.95         -47.95           7.80           10.2            331        11809.8        11848.0        11923.0     -095.94895      +29.99360        -10.532          4.307         -47.95          -68.6          338.7           0.01           -8.9            5.0         11.379            0.0        11884.8      8/26/2022    10:09:19 PM       00:34:55          34 55          -63.9
         2100.0         218.16         -48.07           8.28           10.1            331        11833.7        11872.0        11947.0     -095.94871      +29.99320        -10.576          4.331         -48.07          -68.2          337.7           0.01           -8.8            4.8         11.428            0.0        11908.7      8/26/2022    10:09:24 PM       00:35:00          35  0          -63.6
         2105.0         217.34         -48.33           8.17            9.9            332        11858.4        11896.8        11971.8     -095.94848      +29.99281        -10.620          4.353         -48.32          -68.5          336.8           0.01           -8.8            4.6         11.478            0.0        11933.4      8/26/2022    10:09:29 PM       00:35:05          35  5          -63.9
         2110.0         216.52         -48.52           9.29            9.7            333        11883.3        11921.8        11996.8     -095.94826      +29.99241        -10.664          4.374         -48.51          -67.7          335.8           0.01           -8.7            4.5         11.526            0.0        11958.3      8/26/2022    10:09:34 PM       00:35:10          35 10          -63.1
         2115.0         215.71         -48.75           8.77            9.6            333        11908.1        11946.8        12021.8     -095.94804      +29.99202        -10.708          4.395         -48.74          -68.4          334.9           0.01           -8.6            4.3         11.575            0.0        11983.1      8/26/2022    10:09:39 PM       00:35:15          35 15          -63.7
         2120.0         214.91         -48.94           9.29            9.5            333        11932.4        11971.2        12046.2     -095.94781      +29.99163        -10.752          4.417         -48.93          -68.1          333.9           0.01           -8.4            4.3         11.624            0.0        12007.4      8/26/2022    10:09:44 PM       00:35:20          35 20          -63.4
         2125.0         214.10         -49.16           9.48            9.3            333        11957.3        11996.2        12071.2     -095.94759      +29.99125        -10.794          4.438         -49.16          -68.1          333.0           0.01           -8.3            4.2         11.671            0.0        12032.3      8/26/2022    10:09:49 PM       00:35:25          35 25          -63.5
         2130.0         213.28         -49.35           9.50            9.2            332        11982.4        12021.4        12096.4     -095.94738      +29.99088        -10.835          4.459         -49.35          -68.3          332.0           0.01           -8.1            4.3         11.716            0.0        12057.4      8/26/2022    10:09:54 PM       00:35:30          35 30          -63.6
         2135.0         212.46         -49.59           9.52            9.0            331        12007.4        12046.6        12121.6     -095.94717      +29.99052        -10.874          4.479         -49.59          -68.5          331.1           0.01           -7.9            4.4         11.761            0.0        12082.4      8/26/2022    10:09:59 PM       00:35:35          35 35          -63.8
         2140.0         211.66         -49.79           9.56            9.0            330        12032.1        12071.4        12146.4     -095.94694      +29.99017        -10.914          4.501         -49.79          -68.6          330.1           0.01           -7.8            4.4         11.805            0.0        12107.1      8/26/2022    10:10:04 PM       00:35:40          35 40          -63.9
         2145.0         210.86         -50.02           8.74            8.8            329        12057.0        12096.4        12171.4     -095.94672      +29.98983        -10.951          4.523         -50.02          -69.4          329.2           0.01           -7.6            4.5         11.848            0.0        12132.0      8/26/2022    10:10:09 PM       00:35:45          35 45          -64.7
         2150.0         210.03         -50.23           8.90            8.7            328        12082.6        12122.2        12197.2     -095.94648      +29.98950        -10.988          4.546         -50.23          -69.5          328.2           0.01           -7.4            4.6         11.892            0.0        12157.6      8/26/2022    10:10:14 PM       00:35:50          35 50          -64.8
         2155.0         209.24         -50.41           8.68            8.7            327        12107.3        12147.0        12222.0     -095.94623      +29.98917        -11.025          4.569         -50.41          -69.8          327.3           0.01           -7.3            4.7         11.934            0.0        12182.3      8/26/2022    10:10:19 PM       00:35:55          35 55          -65.1
         2160.0         208.49         -50.63           8.72            8.7            326        12130.6        12170.4        12245.4     -095.94597      +29.98883        -11.063          4.595         -50.63          -69.9          326.4           0.01           -7.2            4.8         11.979            0.0        12205.6      8/26/2022    10:10:24 PM       00:36:00          36  0          -65.2
         2165.0         207.70         -50.82           8.58            8.6            325        12155.5        12195.4        12270.4     -095.94573      +29.98852        -11.098          4.618         -50.82          -70.2          325.5           0.01           -7.1            5.0         12.020            0.0        12230.5      8/26/2022    10:10:29 PM       00:36:05          36  5          -65.5
         2170.0         206.95         -51.03           9.40            8.6            324        12178.9        12219.0        12294.0     -095.94547      +29.98820        -11.132          4.643         -51.03          -69.7          324.6           0.01           -7.0            5.0         12.062            0.0        12253.9      8/26/2022    10:10:34 PM       00:36:10          36 10          -65.0
         2175.0         206.15         -51.28           9.38            8.5            324        12204.0        12244.2        12319.2     -095.94521      +29.98790        -11.166          4.668         -51.28          -70.0          323.7           0.01           -6.9            5.0         12.102            0.0        12279.0      8/26/2022    10:10:39 PM       00:36:15          36 15          -65.3
         2180.0         205.40         -51.41           9.39            8.3            324        12227.9        12268.2        12343.2     -095.94493      +29.98758        -11.201          4.695         -51.41          -70.1          322.7           0.01           -6.7            4.9         12.145            0.0        12302.9      8/26/2022    10:10:44 PM       00:36:20          36 20          -65.3
         2185.0         204.65         -51.64          10.33            8.2            324        12251.6        12292.0        12367.0     -095.94466      +29.98728        -11.235          4.721         -51.64          -69.6          321.9           0.01           -6.6            4.8         12.186            0.0        12326.6      8/26/2022    10:10:49 PM       00:36:25          36 25          -64.9
         2190.0         203.89         -51.88          11.07            8.0            325        12275.6        12316.2        12391.2     -095.94440      +29.98698        -11.268          4.746         -51.87          -69.3          321.0           0.01           -6.5            4.6         12.227            0.0        12350.6      8/26/2022    10:10:54 PM       00:36:30          36 30          -64.6
         2195.0         203.09         -52.05          11.18            7.9            326        12301.1        12341.8        12416.8     -095.94415      +29.98669        -11.300          4.770         -52.04          -69.3          320.0           0.01           -6.5            4.4         12.266            0.0        12376.1      8/26/2022    10:10:59 PM       00:36:35          36 35          -64.6
         2200.0         202.35         -52.17          10.41            7.7            327        12324.6        12365.4        12440.4     -095.94393      +29.98641        -11.331          4.792         -52.16          -69.9          319.0           0.01           -6.5            4.2         12.303            0.0        12399.6      8/26/2022    10:11:04 PM       00:36:40          36 40          -65.2
         2205.0         201.63         -52.35          11.26            7.6            328        12347.8        12388.8        12463.8     -095.94373      +29.98613        -11.363          4.810         -52.34          -69.5          318.1           0.01           -6.5            4.0         12.339            0.0        12422.8      8/26/2022    10:11:09 PM       00:36:45          36 45          -64.8
         2210.0         200.88         -52.55          11.38            7.6            329        12371.7        12412.8        12487.8     -095.94355      +29.98585        -11.394          4.828         -52.55          -69.6          317.2           0.01           -6.5            3.9         12.374            0.0        12446.7      8/26/2022    10:11:14 PM       00:36:50          36 50          -64.9
         2215.0         200.12         -52.73          11.48            7.6            331        12396.2        12437.4        12512.4     -095.94336      +29.98556        -11.426          4.846         -52.73          -69.7          316.3           0.01           -6.6            3.7         12.411            0.0        12471.2      8/26/2022    10:11:19 PM       00:36:55          36 55          -65.0
         2220.0         199.35         -52.84          11.65            7.7            332        12421.1        12462.4        12537.4     -095.94318      +29.98526        -11.459          4.864         -52.84          -69.7          315.2           0.01           -6.8            3.6         12.449            0.0        12496.1      8/26/2022    10:11:24 PM       00:37:00          37  0          -65.0
         2225.0         198.60         -53.01          12.59            7.8            333        12445.5        12487.0        12562.0     -095.94299      +29.98495        -11.494          4.882         -53.01          -69.3          314.3           0.01           -6.9            3.5         12.487            0.0        12520.5      8/26/2022    10:11:29 PM       00:37:05          37  5          -64.6
         2230.0         197.86         -53.20          12.51            7.9            334        12469.6        12511.2        12586.2     -095.94280      +29.98463        -11.529          4.901         -53.20          -69.5          313.4           0.01           -7.1            3.4         12.528            0.0        12544.6      8/26/2022    10:11:34 PM       00:37:10          37 10          -64.8
         2235.0         197.14         -53.39          12.68            7.9            335        12492.9        12534.6        12609.6     -095.94261      +29.98430        -11.566          4.919         -53.39          -69.6          312.5           0.01           -7.2            3.4         12.569            0.0        12567.9      8/26/2022    10:11:39 PM       00:37:15          37 15          -64.9
         2240.0         196.42         -53.53          12.85            8.0            335        12516.4        12558.2        12633.2     -095.94243      +29.98397        -11.603          4.936         -53.53          -69.6          311.6           0.01           -7.2            3.3         12.609            0.0        12591.4      8/26/2022    10:11:44 PM       00:37:20          37 20          -64.9
         2245.0         195.74         -53.76          12.01            7.9            336        12538.8        12580.8        12655.8     -095.94227      +29.98364        -11.640          4.952         -53.76          -70.3          310.8           0.01           -7.2            3.2         12.649            0.0        12613.8      8/26/2022    10:11:49 PM       00:37:25          37 25          -65.5
         2250.0         195.07         -53.82          12.98            7.9            336        12560.7        12602.8        12677.8     -095.94212      +29.98331        -11.676          4.966         -53.82          -69.8          309.9           0.01           -7.2            3.2         12.689            0.0        12635.7      8/26/2022    10:11:54 PM       00:37:30          37 30          -65.0
         2255.0         194.38         -53.91          13.16            7.9            336        12583.6        12625.8        12700.8     -095.94196      +29.98298        -11.713          4.981         -53.91          -69.7          308.9           0.01           -7.2            3.1         12.728            0.0        12658.6      8/26/2022    10:11:59 PM       00:37:35          37 35          -65.0
         2260.0         193.69         -53.91          12.29            7.8            336        12606.5        12648.8        12723.8     -095.94180      +29.98266        -11.748          4.997         -53.91          -70.2          307.8           0.01           -7.2            3.2         12.767            0.0        12681.5      8/26/2022    10:12:04 PM       00:37:40          37 40          -65.5
         2265.0         193.00         -54.09          13.25            7.9            335        12629.2        12671.6        12746.6     -095.94165      +29.98235        -11.783          5.011         -54.09          -69.8          306.9           0.01           -7.2            3.3         12.805            0.0        12704.2      8/26/2022    10:12:09 PM       00:37:45          37 45          -65.1
         2270.0         192.27         -54.28          12.36            8.0            335        12653.6        12696.2        12771.2     -095.94149      +29.98203        -11.819          5.027         -54.28          -70.5          306.0           0.00           -7.2            3.4         12.844            0.0        12728.6      8/26/2022    10:12:14 PM       00:37:50          37 50          -65.8
         2275.0         191.58         -54.46          12.51            8.1            334        12676.7        12719.4        12794.4     -095.94130      +29.98171        -11.854          5.045         -54.46          -70.6          305.2           0.00           -7.3            3.5         12.883            0.0        12751.7      8/26/2022    10:12:19 PM       00:37:55          37 55          -65.8
         2280.0         190.88         -54.72          13.46            8.3            334        12700.0        12742.8        12817.8     -095.94111      +29.98139        -11.890          5.063         -54.71          -70.3          304.4           0.01           -7.4            3.7         12.923            0.0        12775.0      8/26/2022    10:12:24 PM       00:38:00          38  0          -65.5
         2285.0         190.18         -54.86          12.71            8.5            333        12723.4        12766.4        12841.4     -095.94091      +29.98106        -11.927          5.083         -54.85          -70.8          303.5           0.00           -7.6            3.9         12.965            0.0        12798.4      8/26/2022    10:12:29 PM       00:38:05          38  5          -66.1
         2290.0         189.49         -55.07          12.70            8.7            332        12746.7        12789.8        12864.8     -095.94070      +29.98071        -11.965          5.103         -55.06          -71.0          302.7           0.00           -7.7            4.1         13.008            0.0        12821.7      8/26/2022    10:12:34 PM       00:38:10          38 10          -66.2
         2295.0         188.83         -55.27          12.78            8.9            331        12769.0        12812.2        12887.2     -095.94049      +29.98035        -12.005          5.123         -55.27          -71.1          301.9           0.00           -7.8            4.3         13.053            0.0        12844.0      8/26/2022    10:12:39 PM       00:38:15          38 15          -66.4
         2300.0         188.15         -55.48          12.93            9.1            331        12791.9        12835.2        12910.2     -095.94028      +29.97999        -12.046          5.143         -55.48          -71.2          301.1           0.00           -8.0            4.5         13.098            0.0        12866.9      8/26/2022    10:12:44 PM       00:38:20          38 20          -66.5
         2305.0         187.41         -55.67          13.04            9.4            330        12817.1        12860.6        12935.6     -095.94005      +29.97963        -12.086          5.165         -55.67          -71.3          300.2           0.00           -8.1            4.7         13.143            0.0        12892.1      8/26/2022    10:12:49 PM       00:38:25          38 25          -66.6
         2310.0         186.69         -55.88          12.02            9.5            329        12841.4        12885.0        12960.0     -095.93980      +29.97927        -12.126          5.189         -55.88          -72.0          299.4           0.00           -8.2            4.9         13.190            0.0        12916.4      8/26/2022    10:12:54 PM       00:38:30          38 30          -67.3
         2315.0         185.97         -56.04          12.04            9.6            328        12866.3        12910.0        12985.0     -095.93954      +29.97890        -12.167          5.215         -56.04          -72.2          298.4           0.00           -8.1            5.1         13.238            0.0        12941.3      8/26/2022    10:12:59 PM       00:38:35          38 35          -67.4
         2320.0         185.28         -56.19          12.11            9.6            327        12889.7        12933.6        13008.6     -095.93926      +29.97852        -12.209          5.242         -56.19          -72.3          297.5           0.00           -8.0            5.3         13.287            0.0        12964.7      8/26/2022    10:13:04 PM       00:38:40          38 40          -67.5
         2325.0         184.60         -56.45          12.16            9.6            326        12913.2        12957.2        13032.2     -095.93896      +29.97814        -12.252          5.271         -56.45          -72.4          296.8           0.00           -8.0            5.4         13.337            0.0        12988.2      8/26/2022    10:13:09 PM       00:38:45          38 45          -67.7
         2330.0         183.85         -56.63          12.22            9.6            325        12938.9        12983.0        13058.0     -095.93866      +29.97777        -12.293          5.299         -56.63          -72.6          295.8           0.00           -7.9            5.5         13.386            0.0        13013.9      8/26/2022    10:13:14 PM       00:38:50          38 50          -67.8
         2335.0         183.19         -56.73          11.12            9.6            325        12961.6        13005.8        13080.8     -095.93836      +29.97743        -12.330          5.328         -56.73          -73.3          294.9           0.00           -7.8            5.6         13.432            0.0        13036.6      8/26/2022    10:13:19 PM       00:38:55          38 55          -68.5
         2340.0         182.51         -56.86          11.14            9.6            324        12985.4        13029.8        13104.8     -095.93809      +29.97710        -12.367          5.355         -56.86          -73.4          294.0           0.00           -7.8            5.6         13.476            0.0        13060.4      8/26/2022    10:13:24 PM       00:39:00          39  0          -68.6
         2345.0         181.82         -56.95          10.23            9.5            324        13009.1        13053.6        13128.6     -095.93782      +29.97677        -12.404          5.381         -56.95          -74.1          293.0           0.00           -7.6            5.6         13.521            0.0        13084.1      8/26/2022    10:13:29 PM       00:39:05          39  5          -69.3
         2350.0         181.13         -57.11          10.16            9.4            323        13033.4        13078.0        13153.0     -095.93753      +29.97642        -12.442          5.409         -57.11          -74.2          292.1           0.00           -7.5            5.6         13.567            0.0        13108.4      8/26/2022    10:13:34 PM       00:39:10          39 10          -69.5
         2355.0         180.44         -57.23          10.10            9.4            323        13057.4        13102.2        13177.2     -095.93722      +29.97608        -12.481          5.438         -57.23          -74.4          291.1           0.00           -7.5            5.6         13.614            0.0        13132.4      8/26/2022    10:13:39 PM       00:39:15          39 15          -69.6
         2360.0         179.76         -57.49           9.04            9.4            323        13081.1        13126.0        13201.0     -095.93693      +29.97573        -12.519          5.466         -57.49          -75.4          290.4           0.00           -7.5            5.7         13.660            0.0        13156.1      8/26/2022    10:13:44 PM       00:39:20          39 20          -70.6
         2365.0         179.09         -57.62           8.95            9.4            323        13105.0        13150.0        13225.0     -095.93663      +29.97539        -12.557          5.495         -57.61          -75.5          289.5           0.00           -7.5            5.7         13.707            0.0        13180.0      8/26/2022    10:13:49 PM       00:39:25          39 25          -70.7
         2370.0         178.39         -57.85           7.85            9.3            323        13129.4        13174.6        13249.6     -095.93633      +29.97506        -12.594          5.524         -57.85          -76.6          288.7           0.00           -7.4            5.6         13.752            0.0        13204.4      8/26/2022    10:13:54 PM       00:39:30          39 30          -71.8
         2375.0         177.68         -58.01           7.80            9.1            323        13154.5        13199.8        13274.8     -095.93602      +29.97473        -12.631          5.554         -58.01          -76.8          287.7           0.00           -7.3            5.5         13.798            0.0        13229.5      8/26/2022    10:13:59 PM       00:39:35          39 35          -72.0
         2380.0         177.00         -58.23           7.63            9.0            323        13178.8        13224.2        13299.2     -095.93574      +29.97440        -12.668          5.581         -58.23          -77.1          286.9           0.00           -7.2            5.4         13.843            0.0        13253.8      8/26/2022    10:14:04 PM       00:39:40          39 40          -72.3
         2385.0         176.31         -58.51           7.44            8.8            323        13203.2        13248.8        13323.8     -095.93547      +29.97408        -12.704          5.607         -58.51          -77.5          286.2           0.00           -7.1            5.3         13.886            0.0        13278.2      8/26/2022    10:14:09 PM       00:39:45          39 45          -72.7
         2390.0         175.68         -58.64           7.46            8.7            324        13225.9        13271.6        13346.6     -095.93521      +29.97376        -12.738          5.632         -58.64          -77.6          285.3           0.00           -7.0            5.2         13.928            0.0        13300.9      8/26/2022    10:14:14 PM       00:39:50          39 50          -72.8
         2395.0         175.02         -58.86           8.54            8.6            324        13249.6        13295.4        13370.4     -095.93495      +29.97346        -12.772          5.657         -58.86          -76.9          284.5           0.00           -7.0            5.1         13.969            0.0        13324.6      8/26/2022    10:14:19 PM       00:39:55          39 55          -72.1
         2400.0         174.34         -59.07           8.47            8.5            324        13274.0        13320.0        13395.0     -095.93470      +29.97316        -12.806          5.681         -59.07          -77.1          283.7           0.00           -6.9            5.0         14.009            0.0        13349.0      8/26/2022    10:14:24 PM       00:40:00          40  0          -72.3
         2405.0         173.65         -59.28           9.61            8.5            324        13298.7        13344.8        13419.8     -095.93444      +29.97285        -12.840          5.706         -59.28          -76.4          282.9           0.00           -6.8            5.0         14.051            0.0        13373.7      8/26/2022    10:14:29 PM       00:40:05          40  5          -71.6
         2410.0         172.98         -59.44           9.55            8.4            323        13322.8        13369.0        13444.0     -095.93419      +29.97255        -12.874          5.731         -59.44          -76.6          282.0           0.00           -6.8            5.0         14.092            0.0        13397.8      8/26/2022    10:14:34 PM       00:40:10          40 10          -71.8
         2415.0         172.29         -59.57           9.50            8.4            323        13348.0        13394.4        13469.4     -095.93392      +29.97222        -12.910          5.756         -59.57          -76.8          281.0           0.00           -6.8            5.0         14.135            0.0        13423.0      8/26/2022    10:14:39 PM       00:40:15          40 15          -71.9
         2420.0         171.61         -59.77          10.78            8.4            323        13372.7        13419.2        13494.2     -095.93365      +29.97192        -12.944          5.782         -59.77          -76.1          280.2           0.00           -6.8            5.0         14.177            0.0        13447.7      8/26/2022    10:14:44 PM       00:40:20          40 20          -71.3
         2425.0         170.92         -59.91          10.80            8.4            323        13397.7        13444.4        13519.4     -095.93339      +29.97162        -12.977          5.808         -59.91          -76.2          279.2           0.00           -6.8            5.0         14.218            0.0        13472.7      8/26/2022    10:14:49 PM       00:40:25          40 25          -71.4
         2430.0         170.22         -60.12          10.81            8.4            324        13423.2        13470.0        13545.0     -095.93313      +29.97133        -13.009          5.833         -60.12          -76.4          278.4           0.00           -6.8            5.0         14.256            0.0        13498.2      8/26/2022    10:14:54 PM       00:40:30          40 30          -71.5
         2435.0         169.54         -60.39          10.83            8.4            324        13448.3        13495.2        13570.2     -095.93287      +29.97103        -13.042          5.858         -60.39          -76.6          277.6           0.00           -6.8            5.0         14.297            0.0        13523.3      8/26/2022    10:14:59 PM       00:40:35          40 35          -71.8
         2440.0         168.85         -60.58          10.85            8.4            324        13473.7        13520.8        13595.8     -095.93261      +29.97073        -13.076          5.883         -60.58          -76.7          276.7           0.00           -6.8            4.9         14.339            0.0        13548.7      8/26/2022    10:15:04 PM       00:40:40          40 40          -71.9
         2445.0         168.15         -60.81          10.87            8.5            325        13499.4        13546.6        13621.6     -095.93236      +29.97041        -13.111          5.907         -60.80          -76.9          275.9           0.00           -6.9            4.9         14.380            0.0        13574.4      8/26/2022    10:15:09 PM       00:40:45          40 45          -72.1
         2450.0         167.48         -61.07          10.88            8.6            325        13524.2        13571.6        13646.6     -095.93211      +29.97010        -13.146          5.931         -61.07          -77.1          275.1           0.00           -7.1            4.9         14.421            0.0        13599.2      8/26/2022    10:15:14 PM       00:40:50          40 50          -72.3
         2455.0         166.78         -61.26          10.90            8.7            326        13550.5        13598.0        13673.0     -095.93186      +29.96978        -13.181          5.955         -61.26          -77.3          274.2           0.00           -7.2            4.9         14.464            0.0        13625.5      8/26/2022    10:15:19 PM       00:40:55          40 55          -72.4
         2460.0         166.10         -61.49          10.92            8.8            326        13575.5        13623.2        13698.2     -095.93161      +29.96946        -13.217          5.979         -61.49          -77.4          273.4           0.00           -7.3            4.9         14.506            0.0        13650.5      8/26/2022    10:15:24 PM       00:41:00          41  0          -72.6
         2465.0         165.41         -61.72          10.95            9.0            326        13601.4        13649.2        13724.2     -095.93137      +29.96913        -13.254          6.002         -61.72          -77.6          272.6           0.00           -7.5            5.0         14.550            0.0        13676.4      8/26/2022    10:15:29 PM       00:41:05          41  5          -72.8
         2470.0         164.73         -62.01          12.11            9.1            327        13627.0        13675.0        13750.0     -095.93111      +29.96880        -13.291          6.027         -62.01          -77.2          271.8           0.00           -7.6            5.0         14.594            0.0        13702.0      8/26/2022    10:15:34 PM       00:41:10          41 10          -72.4
         2475.0         164.04         -62.18          12.19            9.2            327        13652.7        13700.8        13775.8     -095.93085      +29.96844        -13.330          6.053         -62.18          -77.3          270.9           0.00           -7.7            5.0         14.640            0.0        13727.7      8/26/2022    10:15:39 PM       00:41:15          41 15          -72.5
         2480.0         163.37         -62.41          12.26            9.3            328        13678.0        13726.2        13801.2     -095.93057      +29.96808        -13.370          6.079         -62.41          -77.5          270.1           0.00           -7.8            5.0         14.687            0.0        13753.0      8/26/2022    10:15:44 PM       00:41:20          41 20          -72.6
         2485.0         162.70         -62.72          12.32            9.4            328        13703.6        13752.0        13827.0     -095.93030      +29.96773        -13.410          6.106         -62.72          -77.7          269.4           0.00           -7.9            4.9         14.734            0.0        13778.6      8/26/2022    10:15:49 PM       00:41:25          41 25          -72.9
         2490.0         161.99         -62.91          12.39            9.5            329        13730.3        13778.8        13853.8     -095.93004      +29.96737        -13.449          6.131         -62.91          -77.8          268.4           0.00           -8.1            4.9         14.781            0.0        13805.3      8/26/2022    10:15:54 PM       00:41:30          41 30          -73.0
         2495.0         161.29         -63.09          12.46            9.6            330        13756.9        13805.6        13880.6     -095.92979      +29.96701        -13.489          6.155         -63.09          -77.9          267.5           0.00           -8.3            4.8         14.827            0.0        13831.9      8/26/2022    10:15:59 PM       00:41:35          41 35          -73.1
         2500.0         160.63         -63.30          13.77            9.8            331        13782.2        13831.0        13906.0     -095.92955      +29.96665        -13.530          6.178         -63.30          -77.4          266.7           0.00           -8.5            4.8         14.873            0.0        13857.2      8/26/2022    10:16:04 PM       00:41:40          41 40          -72.6
         2505.0         159.91         -63.51          15.00            9.9            332        13809.6        13858.6        13933.6     -095.92932      +29.96627        -13.571          6.200         -63.51          -77.1          265.8           0.00           -8.8            4.6         14.921            0.0        13884.6      8/26/2022    10:16:09 PM       00:41:45          41 45          -72.2
         2510.0         159.22         -63.77          13.74           10.1            334        13836.2        13885.4        13960.4     -095.92908      +29.96588        -13.616          6.223         -63.77          -77.9          264.9           0.00           -9.0            4.5         14.970            0.0        13911.2      8/26/2022    10:16:14 PM       00:41:50          41 50          -73.0
         2515.0         158.56         -63.95          13.90           10.3            335        13861.7        13911.0        13986.0     -095.92885      +29.96546        -13.662          6.245         -63.95          -77.9          264.1           0.00           -9.3            4.4         15.022            0.0        13936.7      8/26/2022    10:16:19 PM       00:41:55          41 55          -73.1
         2520.0         157.88         -64.18          15.40           10.6            335        13888.1        13937.6        14012.6     -095.92860      +29.96502        -13.711          6.270         -64.17          -77.5          263.2           0.00           -9.6            4.4         15.076            0.0        13963.1      8/26/2022    10:16:24 PM       00:42:00          42  0          -72.6
         2525.0         157.20         -64.36          14.14           10.8            336        13914.6        13964.2        14039.2     -095.92838      +29.96457        -13.761          6.291         -64.36          -78.2          262.3           0.00           -9.9            4.4         15.131            0.0        13989.6      8/26/2022    10:16:29 PM       00:42:05          42  5          -73.4
         2530.0         156.50         -64.53          15.50           10.9            337        13941.6        13991.4        14066.4     -095.92817      +29.96412        -13.811          6.311         -64.53          -77.7          261.3           0.00          -10.1            4.3         15.185            0.0        14016.6      8/26/2022    10:16:34 PM       00:42:10          42 10          -72.9
         2535.0         155.81         -64.72          15.57           11.1            338        13968.7        14018.6        14093.6     -095.92795      +29.96366        -13.862          6.332         -64.72          -77.9          260.4           0.00          -10.3            4.1         15.240            0.0        14043.7      8/26/2022    10:16:39 PM       00:42:15          42 15          -73.0
         2540.0         155.13         -64.89          16.91           11.1            340        13995.5        14045.6        14120.6     -095.92772      +29.96320        -13.914          6.354         -64.89          -77.5          259.5           0.00          -10.4            3.8         15.296            0.0        14070.5      8/26/2022    10:16:44 PM       00:42:20          42 20          -72.6
         2545.0         154.47         -65.08          15.66           11.1            341        14021.2        14071.4        14146.4     -095.92750      +29.96273        -13.966          6.376         -65.08          -78.1          258.6           0.00          -10.5            3.6         15.352            0.0        14096.2      8/26/2022    10:16:49 PM       00:42:25          42 25          -73.3
         2550.0         153.82         -65.34          17.20           11.1            342        14046.8        14097.2        14172.2     -095.92732      +29.96225        -14.019          6.393         -65.34          -77.7          257.9           0.00          -10.6            3.4         15.408            0.0        14121.8      8/26/2022    10:16:54 PM       00:42:30          42 30          -72.9
         2555.0         153.12         -65.57          15.97           11.2            343        14074.9        14125.4        14200.4     -095.92715      +29.96177        -14.073          6.409         -65.57          -78.4          257.0           0.00          -10.7            3.2         15.463            0.0        14149.9      8/26/2022    10:16:59 PM       00:42:35          42 35          -73.6
         2560.0         152.43         -65.74          17.35           11.2            345        14102.3        14153.0        14228.0     -095.92702      +29.96128        -14.127          6.422         -65.74          -78.0          256.0           0.00          -10.8            2.9         15.518            0.0        14177.3      8/26/2022    10:17:04 PM       00:42:40          42 40          -73.2
         2565.0         151.73         -66.00          17.14           11.2            346        14129.9        14180.8        14255.8     -095.92688      +29.96079        -14.181          6.435         -66.00          -78.3          255.2           0.00          -10.9            2.6         15.573            0.0        14204.9      8/26/2022    10:17:09 PM       00:42:45          42 45          -73.5
         2570.0         151.07         -66.26          17.36           11.2            348        14156.4        14207.4        14282.4     -095.92675      +29.96030        -14.235          6.448         -66.26          -78.5          254.4           0.00          -11.0            2.4         15.627            0.0        14231.4      8/26/2022    10:17:14 PM       00:42:50          42 50          -73.7
         2575.0         150.39         -66.54          18.73           11.3            349        14183.8        14235.0        14310.0     -095.92661      +29.95981        -14.290          6.461         -66.54          -78.2          253.6           0.00          -11.1            2.2         15.683            0.0        14258.8      8/26/2022    10:17:19 PM       00:42:55          42 55          -73.4
         2580.0         149.72         -66.74          19.00           11.4            349        14210.9        14262.2        14337.2     -095.92650      +29.95932        -14.345          6.472         -66.74          -78.3          252.7           0.00          -11.2            2.1         15.738            0.0        14285.9      8/26/2022    10:17:24 PM       00:43:00          43  0          -73.5
         2585.0         149.07         -67.01          19.10           11.4            351        14236.9        14288.4        14363.4     -095.92641      +29.95882        -14.400          6.481         -67.01          -78.5          251.9           0.00          -11.3            1.9         15.791            0.0        14311.9      8/26/2022    10:17:29 PM       00:43:05          43  5          -73.7
         2590.0         148.40         -67.23          19.08           11.5            352        14264.2        14315.8        14390.8     -095.92633      +29.95831        -14.457          6.489         -67.23          -78.7          251.1           0.00          -11.3            1.7         15.847            0.0        14339.2      8/26/2022    10:17:34 PM       00:43:10          43 10          -73.9
         2595.0         147.73         -67.49          19.28           11.4            353        14291.6        14343.4        14418.4     -095.92624      +29.95779        -14.515          6.497         -67.48          -78.9          250.2           0.00          -11.3            1.4         15.903            0.0        14366.6      8/26/2022    10:17:39 PM       00:43:15          43 15          -74.1
         2600.0         147.03         -67.69          19.12           11.4            353        14320.0        14372.0        14447.0     -095.92616      +29.95726        -14.574          6.505         -67.69          -79.1          249.3           0.00          -11.3            1.3         15.960            0.0        14395.0      8/26/2022    10:17:44 PM       00:43:20          43 20          -74.3
         2605.0         146.36         -67.87          19.35           11.3            353        14347.7        14399.8        14474.8     -095.92611      +29.95674        -14.632          6.510         -67.87          -79.2          248.4           0.00          -11.2            1.3         16.015            0.0        14422.7      8/26/2022    10:17:49 PM       00:43:25          43 25          -74.4
         2610.0         145.67         -67.94          19.60           11.1            353        14375.9        14428.2        14503.2     -095.92606      +29.95623        -14.689          6.514         -67.94          -79.2          247.3           0.00          -11.1            1.3         16.068            0.0        14450.9      8/26/2022    10:17:54 PM       00:43:30          43 30          -74.3
         2615.0         145.02         -68.13          19.84           10.8            352        14402.7        14455.2        14530.2     -095.92602      +29.95574        -14.743          6.519         -68.13          -79.3          246.4           0.00          -10.7            1.4         16.120            0.0        14477.7      8/26/2022    10:17:59 PM       00:43:35          43 35          -74.4
         2620.0         144.33         -68.33          18.42           10.5            351        14431.4        14484.0        14559.0     -095.92596      +29.95526        -14.797          6.524         -68.33          -79.9          245.5           0.00          -10.4            1.6         16.171            0.0        14506.4      8/26/2022    10:18:04 PM       00:43:40          43 40          -75.1
         2625.0         143.68         -68.59          18.37           10.1            350        14458.6        14511.4        14586.4     -095.92588      +29.95478        -14.849          6.532         -68.59          -80.2          244.7           0.00          -10.0            1.8         16.223            0.0        14533.6      8/26/2022    10:18:09 PM       00:43:45          43 45          -75.3
         2630.0         143.02         -68.88          18.54            9.7            347        14485.8        14538.8        14613.8     -095.92578      +29.95433        -14.899          6.542         -68.88          -80.4          243.9           0.00           -9.5            2.1         16.272            0.0        14560.8      8/26/2022    10:18:14 PM       00:43:50          43 50          -75.5
         2635.0         142.37         -68.93          19.80            9.5            345        14513.3        14566.4        14641.4     -095.92565      +29.95392        -14.945          6.554         -68.93          -80.0          242.9           0.00           -9.1            2.5         16.319            0.0        14588.3      8/26/2022    10:18:19 PM       00:43:55          43 55          -75.2
         2640.0         141.72         -69.05          18.57            9.2            342        14540.5        14593.8        14668.8     -095.92551      +29.95353        -14.989          6.567         -69.05          -80.5          241.9           0.00           -8.7            2.9         16.364            0.0        14615.5      8/26/2022    10:18:24 PM       00:44:00          44  0          -75.7
         2645.0         141.10         -69.23          18.77            9.0            339        14566.8        14620.2        14695.2     -095.92536      +29.95316        -15.030          6.582         -69.23          -80.6          241.1           0.00           -8.4            3.3         16.408            0.0        14641.8      8/26/2022    10:18:29 PM       00:44:05          44  5          -75.8
         2650.0         140.46         -69.46          17.51            9.0            336        14594.0        14647.6        14722.6     -095.92519      +29.95281        -15.069          6.599         -69.46          -81.2          240.2           0.00           -8.2            3.7         16.451            0.0        14669.0      8/26/2022    10:18:34 PM       00:44:10          44 10          -76.4
         2655.0         139.80         -69.64          17.67            9.1            334        14621.8        14675.6        14750.6     -095.92499      +29.95246        -15.108          6.618         -69.64          -81.4          239.3           0.00           -8.1            4.0         16.494            0.0        14696.8      8/26/2022    10:18:39 PM       00:44:15          44 15          -76.5
         2660.0         139.16         -69.88          18.93            9.2            332        14649.3        14703.2        14778.2     -095.92477      +29.95211        -15.147          6.639         -69.87          -81.1          238.5           0.00           -8.1            4.3         16.538            0.0        14724.3      8/26/2022    10:18:44 PM       00:44:20          44 20          -76.3
         2665.0         138.53         -70.07          17.63            9.3            331        14676.3        14730.4        14805.4     -095.92452      +29.95176        -15.186          6.663         -70.07          -81.7          237.6           0.00           -8.1            4.5         16.583            0.0        14751.3      8/26/2022    10:18:49 PM       00:44:25          44 25          -76.9
         2670.0         137.90         -70.31          19.12            9.5            330        14703.5        14757.8        14832.8     -095.92425      +29.95139        -15.227          6.690         -70.31          -81.4          236.8           0.00           -8.2            4.8         16.631            0.0        14778.5      8/26/2022    10:18:54 PM       00:44:30          44 30          -76.6
         2675.0         137.26         -70.35          19.04            9.7            330        14731.2        14785.6        14860.6     -095.92398      +29.95101        -15.270          6.715         -70.35          -81.5          235.8           0.00           -8.4            4.9         16.681            0.0        14806.2      8/26/2022    10:18:59 PM       00:44:35          44 35          -76.6
         2680.0         136.64         -70.34          17.70            9.9            329        14757.8        14812.4        14887.4     -095.92372      +29.95063        -15.312          6.740         -70.34          -82.0          234.7           0.00           -8.5            5.0         16.730            0.0        14832.8      8/26/2022    10:19:04 PM       00:44:40          44 40          -77.1
         2685.0         136.03         -70.48          19.29           10.1            330        14784.5        14839.2        14914.2     -095.92348      +29.95024        -15.354          6.764         -70.48          -81.5          233.8           0.00           -8.7            5.1         16.778            0.0        14859.5      8/26/2022    10:19:09 PM       00:44:45          44 45          -76.7
         2690.0         135.40         -70.60          18.04           10.2            330        14812.1        14867.0        14942.0     -095.92322      +29.94986        -15.397          6.789         -70.60          -82.1          232.9           0.00           -8.8            5.1         16.827            0.0        14887.1      8/26/2022    10:19:14 PM       00:44:50          44 50          -77.2
         2695.0         134.76         -70.78          18.18           10.2            330        14840.1        14895.2        14970.2     -095.92296      +29.94945        -15.443          6.814         -70.78          -82.2          232.0           0.00           -8.8            5.2         16.879            0.0        14915.1      8/26/2022    10:19:19 PM       00:44:55          44 55          -77.3
         2700.0         134.13         -71.01          16.89           10.2            329        14867.7        14923.0        14998.0     -095.92268      +29.94905        -15.487          6.840         -71.01          -82.8          231.2           0.00           -8.8            5.2         16.931            0.0        14942.7      8/26/2022    10:19:24 PM       00:45:00          45  0          -78.0
         2705.0         133.53         -71.20          18.08           10.3            329        14894.2        14949.6        15024.6     -095.92241      +29.94864        -15.533          6.867         -71.20          -82.6          230.4           0.00           -8.8            5.2         16.983            0.0        14969.2      8/26/2022    10:19:29 PM       00:45:05          45  5          -77.7
         2710.0         132.96         -71.42          18.21           10.3            330        14919.4        14975.0        15050.0     -095.92212      +29.94824        -15.577          6.895         -71.42          -82.7          229.6           0.00           -8.9            5.2         17.035            0.0        14994.4      8/26/2022    10:19:34 PM       00:45:10          45 10          -77.9
         2715.0         132.36         -71.64          18.27           10.3            330        14946.3        15002.0        15077.0     -095.92184      +29.94784        -15.621          6.922         -71.64          -82.9          228.8           0.00           -9.0            5.1         17.086            0.0        15021.3      8/26/2022    10:19:39 PM       00:45:15          45 15          -78.0
         2720.0         131.75         -71.79          18.38           10.3            331        14973.3        15029.2        15104.2     -095.92156      +29.94745        -15.665          6.949         -71.79          -83.0          228.0           0.00           -9.0            5.0         17.137            0.0        15048.3      8/26/2022    10:19:44 PM       00:45:20          45 20          -78.1
         2725.0         131.16         -71.86          16.02           10.2            332        14999.7        15055.8        15130.8     -095.92130      +29.94707        -15.708          6.974         -71.85          -83.9          227.0           0.00           -9.0            4.8         17.186            0.0        15074.7      8/26/2022    10:19:49 PM       00:45:25          45 25          -79.0
         2730.0         130.57         -71.98          17.23           10.2            333        15026.4        15082.6        15157.6     -095.92106      +29.94665        -15.754          6.997         -71.98          -83.6          226.1           0.00           -9.1            4.7         17.238            0.0        15101.4      8/26/2022    10:19:54 PM       00:45:30          45 30          -78.7
         2735.0         129.99         -72.10          18.38           10.1            334        15052.8        15109.2        15184.2     -095.92083      +29.94623        -15.801          7.019         -72.10          -83.3          225.2           0.00           -9.1            4.5         17.290            0.0        15127.8      8/26/2022    10:19:59 PM       00:45:35          45 35          -78.4
         2740.0         129.42         -72.16          18.51           10.1            335        15078.5        15135.0        15210.0     -095.92061      +29.94580        -15.848          7.040         -72.16          -83.3          224.3           0.00           -9.1            4.3         17.342            0.0        15153.5      8/26/2022    10:20:04 PM       00:45:40          45 40          -78.4
         2745.0         128.85         -72.15          17.26           10.1            335        15104.5        15161.2        15236.2     -095.92040      +29.94539        -15.894          7.061         -72.15          -83.7          223.3           0.00           -9.2            4.2         17.392            0.0        15179.5      8/26/2022    10:20:09 PM       00:45:45          45 45          -78.8
         2750.0         128.30         -72.37          17.36           10.0            335        15129.7        15186.6        15261.6     -095.92019      +29.94498        -15.940          7.081         -72.37          -83.9          222.6           0.00           -9.1            4.2         17.442            0.0        15204.7      8/26/2022    10:20:14 PM       00:45:50          45 50          -79.0
         2755.0         127.74         -72.50          17.45           10.0            335        15155.3        15212.3        15287.3     -095.91998      +29.94457        -15.985          7.101         -72.50          -83.9          221.8           0.00           -9.1            4.2         17.491            0.0        15230.3      8/26/2022    10:20:19 PM       00:45:55          45 55          -79.1
         2760.0         127.18         -72.67          18.62           10.1            335        15181.0        15238.2        15313.2     -095.91978      +29.94417        -16.030          7.120         -72.67          -83.7          221.0           0.00           -9.2            4.2         17.540            0.0        15256.0      8/26/2022    10:20:24 PM       00:46:00          46  0          -78.8
         2765.0         126.62         -72.88          18.71           10.3            336        15207.1        15264.4        15339.4     -095.91955      +29.94377        -16.074          7.143         -72.88          -83.9          220.3           0.00           -9.4            4.3         17.590            0.0        15282.1      8/26/2022    10:20:29 PM       00:46:05          46  5          -79.0
         2770.0         126.08         -73.11          18.83           10.6            336        15232.3        15289.8        15364.8     -095.91933      +29.94337        -16.119          7.164         -73.11          -84.0          219.6           0.00           -9.7            4.3         17.640            0.0        15307.3      8/26/2022    10:20:34 PM       00:46:10          46 10          -79.2
         2775.0         125.52         -73.23          17.56           11.0            336        15258.3        15316.0        15391.0     -095.91909      +29.94295        -16.166          7.187         -73.23          -84.6          218.7           0.00          -10.0            4.5         17.691            0.0        15333.3      8/26/2022    10:20:39 PM       00:46:15          46 15          -79.7
         2780.0         124.98         -73.30          19.05           11.3            336        15283.6        15341.4        15416.4     -095.91886      +29.94250        -16.215          7.209         -73.30          -84.1          217.9           0.00          -10.3            4.5         17.746            0.0        15358.6      8/26/2022    10:20:44 PM       00:46:20          46 20          -79.3
         2785.0         124.47         -73.24          17.75           11.3            337        15307.4        15365.4        15440.4     -095.91863      +29.94202        -16.269          7.231         -73.24          -84.5          216.9           0.00          -10.4            4.4         17.804            0.0        15382.4      8/26/2022    10:20:49 PM       00:46:25          46 25          -79.6
         2790.0         123.93         -73.16          16.76           11.3            338        15332.9        15391.0        15466.0     -095.91839      +29.94149        -16.328          7.254         -73.15          -84.8          215.9           0.00          -10.4            4.3         17.867            0.0        15407.9      8/26/2022    10:20:54 PM       00:46:30          46 30          -79.9
         2795.0         123.40         -73.33          17.88           11.1            339        15357.9        15416.2        15491.2     -095.91814      +29.94096        -16.386          7.279         -73.33          -84.5          215.1           0.00          -10.3            3.9         17.930            0.0        15432.9      8/26/2022    10:20:59 PM       00:46:35          46 35          -79.7
         2800.0         122.75         -73.46          17.96           10.7            341        15388.7        15447.2        15522.2     -095.91790      +29.94047        -16.442          7.302         -73.46          -84.6          214.1           0.00          -10.1            3.5         17.990            0.0        15463.7      8/26/2022    10:21:04 PM       00:46:40          46 40          -79.7
         2805.0         122.22         -73.30          16.72           10.3            343        15414.0        15472.6        15547.6     -095.91771      +29.94002        -16.492          7.320         -73.30          -84.9          213.1           0.00           -9.8            3.1         18.043            0.0        15489.0      8/26/2022    10:21:09 PM       00:46:45          46 45          -80.0
         2810.0         121.67         -73.23          17.91            9.7            344        15440.6        15499.4        15574.4     -095.91756      +29.93962        -16.536          7.334         -73.23          -84.4          212.0           0.00           -9.3            2.7         18.090            0.0        15515.6      8/26/2022    10:21:14 PM       00:46:50          46 50          -79.6
         2815.0         121.01         -73.32          17.99            9.2            346        15472.2        15531.2        15606.2     -095.91748      +29.93923        -16.579          7.343         -73.32          -84.5          211.0           0.00           -8.9            2.3         18.133            0.0        15547.2      8/26/2022    10:21:19 PM       00:46:55          46 55          -79.6
         2820.0         120.51         -73.37          18.08            8.7            347        15496.5        15555.6        15630.6     -095.91741      +29.93887        -16.619          7.349         -73.37          -84.5          210.1           0.00           -8.5            1.9         18.172            0.0        15571.5      8/26/2022    10:21:24 PM       00:47:00          47  0          -79.6
         2825.0         120.00         -73.53          18.16            8.4            348        15521.3        15580.6        15655.6     -095.91736      +29.93850        -16.661          7.354         -73.53          -84.6          209.4           0.00           -8.2            1.8         18.212            0.0        15596.3      8/26/2022    10:21:29 PM       00:47:05          47  5          -79.7
         2830.0         119.52         -73.73          20.79            8.4            348        15544.6        15604.0        15679.0     -095.91727      +29.93814        -16.701          7.363         -73.73          -84.0          208.8           0.00           -8.2            1.8         18.252            0.0        15619.6      8/26/2022    10:21:34 PM       00:47:10          47 10          -79.1
         2835.0         119.06         -73.91          18.11            8.4            347        15567.0        15626.6        15701.6     -095.91720      +29.93777        -16.741          7.370         -73.91          -85.0          208.2           0.00           -8.2            1.9         18.292            0.0        15642.0      8/26/2022    10:21:39 PM       00:47:15          47 15          -80.1
         2840.0         118.59         -74.12          18.26            8.5            345        15590.3        15650.0        15725.0     -095.91709      +29.93742        -16.781          7.380         -74.12          -85.1          207.6           0.00           -8.2            2.2         18.332            0.0        15665.3      8/26/2022    10:21:44 PM       00:47:20          47 20          -80.2
         2845.0         118.08         -74.15          18.42            8.6            342        15615.3        15675.2        15750.2     -095.91698      +29.93706        -16.820          7.391         -74.15          -85.1          206.7           0.00           -8.2            2.7         18.373            0.0        15690.3      8/26/2022    10:21:49 PM       00:47:25          47 25          -80.2
         2850.0         117.60         -74.16          19.90            8.9            339        15639.0        15699.0        15774.0     -095.91683      +29.93668        -16.863          7.405         -74.16          -84.6          205.9           0.00           -8.3            3.1         18.417            0.0        15714.0      8/26/2022    10:21:54 PM       00:47:30          47 30          -79.8
         2855.0         117.13         -73.95          20.08            9.3            336        15662.2        15722.4        15797.4     -095.91668      +29.93630        -16.906          7.420         -73.94          -84.4          204.8           0.00           -8.5            3.8         18.462            0.0        15737.2      8/26/2022    10:21:59 PM       00:47:35          47 35          -79.5
         2860.0         116.63         -73.68          18.67            9.7            333        15687.1        15747.4        15822.4     -095.91649      +29.93592        -16.948          7.438         -73.68          -84.6          203.7           0.00           -8.7            4.4         18.508            0.0        15762.1      8/26/2022    10:22:04 PM       00:47:40          47 40          -79.7
         2865.0         116.15         -73.23          18.70           10.2            330        15711.3        15771.8        15846.8     -095.91626      +29.93554        -16.990          7.460         -73.23          -84.2          202.4           0.00           -8.9            5.0         18.556            0.0        15786.3      8/26/2022    10:22:09 PM       00:47:45          47 45          -79.3
         2870.0         115.68         -72.90          18.77           10.6            328        15735.2        15795.8        15870.8     -095.91597      +29.93514        -17.034          7.488         -72.90          -83.8          201.3           0.00           -9.0            5.7         18.607            0.0        15810.2      8/26/2022    10:22:14 PM       00:47:50          47 50          -79.0
         2875.0         115.22         -71.29          16.19           11.0            325        15758.8        15819.6        15894.6     -095.91563      +29.93472        -17.081          7.521         -71.29          -83.3          198.8           0.00           -9.0            6.3         18.664            0.0        15833.8      8/26/2022    10:22:19 PM       00:47:55          47 55          -78.5
         2880.0         114.73         -70.16          16.17           11.4            323        15783.8        15844.8        15919.8     -095.91528      +29.93429        -17.129          7.555         -70.16          -82.4          196.9           0.00           -9.1            6.9         18.721            0.0        15858.8      8/26/2022    10:22:24 PM       00:48:00          48  0          -77.5
         2885.0         114.26         -70.02          16.04           11.7            321        15808.1        15869.2        15944.2     -095.91488      +29.93386        -17.176          7.593         -70.02          -82.3          196.0           0.00           -9.1            7.4         18.780            0.0        15883.1      8/26/2022    10:22:29 PM       00:48:05          48  5          -77.4
         2890.0         113.77         -69.99          16.02           12.0            320        15833.5        15894.8        15969.8     -095.91448      +29.93345        -17.222          7.632         -69.99          -82.3          195.1           0.00           -9.2            7.7         18.837            0.0        15908.5      8/26/2022    10:22:34 PM       00:48:10          48 10          -77.4
         2895.0         113.30         -69.98          14.57           12.1            319        15858.6        15920.0        15995.0     -095.91407      +29.93305        -17.267          7.671         -69.98          -82.9          194.3           0.00           -9.2            7.9         18.894            0.0        15933.6      8/26/2022    10:22:39 PM       00:48:15          48 15          -78.0
         2900.0         112.80         -70.11          13.34           12.3            319        15884.8        15946.4        16021.4     -095.91364      +29.93266        -17.311          7.713         -70.11          -83.5          193.5           0.00           -9.2            8.1         18.951            0.0        15959.8      8/26/2022    10:22:44 PM       00:48:20          48 20          -78.7
         2905.0         112.29         -70.31          13.26           12.4            319        15911.4        15973.2        16048.2     -095.91320      +29.93225        -17.356          7.755         -70.31          -83.7          192.9           0.00           -9.4            8.1         19.010            0.0        15986.4      8/26/2022    10:22:49 PM       00:48:25          48 25          -78.9
         2910.0         111.76         -70.59          13.20           12.7            320        15939.5        16001.4        16076.4     -095.91277      +29.93184        -17.401          7.796         -70.59          -84.0          192.2           0.00           -9.7            8.2         19.068            0.0        16014.5      8/26/2022    10:22:54 PM       00:48:30          48 30          -79.1
         2915.0         111.26         -70.70          13.10           13.0            321        15966.1        16028.2        16103.2     -095.91236      +29.93142        -17.448          7.836         -70.70          -84.1          191.5           0.00          -10.2            8.1         19.127            0.0        16041.1      8/26/2022    10:22:59 PM       00:48:35          48 35          -79.3
         2920.0         110.75         -70.92          13.01           13.3            324        15993.3        16055.6        16130.6     -095.91194      +29.93097        -17.498          7.877         -70.92          -84.4          190.8           0.00          -10.8            7.8         19.189            0.0        16068.3      8/26/2022    10:23:04 PM       00:48:40          48 40          -79.5
         2925.0         110.26         -71.13          12.93           13.6            328        16019.9        16082.4        16157.4     -095.91150      +29.93049        -17.551          7.919         -71.13          -84.6          190.1           0.00          -11.6            7.2         19.255            0.0        16094.9      8/26/2022    10:23:09 PM       00:48:45          48 45          -79.7
         2930.0         109.75         -71.32          12.85           13.8            333        16047.2        16109.8        16184.8     -095.91107      +29.92996        -17.610          7.960         -71.32          -84.8          189.4           0.00          -12.3            6.2         19.326            0.0        16122.2      8/26/2022    10:23:14 PM       00:48:50          48 50          -79.9
         2935.0         109.21         -71.38          14.21           14.1            338        16076.2        16139.0        16214.0     -095.91069      +29.92938        -17.674          7.997         -71.38          -84.2          188.6           0.00          -13.0            5.4         19.399            0.0        16151.2      8/26/2022    10:23:19 PM       00:48:55          48 55          -79.4
         2940.0         108.60         -70.93          12.71           14.1            342        16109.4        16172.4        16247.4     -095.91041      +29.92876        -17.744          8.024         -70.93          -84.5          187.1           0.00          -13.4            4.3         19.474            0.0        16184.4      8/26/2022    10:23:24 PM       00:49:00          49  0          -79.7
         2945.0         107.87         -70.59          14.09           14.0            346        16149.3        16212.6        16287.6     -095.91023      +29.92809        -17.818          8.042         -70.59          -83.6          185.5           0.00          -13.6            3.4         19.549            0.0        16224.3      8/26/2022    10:23:29 PM       00:49:05          49  5          -78.7
         2950.0         106.99         -70.41          12.86           13.9            350        16198.0        16261.6        16336.6     -095.91018      +29.92740        -17.895          8.046         -70.41          -84.0          183.8           0.00          -13.7            2.4         19.621            0.0        16273.0      8/26/2022    10:23:34 PM       00:49:10          49 10          -79.1
         2955.0         106.39         -70.18          12.79           13.7            353        16231.4        16295.2        16370.2     -095.91014      +29.92674        -17.968          8.050         -70.18          -83.8          182.6           0.00          -13.6            1.6         19.689            0.0        16306.4      8/26/2022    10:23:39 PM       00:49:15          49 15          -79.0
         2960.0         105.89         -69.75          14.18           13.3            355        16259.4        16323.4        16398.4     -095.91014      +29.92616        -18.034          8.050         -69.75          -82.8          181.4           0.00          -13.3            1.1         19.749            0.0        16334.4      8/26/2022    10:23:44 PM       00:49:20          49 20          -78.0
         2965.0         105.36         -69.77          14.12           12.8            357        16289.0        16353.2        16428.2     -095.91009      +29.92561        -18.095          8.055         -69.77          -82.9          180.5           0.00          -12.7            0.7         19.807            0.0        16364.0      8/26/2022    10:23:49 PM       00:49:25          49 25          -78.0
         2970.0         104.85         -69.89          12.95           12.0            357        16318.2        16382.6        16457.6     -095.91007      +29.92504        -18.157          8.057         -69.89          -83.5          179.7           0.00          -12.0            0.5         19.865            0.0        16393.2      8/26/2022    10:23:54 PM       00:49:30          49 30          -78.6
         2975.0         104.33         -70.03          12.87           11.2            358        16347.8        16412.4        16487.4     -095.91001      +29.92450        -18.217          8.063         -70.03          -83.7          178.9           0.00          -11.2            0.4         19.922            0.0        16422.8      8/26/2022    10:23:59 PM       00:49:35          49 35          -78.8
         2980.0         103.81         -69.97          12.69           10.6            357        16377.4        16442.2        16517.2     -095.90997      +29.92399        -18.275          8.066         -69.97          -83.7          178.0           0.00          -10.5            0.5         19.976            0.0        16452.4      8/26/2022    10:24:04 PM       00:49:40          49 40          -78.8
         2985.0         103.28         -69.80          12.60           10.0            358        16408.0        16473.0        16548.0     -095.90995      +29.92351        -18.328          8.069         -69.80          -83.6          176.9           0.00          -10.0            0.3         20.026            0.0        16483.0      8/26/2022    10:24:09 PM       00:49:45          49 45          -78.7
         2990.0         102.76         -69.70          12.78            9.5            359        16437.6        16502.8        16577.8     -095.90995      +29.92308        -18.376          8.068         -69.70          -83.4          176.0           0.00           -9.5            0.2         20.069            0.0        16512.6      8/26/2022    10:24:14 PM       00:49:50          49 50          -78.6
         2995.0         102.28         -69.56          11.19            9.0              0        16465.4        16530.8        16605.8     -095.90996      +29.92271        -18.417          8.067         -69.56          -84.1          175.0           0.00           -9.0            0.0         20.106            0.0        16540.4      8/26/2022    10:24:19 PM       00:49:55          49 55          -79.3
         3000.0         101.83         -69.21          11.06            8.6              1        16492.1        16557.6        16632.6     -095.90995      +29.92236        -18.455          8.069         -69.21          -83.9          174.0           0.00           -8.6           -0.2         20.142            0.0        16567.1      8/26/2022    10:24:24 PM       00:50:00          50  0          -79.0
         3005.0         101.37         -68.79          10.94            8.2              2        16519.1        16584.8        16659.8     -095.90997      +29.92201        -18.495          8.067         -68.79          -83.6          172.8           0.00           -8.2           -0.4         20.178            0.0        16594.1      8/26/2022    10:24:29 PM       00:50:05          50  5          -78.8
         3010.0         100.93         -68.62          12.29            7.9              4        16545.3        16611.2        16686.2     -095.90997      +29.92163        -18.537          8.067         -68.62          -82.7          171.9           0.00           -7.9           -0.5         20.216            0.0        16620.3      8/26/2022    10:24:34 PM       00:50:10          50 10          -77.9
         3015.0         100.49         -68.36          10.95            7.7              6        16571.3        16637.4        16712.4     -095.91001      +29.92125        -18.579          8.063         -68.36          -83.2          171.0           0.00           -7.6           -0.8         20.253            0.0        16646.3      8/26/2022    10:24:39 PM       00:50:15          50 15          -78.4
         3020.0         100.07         -68.29           8.01            7.4             10        16596.4        16662.6        16737.6     -095.91004      +29.92088        -18.620          8.060         -68.29          -85.1          170.2           0.00           -7.3           -1.3         20.290            0.0        16671.4      8/26/2022    10:24:44 PM       00:50:20          50 20          -80.2
         3025.0          99.65         -68.24           9.37            7.1             14        16621.8        16688.2        16763.2     -095.91010      +29.92055        -18.657          8.055         -68.24          -84.1          169.4           0.00           -6.9           -1.7         20.322            0.0        16696.8      8/26/2022    10:24:49 PM       00:50:25          50 25          -79.2
         3030.0          99.23         -68.14           9.08            6.6             19        16647.0        16713.6        16788.6     -095.91018      +29.92024        -18.692          8.047         -68.14          -84.2          168.6           0.00           -6.3           -2.2         20.350            0.0        16722.0      8/26/2022    10:24:54 PM       00:50:30          50 30          -79.3
         3035.0          98.81         -68.07          10.43            6.1             25        16672.1        16738.8        16813.8     -095.91031      +29.91997        -18.722          8.034         -68.07          -83.3          167.9           0.00           -5.6           -2.6         20.373            0.0        16747.1      8/26/2022    10:24:59 PM       00:50:35          50 35          -78.4
         3040.0          98.42         -68.04           9.03            5.6             33        16696.1        16763.0        16838.0     -095.91047      +29.91973        -18.748          8.018         -68.04          -84.2          167.2           0.00           -4.7           -3.1         20.391            0.0        16771.1      8/26/2022    10:25:04 PM       00:50:40          50 40          -79.3
         3045.0          98.01         -68.04           8.86            5.3             42        16721.3        16788.4        16863.4     -095.91066      +29.91954        -18.770          8.000         -68.04          -84.3          166.5           0.00           -3.9           -3.5         20.404            0.0        16796.3      8/26/2022    10:25:09 PM       00:50:45          50 45          -79.4
         3050.0          97.60         -67.92           8.98            5.0             52        16746.2        16813.4        16888.4     -095.91088      +29.91938        -18.788          7.980         -67.92          -84.1          165.7           0.00           -3.1           -4.0         20.412            0.0        16821.2      8/26/2022    10:25:14 PM       00:50:50          50 50          -79.2
         3055.0          97.19         -67.66           8.92            4.9             62        16771.4        16838.8        16913.8     -095.91109      +29.91926        -18.801          7.959         -67.66          -83.9          164.8           0.00           -2.3           -4.4         20.416            0.0        16846.4      8/26/2022    10:25:19 PM       00:50:55          50 55          -79.1
         3060.0          96.75         -67.07           7.55            5.0             72        16799.2        16866.8        16941.8     -095.91132      +29.91918        -18.809          7.937         -67.07          -84.5          163.6           0.00           -1.5           -4.8         20.415            0.0        16874.2      8/26/2022    10:25:24 PM       00:51:00          51  0          -79.6
         3065.0          96.29         -66.82           7.32            5.1             81        16827.6        16895.4        16970.4     -095.91155      +29.91914        -18.814          7.915         -66.82          -84.4          162.6           0.00           -0.8           -5.1         20.411            0.0        16902.6      8/26/2022    10:25:29 PM       00:51:05          51  5          -79.6
         3070.0          95.83         -66.97           7.25            5.3             89        16856.4        16924.4        16999.4     -095.91182      +29.91913        -18.815          7.888         -66.97          -84.6          161.9           0.00           -0.1           -5.3         20.402            0.0        16931.4      8/26/2022    10:25:34 PM       00:51:10          51 10          -79.8
         3075.0          95.34         -67.12           7.32            5.5             95        16887.6        16955.8        17030.8     -095.91212      +29.91914        -18.814          7.860         -67.12          -84.7          161.2           0.00            0.5           -5.5         20.390            0.0        16962.6      8/26/2022    10:25:39 PM       00:51:15          51 15          -79.8
         3080.0          94.88         -67.33           7.14            5.6            100        16916.8        16985.2        17060.2     -095.91245      +29.91919        -18.808          7.828         -67.32          -85.0          160.6           0.00            0.9           -5.6         20.372            0.0        16991.8      8/26/2022    10:25:44 PM       00:51:20          51 20          -80.1
         3085.0          94.46         -67.55           8.52            5.7            104        16943.6        17012.2        17087.2     -095.91276      +29.91925        -18.801          7.798         -67.55          -84.1          160.1           0.00            1.4           -5.6         20.354            0.0        17018.6      8/26/2022    10:25:49 PM       00:51:25          51 25          -79.2
         3090.0          94.04         -67.79           7.20            5.7            108        16970.1        17038.8        17113.8     -095.91308      +29.91933        -18.793          7.767         -67.79          -85.3          159.5           0.00            1.7           -5.4         20.335            0.0        17045.1      8/26/2022    10:25:54 PM       00:51:30          51 30          -80.5
         3095.0          93.64         -67.99           7.01            5.6            111        16995.7        17064.6        17139.6     -095.91336      +29.91942        -18.782          7.740         -67.99          -85.7          159.0           0.00            2.0           -5.2         20.315            0.0        17070.7      8/26/2022    10:25:59 PM       00:51:35          51 35          -80.8
         3100.0          93.23         -68.22           8.42            5.4            112        17022.1        17091.2        17166.2     -095.91362      +29.91952        -18.772          7.715         -68.22          -84.7          158.5           0.00            2.0           -5.0         20.295            0.0        17097.1      8/26/2022    10:26:04 PM       00:51:40          51 40          -79.9
         3105.0          92.81         -68.41           7.10            5.2            114        17049.1        17118.4        17193.4     -095.91386      +29.91964        -18.758          7.692         -68.41          -85.9          157.9           0.00            2.1           -4.7         20.274            0.0        17124.1      8/26/2022    10:26:09 PM       00:51:45          51 45          -81.1
         3110.0          92.39         -68.66           6.95            5.0            117        17076.7        17146.2        17221.2     -095.91408      +29.91975        -18.746          7.671         -68.66          -86.3          157.4           0.00            2.2           -4.5         20.255            0.0        17151.7      8/26/2022    10:26:14 PM       00:51:50          51 50          -81.4
         3115.0          91.93         -68.83           7.03            4.9            120        17106.1        17175.8        17250.8     -095.91429      +29.91984        -18.736          7.650         -68.83          -86.3          156.8           0.00            2.4           -4.2         20.237            0.0        17181.1      8/26/2022    10:26:19 PM       00:51:55          51 55          -81.5
         3120.0          91.50         -69.07           6.88            4.7            123        17134.2        17204.0        17279.0     -095.91450      +29.91993        -18.726          7.630         -69.07          -86.7          156.2           0.00            2.6           -4.0         20.221            0.0        17209.2      8/26/2022    10:26:24 PM       00:52:00          52  0          -81.8
         3125.0          91.07         -69.25           8.02            4.5            128        17162.6        17232.6        17307.6     -095.91472      +29.92003        -18.715          7.609         -69.25          -85.9          155.6           0.00            2.8           -3.6         20.203            0.0        17237.6      8/26/2022    10:26:29 PM       00:52:05          52  5          -81.0
         3130.0          90.66         -69.50           8.18            4.3            134        17189.2        17259.4        17334.4     -095.91493      +29.92014        -18.703          7.589         -69.50          -86.0          155.1           0.00            3.0           -3.1         20.184            0.0        17264.2      8/26/2022    10:26:34 PM       00:52:10          52 10          -81.1
         3135.0          90.25         -69.76           7.98            4.2            142        17216.4        17286.8        17361.8     -095.91511      +29.92028        -18.687          7.571         -69.75          -86.3          154.6           0.00            3.3           -2.6         20.162            0.0        17291.4      8/26/2022    10:26:39 PM       00:52:15          52 15          -81.5
         3140.0          89.84         -69.98           7.79            4.1            150        17243.6        17314.2        17389.2     -095.91526      +29.92044        -18.669          7.557         -69.98          -86.7          154.0           0.00            3.5           -2.0         20.140            0.0        17318.6      8/26/2022    10:26:44 PM       00:52:20          52 20          -81.8
         3145.0          89.38         -69.83           6.46            4.1            158        17274.0        17344.8        17419.8     -095.91535      +29.92064        -18.648          7.548         -69.83          -87.7          153.1           0.00            3.8           -1.5         20.117            0.0        17349.0      8/26/2022    10:26:49 PM       00:52:25          52 25          -82.8
         3150.0          88.95         -69.68           8.89            4.1            164        17302.6        17373.6        17448.6     -095.91537      +29.92082        -18.627          7.546         -69.68          -85.6          152.3           0.00            3.9           -1.1         20.098            0.0        17377.6      8/26/2022    10:26:54 PM       00:52:30          52 30          -80.8
         3155.0          88.53         -69.37           6.41            4.0            167        17330.6        17401.8        17476.8     -095.91535      +29.92102        -18.605          7.548         -69.37          -87.3          151.4           0.00            3.9           -0.9         20.077            0.0        17405.6      8/26/2022    10:26:59 PM       00:52:35          52 35          -82.5
         3160.0          88.14         -69.01           6.20            3.9            168        17357.0        17428.4        17503.4     -095.91534      +29.92120        -18.585          7.549         -69.01          -87.2          150.4           0.00            3.8           -0.8         20.060            0.0        17432.0      8/26/2022    10:27:04 PM       00:52:40          52 40          -82.4
         3165.0          87.74         -68.94           6.14            3.7            166        17384.4        17456.0        17531.0     -095.91535      +29.92138        -18.564          7.548         -68.94          -87.2          149.7           0.00            3.6           -0.9         20.040            0.0        17459.4      8/26/2022    10:27:09 PM       00:52:45          52 45          -82.4
         3170.0          87.33         -68.98           7.42            3.6            160        17412.3        17484.0        17559.0     -095.91540      +29.92154        -18.547          7.543         -68.98          -86.1          149.0           0.00            3.4           -1.2         20.023            0.0        17487.3      8/26/2022    10:27:14 PM       00:52:50          52 50          -81.3
         3175.0          86.88         -69.10           6.07            3.5            151        17443.2        17515.2        17590.2     -095.91548      +29.92169        -18.531          7.535         -69.10          -87.4          148.3           0.00            3.0           -1.7         20.004            0.0        17518.2      8/26/2022    10:27:19 PM       00:52:55          52 55          -82.6
         3180.0          86.44         -69.06           7.35            3.6            143        17473.6        17545.8        17620.8     -095.91559      +29.92182        -18.516          7.525         -69.06          -86.3          147.6           0.00            2.8           -2.2         19.987            0.0        17548.6      8/26/2022    10:27:24 PM       00:53:00          53  0          -81.4
         3185.0          86.00         -69.16           6.02            3.6            135        17504.0        17576.4        17651.4     -095.91572      +29.92193        -18.504          7.512         -69.16          -87.5          146.9           0.00            2.5           -2.6         19.970            0.0        17579.0      8/26/2022    10:27:29 PM       00:53:05          53  5          -82.7
         3190.0          85.55         -69.33           7.41            3.8            130        17535.6        17608.2        17683.2     -095.91588      +29.92203        -18.492          7.497         -69.33          -86.4          146.2           0.00            2.4           -2.9         19.954            0.0        17610.6      8/26/2022    10:27:34 PM       00:53:10          53 10          -81.6
         3195.0          85.10         -69.45           7.25            3.9            124        17567.2        17640.0        17715.0     -095.91606      +29.92212        -18.483          7.480         -69.45          -86.7          145.5           0.00            2.2           -3.3         19.939            0.0        17642.2      8/26/2022    10:27:39 PM       00:53:15          53 15          -81.8
         3200.0          84.64         -69.57           7.08            4.2            120        17599.0        17672.0        17747.0     -095.91623      +29.92222        -18.471          7.463         -69.57          -86.9          144.8           0.00            2.1           -3.6         19.922            0.0        17674.0      8/26/2022    10:27:44 PM       00:53:20          53 20          -82.0
         3205.0          84.20         -69.77           5.79            4.4            117        17629.9        17703.2        17778.2     -095.91641      +29.92230        -18.462          7.446         -69.77          -88.3          144.2           0.00            2.0           -3.9         19.907            0.0        17704.9      8/26/2022    10:27:49 PM       00:53:25          53 25          -83.4
         3210.0          83.77         -69.97           5.61            4.5            115        17660.7        17734.2        17809.2     -095.91660      +29.92240        -18.451          7.428         -69.97          -88.6          143.6           0.00            1.9           -4.0         19.890            0.0        17735.7      8/26/2022    10:27:54 PM       00:53:30          53 30          -83.7
         3215.0          83.33         -70.12           6.89            4.5            114        17692.1        17765.8        17840.8     -095.91684      +29.92247        -18.443          7.404         -70.12          -87.5          143.0           0.00            1.8           -4.1         19.874            0.0        17767.1      8/26/2022    10:27:59 PM       00:53:35          53 35          -82.7
         3220.0          82.88         -70.20           5.61            4.4            113        17724.1        17798.0        17873.0     -095.91709      +29.92257        -18.432          7.381         -70.20          -88.8          142.3           0.00            1.7           -4.1         19.855            0.0        17799.1      8/26/2022    10:28:04 PM       00:53:40          53 40          -83.9
         3225.0          82.43         -70.29           6.89            4.4            113        17756.3        17830.4        17905.4     -095.91733      +29.92265        -18.424          7.357         -70.29          -87.7          141.6           0.00            1.7           -4.0         19.838            0.0        17831.3      8/26/2022    10:28:09 PM       00:53:45          53 45          -82.8
         3230.0          81.99         -70.41           6.72            4.3            114        17788.0        17862.4        17937.4     -095.91755      +29.92272        -18.415          7.336         -70.41          -87.9          140.9           0.00            1.8           -3.9         19.823            0.0        17863.0      8/26/2022    10:28:14 PM       00:53:50          53 50          -83.0
         3235.0          81.55         -70.40           6.72            4.0            118        17820.0        17894.6        17969.6     -095.91774      +29.92277        -18.410          7.317         -70.40          -87.9          140.1           0.00            1.9           -3.5         19.811            0.0        17895.0      8/26/2022    10:28:19 PM       00:53:55          53 55          -83.0
         3240.0          81.12         -70.38           6.73            3.7            121        17851.8        17926.6        18001.6     -095.91792      +29.92284        -18.402          7.300         -70.38          -87.9          139.4           0.00            1.9           -3.2         19.797            0.0        17926.8      8/26/2022    10:28:24 PM       00:54:00          54  0          -83.0
         3245.0          80.70         -70.25           6.56            3.4            128        17882.4        17957.4        18032.4     -095.91808      +29.92292        -18.393          7.285         -70.25          -87.9          138.6           0.00            2.1           -2.7         19.783            0.0        17957.4      8/26/2022    10:28:29 PM       00:54:05          54  5          -83.1
         3250.0          80.30         -70.37           7.82            3.1            134        17911.8        17987.0        18062.0     -095.91821      +29.92303        -18.381          7.272         -70.37          -87.0          138.0           0.00            2.2           -2.2         19.767            0.0        17986.8      8/26/2022    10:28:34 PM       00:54:10          54 10          -82.1
         3255.0          79.89         -70.50           7.71            2.8            141        17942.4        18017.8        18092.8     -095.91831      +29.92314        -18.369          7.263         -70.50          -87.2          137.3           0.00            2.2           -1.8         19.752            0.0        18017.4      8/26/2022    10:28:39 PM       00:54:15          54 15          -82.3
         3260.0          79.49         -70.74           7.47            2.3            146        17972.3        18048.0        18123.0     -095.91840      +29.92326        -18.355          7.254         -70.74          -87.6          136.8           0.00            1.9           -1.3         19.737            0.0        18047.3      8/26/2022    10:28:44 PM       00:54:20          54 20          -82.7
         3265.0          79.10         -70.91           7.32            1.7            147        18000.9        18076.8        18151.8     -095.91844      +29.92339        -18.341          7.250         -70.91          -87.8          136.3           0.00            1.4           -0.9         19.722            0.0        18075.9      8/26/2022    10:28:49 PM       00:54:25          54 25          -82.9
         3270.0          78.70         -71.03           7.56            1.0            142        18031.1        18107.2        18182.2     -095.91847      +29.92351        -18.328          7.248         -71.03          -87.7          135.7           0.00            0.8           -0.6         19.709            0.0        18106.1      8/26/2022    10:28:54 PM       00:54:30          54 30          -82.9
         3275.0          78.32         -70.53           7.37            0.4             79        18059.5        18135.8        18210.8     -095.91847      +29.92356        -18.323          7.247         -70.53          -87.5          134.7           0.00           -0.1           -0.4         19.704            0.0        18134.5      8/26/2022    10:28:59 PM       00:54:35          54 35          -82.6
         3280.0          77.96         -70.07           7.24            1.1              5        18087.1        18163.6        18238.6     -095.91847      +29.92353        -18.325          7.248         -70.06          -87.2          133.7           0.00           -1.1           -0.1         19.707            0.0        18162.1      8/26/2022    10:29:04 PM       00:54:40          54 40          -82.3
         3285.0          77.62         -69.71           7.39            2.3            359        18113.1        18189.8        18264.8     -095.91846      +29.92344        -18.336          7.248         -69.71          -86.8          132.9           0.00           -2.3            0.0         19.716            0.0        18188.1      8/26/2022    10:29:09 PM       00:54:45          54 45          -81.9
         3290.0          77.27         -69.36           7.26            3.5            359        18139.8        18216.6        18291.6     -095.91846      +29.92331        -18.351          7.248         -69.36          -86.6          132.1           0.00           -3.5            0.1         19.730            0.0        18214.8      8/26/2022    10:29:14 PM       00:54:50          54 50          -81.7
         3295.0          76.94         -69.22           7.03            4.5            360        18165.4        18242.4        18317.4     -095.91846      +29.92312        -18.372          7.248         -69.22          -86.7          131.4           0.00           -4.5            0.0         19.750            0.0        18240.4      8/26/2022    10:29:19 PM       00:54:55          54 55          -81.8
         3300.0          76.64         -68.96           8.48            5.4              1        18189.2        18266.4        18341.4     -095.91844      +29.92287        -18.399          7.250         -68.96          -85.3          130.8           0.00           -5.4           -0.1         19.776            0.0        18264.2      8/26/2022    10:29:24 PM       00:55:00          55  0          -80.4
         3305.0          76.32         -68.65           8.36            6.0              3        18214.0        18291.4        18366.4     -095.91843      +29.92257        -18.432          7.251         -68.65          -85.1          130.0           0.00           -6.0           -0.3         19.807            0.0        18289.0      8/26/2022    10:29:29 PM       00:55:05          55  5          -80.3
         3310.0          76.01         -68.26           8.28            6.5              5        18238.5        18316.0        18391.0     -095.91843      +29.92226        -18.467          7.251         -68.26          -84.9          129.2           0.00           -6.5           -0.6         19.840            0.0        18313.5      8/26/2022    10:29:34 PM       00:55:10          55 10          -80.0
         3315.0          75.72         -68.24           6.86            6.9              8        18261.5        18339.2        18414.2     -095.91847      +29.92193        -18.504          7.248         -68.24          -86.0          128.7           0.00           -6.9           -0.9         19.872            0.0        18336.5      8/26/2022    10:29:39 PM       00:55:15          55 15          -81.1
         3320.0          75.41         -68.24           6.81            7.3             10        18286.3        18364.2        18439.2     -095.91852      +29.92160        -18.541          7.243         -68.24          -86.0          128.2           0.00           -7.2           -1.3         19.905            0.0        18361.3      8/26/2022    10:29:44 PM       00:55:20          55 20          -81.2
         3325.0          75.11         -67.94           6.58            7.6             13        18309.9        18388.0        18463.0     -095.91860      +29.92130        -18.574          7.235         -67.94          -86.0          127.5           0.00           -7.4           -1.7         19.933            0.0        18384.9      8/26/2022    10:29:49 PM       00:55:25          55 25          -81.1
         3330.0          74.81         -67.68           6.73            7.9             16        18333.8        18412.0        18487.0     -095.91872      +29.92099        -18.609          7.224         -67.68          -85.7          126.8           0.00           -7.5           -2.2         19.962            0.0        18408.8      8/26/2022    10:29:54 PM       00:55:30          55 30          -80.8
         3335.0          74.52         -67.52           6.56            8.0             20        18357.6        18436.0        18511.0     -095.91884      +29.92065        -18.646          7.212         -67.52          -85.7          126.3           0.00           -7.5           -2.8         19.992            0.0        18432.6      8/26/2022    10:29:59 PM       00:55:35          55 35          -80.8
         3340.0          74.21         -67.36           6.38            8.0             24        18382.0        18460.6        18535.6     -095.91898      +29.92029        -18.686          7.199         -67.36          -85.7          125.6           0.00           -7.3           -3.3         20.025            0.0        18457.0      8/26/2022    10:30:04 PM       00:55:40          55 40          -80.8
         3345.0          73.89         -67.40           6.69            8.0             29        18408.2        18487.0        18562.0     -095.91914      +29.91991        -18.728          7.183         -67.40          -85.5          125.1           0.00           -7.1           -3.9         20.058            0.0        18483.2      8/26/2022    10:30:09 PM       00:55:45          55 45          -80.6
         3350.0          73.56         -67.29           6.55            8.0             33        18435.2        18514.2        18589.2     -095.91935      +29.91955        -18.768          7.162         -67.29          -85.5          124.5           0.00           -6.7           -4.4         20.089            0.0        18510.2      8/26/2022    10:30:14 PM       00:55:50          55 50          -80.6
         3355.0          73.22         -66.77           6.42            7.9             37        18463.4        18542.6        18617.6     -095.91961      +29.91924        -18.803          7.138         -66.77          -85.2          123.6           0.00           -6.3           -4.8         20.112            0.0        18538.4      8/26/2022    10:30:19 PM       00:55:55          55 55          -80.3
         3360.0          72.87         -66.52           5.04            7.7             43        18492.2        18571.6        18646.6     -095.91990      +29.91898        -18.832          7.110         -66.52          -86.4          122.9           0.00           -5.6           -5.2         20.129            0.0        18567.2      8/26/2022    10:30:24 PM       00:56:00          56  0          -81.6
         3365.0          72.51         -66.49           3.63            7.4             48        18522.0        18601.6        18676.6     -095.92020      +29.91876        -18.857          7.080         -66.49          -88.4          122.2           0.00           -5.0           -5.5         20.142            0.0        18597.0      8/26/2022    10:30:29 PM       00:56:05          56  5          -83.5
         3370.0          72.15         -66.49           4.53            6.9             53        18552.2        18632.0        18707.0     -095.92053      +29.91857        -18.877          7.049         -66.49          -87.1          121.6           0.00           -4.2           -5.6         20.150            0.0        18627.2      8/26/2022    10:30:34 PM       00:56:10          56 10          -82.2
         3375.0          71.79         -66.73           4.75            6.6             57        18582.6        18662.6        18737.6     -095.92084      +29.91840        -18.897          7.019         -66.73          -87.0          121.2           0.00           -3.6           -5.6         20.158            0.0        18657.6      8/26/2022    10:30:39 PM       00:56:15          56 15          -82.1
         3380.0          71.40         -67.02           4.52            6.3             61        18615.7        18696.0        18771.0     -095.92114      +29.91827        -18.911          6.990         -67.02          -87.5          120.7           0.00           -3.1           -5.5         20.162            0.0        18690.7      8/26/2022    10:30:44 PM       00:56:20          56 20          -82.6
         3385.0          71.01         -67.18           5.92            6.0             65        18648.7        18729.2        18804.2     -095.92140      +29.91813        -18.926          6.965         -67.17          -86.0          120.1           0.00           -2.6           -5.5         20.167            0.0        18723.7      8/26/2022    10:30:49 PM       00:56:25          56 25          -81.1
         3390.0          70.63         -67.31           4.52            5.8             70        18680.5        18761.2        18836.2     -095.92166      +29.91805        -18.935          6.940         -67.31          -87.7          119.5           0.00           -2.0           -5.4         20.167            0.0        18755.5      8/26/2022    10:30:54 PM       00:56:30          56 30          -82.9
         3395.0          70.25         -67.07           4.31            5.6             76        18713.0        18794.0        18869.0     -095.92191      +29.91794        -18.947          6.915         -67.07          -87.8          118.8           0.00           -1.4           -5.4         20.170            0.0        18788.0      8/26/2022    10:30:59 PM       00:56:35          56 35          -83.0
         3400.0          69.88         -66.60           4.09            5.6             81        18745.6        18826.8        18901.8     -095.92219      +29.91788        -18.954          6.888         -66.60          -87.8          117.9           0.00           -0.9           -5.5         20.167            0.0        18820.6      8/26/2022    10:31:04 PM       00:56:40          56 40          -82.9
         3405.0          69.50         -66.35           3.87            5.6             87        18778.1        18859.6        18934.6     -095.92247      +29.91783        -18.959          6.862         -66.35          -87.9          117.1           0.00           -0.3           -5.6         20.163            0.0        18853.1      8/26/2022    10:31:09 PM       00:56:45          56 45          -83.0
         3410.0          69.11         -66.13           4.10            5.8             92        18811.9        18893.6        18968.6     -095.92278      +29.91786        -18.956          6.832         -66.13          -87.4          116.3           0.00            0.2           -5.8         20.150            0.0        18886.9      8/26/2022    10:31:14 PM       00:56:50          56 50          -82.5
         3415.0          68.74         -66.08           4.00            6.0             97        18845.1        18927.0        19002.0     -095.92309      +29.91789        -18.953          6.802         -66.08          -87.5          115.6           0.00            0.8           -5.9         20.136            0.0        18920.1      8/26/2022    10:31:19 PM       00:56:55          56 55          -82.6
         3420.0          68.35         -66.21           5.55            6.0            102        18879.4        18961.6        19036.6     -095.92342      +29.91796        -18.946          6.770         -66.21          -85.6          115.1           0.00            1.2           -5.9         20.119            0.0        18954.4      8/26/2022    10:31:24 PM       00:57:00          57  0          -80.8
         3425.0          68.00         -66.44           3.81            6.0            105        18910.6        18993.0        19068.0     -095.92374      +29.91801        -18.939          6.740         -66.44          -88.0          114.6           0.00            1.5           -5.8         20.103            0.0        18985.6      8/26/2022    10:31:29 PM       00:57:05          57  5          -83.2
         3430.0          67.63         -66.50           4.11            5.8            105        18943.1        19025.8        19100.8     -095.92407      +29.91812        -18.927          6.708         -66.50          -87.6          114.0           0.00            1.5           -5.6         20.081            0.0        19018.1      8/26/2022    10:31:34 PM       00:57:10          57 10          -82.8
         3435.0          67.26         -66.57           3.92            5.6            105        18976.3        19059.2        19134.2     -095.92437      +29.91822        -18.916          6.679         -66.57          -88.0          113.4           0.00            1.5           -5.4         20.060            0.0        19051.3      8/26/2022    10:31:39 PM       00:57:15          57 15          -83.1
         3440.0          66.90         -66.26           3.70            5.3            104        19008.7        19091.8        19166.8     -095.92464      +29.91832        -18.905          6.653         -66.26          -88.1          112.7           0.00            1.3           -5.1         20.041            0.0        19083.7      8/26/2022    10:31:44 PM       00:57:20          57 20          -83.2
         3445.0          66.55         -65.93           5.02            5.1            102        19040.6        19124.0        19199.0     -095.92486      +29.91837        -18.899          6.631         -65.93          -86.0          111.9           0.00            1.1           -5.0         20.029            0.0        19115.6      8/26/2022    10:31:49 PM       00:57:25          57 25          -81.1
         3450.0          66.20         -65.89           3.58            5.0             98        19072.6        19156.2        19231.2     -095.92509      +29.91841        -18.895          6.609         -65.89          -88.0          111.3           0.00            0.7           -4.9         20.018            0.0        19147.6      8/26/2022    10:31:54 PM       00:57:30          57 30          -83.1
         3455.0          65.86         -65.96           3.40            5.1             92        19104.1        19188.0        19263.0     -095.92532      +29.91842        -18.894          6.587         -65.96          -88.3          110.7           0.00            0.2           -5.1         20.009            0.0        19179.1      8/26/2022    10:31:59 PM       00:57:35          57 35          -83.5
         3460.0          65.52         -66.22           3.01            5.4             88        19135.7        19219.8        19294.8     -095.92555      +29.91842        -18.894          6.565         -66.22          -89.3          110.3           0.00           -0.2           -5.4         20.002            0.0        19210.7      8/26/2022    10:32:04 PM       00:57:40          57 40          -84.4
         3465.0          65.19         -66.30           3.15            5.9             87        19165.7        19250.0        19325.0     -095.92580      +29.91840        -18.896          6.540         -66.30          -89.0          109.8           0.00           -0.4           -5.9         19.996            0.0        19240.7      8/26/2022    10:32:09 PM       00:57:45          57 45          -84.2
         3470.0          64.85         -66.31           2.97            6.5             87        19197.8        19282.4        19357.4     -095.92612      +29.91836        -18.900          6.510         -66.31          -89.4          109.2           0.00           -0.3           -6.5         19.990            0.0        19272.8      8/26/2022    10:32:14 PM       00:57:50          57 50          -84.5
         3475.0          64.52         -65.82           4.42            7.1             89        19228.4        19313.2        19388.2     -095.92648      +29.91830        -18.908          6.475         -65.82          -86.7          108.4           0.00           -0.1           -7.1         19.986            0.0        19303.4      8/26/2022    10:32:19 PM       00:57:55          57 55          -81.8
         3480.0          64.21         -65.43           3.03            7.8             92        19257.6        19342.6        19417.6     -095.92690      +29.91826        -18.912          6.435         -65.43          -88.6          107.7           0.00            0.2           -7.8         19.977            0.0        19332.6      8/26/2022    10:32:24 PM       00:58:00          58  0          -83.7
         3485.0          63.91         -65.30           4.10            8.5             94        19286.6        19371.8        19446.8     -095.92732      +29.91825        -18.913          6.395         -65.30          -86.7          107.1           0.00            0.6           -8.5         19.965            0.0        19361.6      8/26/2022    10:32:29 PM       00:58:05          58  5          -81.8
         3490.0          63.61         -64.76           2.67            9.1             97        19315.2        19400.6        19475.6     -095.92777      +29.91831        -18.907          6.351         -64.76          -88.8          106.3           0.00            1.1           -9.1         19.945            0.0        19390.2      8/26/2022    10:32:34 PM       00:58:10          58 10          -83.9
         3495.0          63.31         -64.41           4.15            9.7            100        19343.8        19429.4        19504.4     -095.92827      +29.91839        -18.898          6.303         -64.41          -85.9          105.7           0.00            1.6           -9.5         19.921            0.0        19418.8      8/26/2022    10:32:39 PM       00:58:15          58 15          -81.1
         3500.0          63.01         -64.47           2.74           10.0            102        19373.1        19459.0        19534.0     -095.92878      +29.91850        -18.885          6.253         -64.47          -88.4          105.2           0.00            2.0           -9.8         19.894            0.0        19448.1      8/26/2022    10:32:44 PM       00:58:20          58 20          -83.6
         3505.0          62.70         -64.33           4.19           10.3            103        19402.9        19489.0        19564.0     -095.92933      +29.91861        -18.872          6.200         -64.33          -85.8          104.6           0.00            2.3          -10.0         19.865            0.0        19477.9      8/26/2022    10:32:49 PM       00:58:25          58 25          -80.9
         3510.0          62.42         -64.43           4.05           10.4            103        19430.3        19516.6        19591.6     -095.92988      +29.91876        -18.856          6.148         -64.43          -86.1          104.2           0.00            2.4          -10.1         19.833            0.0        19505.3      8/26/2022    10:32:54 PM       00:58:30          58 30          -81.2
         3515.0          62.15         -64.53           2.69           10.4            103        19457.3        19543.8        19618.8     -095.93043      +29.91888        -18.842          6.095         -64.53          -88.6          103.8           0.00            2.4          -10.1         19.804            0.0        19532.3      8/26/2022    10:32:59 PM       00:58:35          58 35          -83.7
         3520.0          61.88         -64.33           2.87           10.2            102        19483.1        19569.8        19644.8     -095.93095      +29.91899        -18.830          6.044         -64.33          -88.1          103.2           0.00            2.2          -10.0         19.776            0.0        19558.1      8/26/2022    10:33:04 PM       00:58:40          58 40          -83.2
         3525.0          61.61         -64.27           2.64            9.8            101        19509.7        19596.6        19671.6     -095.93147      +29.91908        -18.820          5.994         -64.27          -88.5          102.8           0.00            1.8           -9.7         19.752            0.0        19584.7      8/26/2022    10:33:09 PM       00:58:45          58 45          -83.6
         3530.0          61.36         -64.33           2.39            9.4             97        19534.7        19621.8        19696.8     -095.93197      +29.91918        -18.810          5.946         -64.33          -89.1          102.4           0.00            1.2           -9.3         19.727            0.0        19609.7      8/26/2022    10:33:14 PM       00:58:50          58 50          -84.3
         3535.0          61.10         -64.20           1.02            9.0             94        19560.5        19647.8        19722.8     -095.93246      +29.91926        -18.801          5.899         -64.20          -93.9          101.9           0.00            0.6           -9.0         19.705            0.0        19635.5      8/26/2022    10:33:19 PM       00:58:55          58 55          -89.0
         3540.0          60.86         -64.02           2.42            8.8             90        19584.7        19672.2        19747.2     -095.93292      +29.91928        -18.798          5.854         -64.02          -88.8          101.4           0.00            0.0           -8.8         19.688            0.0        19659.7      8/26/2022    10:33:24 PM       00:59:00          59  0          -84.0
         3545.0          60.64         -64.01           2.87            8.7             86        19607.0        19694.6        19769.6     -095.93335      +29.91927        -18.799          5.813         -64.01          -87.8          101.0           0.00           -0.6           -8.6         19.678            0.0        19682.0      8/26/2022    10:33:29 PM       00:59:05          59  5          -82.9
         3550.0          60.41         -63.93           4.12            8.7             81        19630.6        19718.4        19793.4     -095.93375      +29.91920        -18.807          5.775         -63.93          -85.6          100.6           0.00           -1.4           -8.6         19.674            0.0        19705.6      8/26/2022    10:33:34 PM       00:59:10          59 10          -80.7
         3555.0          60.17         -63.80           2.75            9.0             76        19655.0        19743.0        19818.0     -095.93417      +29.91912        -18.817          5.734         -63.80          -87.9          100.1           0.00           -2.2           -8.7         19.671            0.0        19730.0      8/26/2022    10:33:39 PM       00:59:15          59 15          -83.0
         3560.0          59.94         -63.62           2.39            9.3             72        19677.8        19766.0        19841.0     -095.93459      +29.91901        -18.828          5.693         -63.62          -88.6           99.7           0.00           -2.8           -8.8         19.670            0.0        19752.8      8/26/2022    10:33:44 PM       00:59:20          59 20          -83.7
         3565.0          59.72         -63.41           2.73            9.6             71        19701.1        19789.4        19864.4     -095.93505      +29.91886        -18.845          5.649         -63.41          -87.7           99.2           0.00           -3.2           -9.0         19.674            0.0        19776.1      8/26/2022    10:33:49 PM       00:59:25          59 25          -82.8
         3570.0          59.49         -63.31           2.59            9.9             70        19724.3        19812.8        19887.8     -095.93555      +29.91867        -18.866          5.601         -63.31          -87.9           98.8           0.00           -3.4           -9.3         19.680            0.0        19799.3      8/26/2022    10:33:54 PM       00:59:30          59 30          -83.0
         3575.0          59.27         -62.92           4.00           10.1             70        19746.9        19835.6        19910.6     -095.93607      +29.91846        -18.889          5.551         -62.92          -85.0           98.2           0.00           -3.5           -9.5         19.688            0.0        19821.9      8/26/2022    10:33:59 PM       00:59:35          59 35          -80.1
         3580.0          59.04         -62.65           2.64           10.3             70        19771.1        19860.0        19935.0     -095.93659      +29.91828        -18.910          5.501         -62.65          -87.3           97.7           0.00           -3.5           -9.7         19.693            0.0        19846.1      8/26/2022    10:34:04 PM       00:59:40          59 40          -82.4
         3585.0          58.80         -62.40           1.41           10.3             72        19796.3        19885.4        19960.4     -095.93710      +29.91813        -18.927          5.452         -62.40          -90.7           97.2           0.00           -3.2           -9.8         19.696            0.0        19871.3      8/26/2022    10:34:09 PM       00:59:45          59 45          -85.9
         3590.0          58.57         -62.36           2.27           10.1             75        19820.7        19910.0        19985.0     -095.93760      +29.91799        -18.942          5.403         -62.36          -87.9           96.8           0.00           -2.7           -9.8         19.698            0.0        19895.7      8/26/2022    10:34:14 PM       00:59:50          59 50          -83.1
         3595.0          58.32         -62.53           2.43            9.8             78        19846.9        19936.4        20011.4     -095.93811      +29.91786        -18.956          5.354         -62.53          -87.7           96.5           0.00           -2.0           -9.6         19.698            0.0        19921.9      8/26/2022    10:34:19 PM       00:59:55          59 55          -82.8
         3600.0          58.07         -62.81           1.49            9.5             81        19873.5        19963.2        20038.2     -095.93862      +29.91776        -18.967          5.305         -62.81          -90.7           96.2           0.00           -1.4           -9.3         19.695            0.0        19948.5      8/26/2022    10:34:24 PM       01:00:00          60  0          -85.9
         3605.0          57.83         -63.02           1.58            9.2             85        19899.1        19989.0        20064.0     -095.93914      +29.91772        -18.972          5.255         -63.02          -90.5           95.9           0.00           -0.7           -9.1         19.686            0.0        19974.1      8/26/2022    10:34:29 PM       01:00:05          60  5          -85.7
         3610.0          57.58         -63.30           1.39            8.8             90        19925.1        20015.2        20090.2     -095.93960      +29.91770        -18.974          5.210         -63.30          -91.5           95.6           0.00           -0.1           -8.8         19.676            0.0        20000.1      8/26/2022    10:34:34 PM       01:00:10          60 10          -86.6
         3615.0          57.34         -63.16           1.19            8.5             95        19950.7        20041.0        20116.0     -095.94005      +29.91774        -18.970          5.167         -63.16          -92.2           95.1           0.00            0.8           -8.5         19.661            0.0        20025.7      8/26/2022    10:34:39 PM       01:00:15          60 15          -87.4
         3620.0          57.11         -62.83           1.21            8.2            102        19976.1        20066.6        20141.6     -095.94047      +29.91777        -18.966          5.127         -62.82          -91.9           94.6           0.00            1.7           -8.0         19.647            0.0        20051.1      8/26/2022    10:34:44 PM       01:00:20          60 20          -87.0
         3625.0          56.86         -62.77           0.96            7.9            108        20002.9        20093.6        20168.6     -095.94089      +29.91786        -18.956          5.086         -62.77          -92.9           94.2           0.00            2.5           -7.5         19.627            0.0        20077.9      8/26/2022    10:34:49 PM       01:00:25          60 25          -88.1
         3630.0          56.61         -62.77           2.27            7.7            116        20030.1        20121.0        20196.0     -095.94127      +29.91797        -18.945          5.050         -62.77          -88.2           93.7           0.00            3.3           -6.9         19.606            0.0        20105.1      8/26/2022    10:34:54 PM       01:00:30          60 30          -83.4
         3635.0          56.36         -62.89           0.88            7.5            122        20056.9        20148.0        20223.0     -095.94163      +29.91814        -18.926          5.015         -62.89          -93.0           93.4           0.00            4.0           -6.4         19.579            0.0        20131.9      8/26/2022    10:34:59 PM       01:00:35          60 35          -88.2
         3640.0          56.11         -62.61           0.64            7.4            129        20084.3        20175.6        20250.6     -095.94194      +29.91835        -18.901          4.985         -62.61          -92.8           92.9           0.00            4.7           -5.8         19.548            0.0        20159.3      8/26/2022    10:35:04 PM       01:00:40          60 40          -88.0
         3645.0          55.87         -62.43           2.08            7.4            134        20111.3        20202.8        20277.8     -095.94223      +29.91862        -18.872          4.957         -62.43          -88.5           92.4           0.00            5.1           -5.3         19.512            0.0        20186.3      8/26/2022    10:35:09 PM       01:00:45          60 45          -83.6
         3650.0          55.61         -62.13           0.82            7.3            137        20139.7        20231.4        20306.4     -095.94247      +29.91889        -18.842          4.933         -62.13          -92.5           91.8           0.00            5.4           -5.0         19.477            0.0        20214.7      8/26/2022    10:35:14 PM       01:00:50          60 50          -87.6
         3655.0          55.36         -61.51           2.24            7.1            139        20167.9        20259.8        20334.8     -095.94269      +29.91917        -18.810          4.912         -61.51          -87.4           91.1           0.00            5.4           -4.7         19.441            0.0        20242.9      8/26/2022    10:35:19 PM       01:00:55          60 55          -82.5
         3660.0          55.12         -60.86           2.14            6.9            138        20195.3        20287.4        20362.4     -095.94288      +29.91944        -18.780          4.895         -60.86          -87.2           90.4           0.00            5.2           -4.6         19.407            0.0        20270.3      8/26/2022    10:35:24 PM       01:01:00          61  0          -82.3
         3665.0          54.87         -60.92           2.37            6.6            136        20223.2        20315.6        20390.6     -095.94310      +29.91969        -18.753          4.873         -60.92          -86.6           90.1           0.00            4.8           -4.5         19.376            0.0        20298.2      8/26/2022    10:35:29 PM       01:01:05          61  5          -81.7
         3670.0          54.62         -60.91           0.67            6.3            132        20251.6        20344.2        20419.2     -095.94333      +29.91989        -18.731          4.851         -60.91          -91.6           89.7           0.00            4.2           -4.7         19.349            0.0        20326.6      8/26/2022    10:35:34 PM       01:01:10          61 10          -86.7
         3675.0          54.36         -60.89           2.02            6.0            126        20280.6        20373.4        20448.4     -095.94358      +29.92007        -18.711          4.827         -60.89          -87.5           89.2           0.00            3.5           -4.9         19.323            0.0        20355.6      8/26/2022    10:35:39 PM       01:01:15          61 15          -82.6
         3680.0          54.10         -61.11           0.70            5.9            119        20310.8        20403.8        20478.8     -095.94384      +29.92021        -18.694          4.802         -61.11          -91.7           88.9           0.00            2.9           -5.1         19.301            0.0        20385.8      8/26/2022    10:35:44 PM       01:01:20          61 20          -86.9
         3685.0          53.84         -61.22           0.10            5.7            112        20340.5        20433.8        20508.8     -095.94412      +29.92033        -18.682          4.775         -61.22          -91.8           88.5           0.00            2.1           -5.3         19.283            0.0        20415.5      8/26/2022    10:35:49 PM       01:01:25          61 25          -87.0
         3690.0          53.58         -61.25           0.60            5.7            105        20370.7        20464.2        20539.2     -095.94441      +29.92040        -18.673          4.747         -61.25          -91.8           88.1           0.00            1.5           -5.5         19.267            0.0        20445.7      8/26/2022    10:35:54 PM       01:01:30          61 30          -87.0
         3695.0          53.32         -61.27           0.49            5.8             97        20400.4        20494.2        20569.2     -095.94471      +29.92045        -18.668          4.718         -61.27          -91.8           87.7           0.00            0.7           -5.7         19.255            0.0        20475.4      8/26/2022    10:35:59 PM       01:01:35          61 35          -87.0
         3700.0          53.07         -61.43           0.24            6.1             92        20430.2        20524.2        20599.2     -095.94500      +29.92047        -18.666          4.690         -61.43          -92.0           87.3           0.00            0.2           -6.1         19.246            0.0        20505.2      8/26/2022    10:36:04 PM       01:01:40          61 40          -87.1
         3705.0          52.81         -61.51           0.34            6.4             87        20461.0        20555.2        20630.2     -095.94529      +29.92044        -18.670          4.662         -61.51          -92.0           86.9           0.00           -0.4           -6.4         19.243            0.0        20536.0      8/26/2022    10:36:09 PM       01:01:45          61 45          -87.2
         3710.0          52.55         -61.60           0.11            6.9             83        20491.1        20585.6        20660.6     -095.94561      +29.92042        -18.672          4.631         -61.60          -92.1           86.5           0.00           -0.9           -6.8         19.238            0.0        20566.1      8/26/2022    10:36:14 PM       01:01:50          61 50          -87.2
         3715.0          52.30         -61.71           1.35            7.4             80        20520.3        20615.0        20690.0     -095.94596      +29.92034        -18.681          4.598         -61.71          -90.5           86.2           0.00           -1.3           -7.3         19.238            0.0        20595.3      8/26/2022    10:36:19 PM       01:01:55          61 55          -85.6
         3720.0          52.05         -61.91           0.10            8.1             78        20550.3        20645.2        20720.2     -095.94635      +29.92029        -18.686          4.560         -61.91          -92.3           85.8           0.00           -1.7           -7.9         19.234            0.0        20625.3      8/26/2022    10:36:24 PM       01:02:00          62  0          -87.5
         3725.0          51.80         -62.20           0.10            8.6             79        20579.8        20675.0        20750.0     -095.94676      +29.92019        -18.697          4.520         -62.20          -92.5           85.5           0.00           -1.7           -8.5         19.236            0.0        20654.8      8/26/2022    10:36:29 PM       01:02:05          62  5          -87.7
         3730.0          51.56         -62.21           1.07            9.0             79        20608.6        20704.0        20779.0     -095.94724      +29.92009        -18.709          4.474         -62.21          -92.2           85.2           0.00           -1.7           -8.8         19.236            0.0        20683.6      8/26/2022    10:36:34 PM       01:02:10          62 10          -87.3
         3735.0          51.32         -62.31           0.88            9.2             80        20637.4        20733.0        20808.0     -095.94774      +29.91996        -18.722          4.425         -62.31          -92.6           84.8           0.00           -1.6           -9.1         19.238            0.0        20712.4      8/26/2022    10:36:39 PM       01:02:15          62 15          -87.7
         3740.0          51.08         -62.27           0.92            9.2             81        20666.0        20761.8        20836.8     -095.94828      +29.91988        -18.732          4.374         -62.27          -92.6           84.4           0.00           -1.5           -9.1         19.236            0.0        20741.0      8/26/2022    10:36:44 PM       01:02:20          62 20          -87.7
         3745.0          50.86         -62.08           1.01            9.2             82        20693.5        20789.6        20864.6     -095.94880      +29.91983        -18.738          4.324         -62.08          -92.3           83.9           0.00           -1.3           -9.1         19.230            0.0        20768.5      8/26/2022    10:36:49 PM       01:02:25          62 25          -87.5
         3750.0          50.61         -62.10           2.30            9.0             83        20722.9        20819.2        20894.2     -095.94926      +29.91979        -18.741          4.279         -62.10          -87.7           83.5           0.00           -1.1           -8.9         19.223            0.0        20797.9      8/26/2022    10:36:54 PM       01:02:30          62 30          -82.8
         3755.0          50.37         -62.25           2.15            8.9             84        20752.5        20849.0        20924.0     -095.94972      +29.91976        -18.744          4.235         -62.25          -88.2           83.2           0.00           -0.9           -8.8         19.217            0.0        20827.5      8/26/2022    10:36:59 PM       01:02:35          62 35          -83.3
         3760.0          50.13         -62.51           2.02            8.8             84        20781.8        20878.6        20953.6     -095.95013      +29.91975        -18.746          4.195         -62.51          -88.7           82.9           0.00           -0.9           -8.8         19.210            0.0        20856.8      8/26/2022    10:37:04 PM       01:02:40          62 40          -83.9
         3765.0          49.90         -62.71           0.77            8.9             84        20811.0        20908.0        20983.0     -095.95053      +29.91972        -18.749          4.156         -62.71          -92.9           82.6           0.00           -1.0           -8.8         19.205            0.0        20886.0      8/26/2022    10:37:09 PM       01:02:45          62 45          -88.0
         3770.0          49.66         -62.71           2.15            9.2             83        20840.0        20937.2        21012.2     -095.95095      +29.91968        -18.753          4.117         -62.71          -88.5           82.2           0.00           -1.1           -9.1         19.200            0.0        20915.0      8/26/2022    10:37:14 PM       01:02:50          62 50          -83.7
         3775.0          49.44         -62.36           2.01            9.6             82        20868.1        20965.6        21040.6     -095.95141      +29.91962        -18.760          4.072         -62.36          -88.6           81.7           0.00           -1.4           -9.5         19.197            0.0        20943.1      8/26/2022    10:37:19 PM       01:02:55          62 55          -83.8
         3780.0          49.21         -62.06           1.89           10.2             81        20896.9        20994.6        21069.6     -095.95193      +29.91956        -18.767          4.022         -62.06          -88.8           81.2           0.00           -1.6          -10.1         19.193            0.0        20971.9      8/26/2022    10:37:24 PM       01:03:00          63  0          -83.9
         3785.0          48.98         -62.10           1.75           11.0             80        20925.9        21023.8        21098.8     -095.95247      +29.91947        -18.777          3.970         -62.10          -89.3           80.8           0.00           -1.8          -10.8         19.192            0.0        21000.9      8/26/2022    10:37:29 PM       01:03:05          63  5          -84.4
         3790.0          48.75         -62.10           1.65           11.8             80        20954.7        21052.8        21127.8     -095.95305      +29.91938        -18.787          3.914         -62.10          -89.6           80.5           0.00           -2.0          -11.6         19.190            0.0        21029.7      8/26/2022    10:37:34 PM       01:03:10          63 10          -84.7
         3795.0          48.52         -62.06           1.95           12.4             80        20984.0        21082.4        21157.4     -095.95367      +29.91927        -18.800          3.854         -62.06          -88.6           80.1           0.00           -2.2          -12.2         19.191            0.0        21059.0      8/26/2022    10:37:39 PM       01:03:15          63 15          -83.7
         3800.0          48.28         -62.01           1.81           12.8             80        21014.2        21112.8        21187.8     -095.95432      +29.91917        -18.811          3.791         -62.01          -89.0           79.7           0.00           -2.3          -12.6         19.189            0.0        21089.2      8/26/2022    10:37:44 PM       01:03:20          63 20          -84.1
         3805.0          48.05         -62.14           1.68           12.8             79        21043.5        21142.4        21217.4     -095.95503      +29.91906        -18.823          3.723         -62.14          -89.5           79.3           0.00           -2.3          -12.6         19.188            0.0        21118.5      8/26/2022    10:37:49 PM       01:03:25          63 25          -84.7
